date_collected,calendar_year,marketing_year,calendar_month,marketing_year_month,commodity,country,attribute,amount,unit
09-21-2026,2026,2027,9,12,soybean-meal,taiwan,Beginning Stocks,38.0,1000 Metric Tons
09-21-2026,2026,2027,9,12,soybean-meal,united-states,Domestic Consumption,39916.0,1000 Metric Tons
09-21-2026,2026,2027,9,12,soybean-meal,mexico,Exports,1.0,1000 Metric Tons
09-21-2026,2026,2027,9,12,soybean-meal,mexico,Total Supply,9009.0,1000 Metric Tons
09-21-2026,2026,2027,9,12,soybean-meal,mexico,Imports,3150.0,1000 Metric Tons
09-21-2026,2026,2027,9,12,soybean-meal,mexico,Production,5490.0,1000 Metric Tons
09-21-2026,2026,2027,9,12,soybean-meal,mexico,Beginning Stocks,369.0,1000 Metric Tons
09-21-2026,2026,2027,9,12,soybean-meal,mexico,Extraction Rate,0.7899,Percentage (%)
09-21-2026,2026,2027,9,12,soybean-meal,mexico,Crush,6950.0,1000 Metric Tons
09-21-2026,2026,2027,9,12,soybean-meal,united-states,Soybean Meal Equivalent,39916.0,1000 Metric Tons
09-21-2026,2026,2027,9,12,soybean-meal,united-states,Total Distribution,60917.0,1000 Metric Tons
09-21-2026,2026,2027,9,12,soybean-meal,united-states,Ending Stocks,408.0,1000 Metric Tons
09-21-2026,2026,2027,9,12,soybean-meal,united-states,Feed Waste Domestic Consumption,39916.0,1000 Metric Tons
09-21-2026,2026,2027,9,12,soybean-oil,colombia,Crush,570.0,1000 Metric Tons
09-21-2026,2026,2027,9,12,soybean-meal,united-states,Food Use Domestic Consumption,0.0,1000 Metric Tons
09-21-2026,2026,2027,9,12,soybean-meal,united-states,Industrial Domestic Consumption,0.0,1000 Metric Tons
09-21-2026,2026,2027,9,12,soybean-meal,united-states,Exports,20593.0,1000 Metric Tons
09-21-2026,2026,2027,9,12,soybean-meal,united-states,Total Supply,60917.0,1000 Metric Tons
09-21-2026,2026,2027,9,12,soybean-meal,united-states,Imports,816.0,1000 Metric Tons
09-21-2026,2026,2027,9,12,soybean-meal,united-states,Production,59693.0,1000 Metric Tons
09-21-2026,2026,2027,9,12,soybean-meal,united-states,Beginning Stocks,408.0,1000 Metric Tons
09-21-2026,2026,2027,9,12,soybean-meal,united-states,Extraction Rate,0.789,Percentage (%)
09-21-2026,2026,2027,9,12,soybean-meal,united-states,Crush,75659.0,1000 Metric Tons
09-21-2026,2026,2027,9,12,soybean-oil,united-states,Crush,75659.0,1000 Metric Tons
09-21-2026,2026,2027,9,12,soybean-meal,mexico,Industrial Domestic Consumption,0.0,1000 Metric Tons
09-21-2026,2026,2027,9,12,soybean-meal,mexico,Food Use Domestic Consumption,50.0,1000 Metric Tons
09-21-2026,2026,2027,9,12,soybean-meal,mexico,Feed Waste Domestic Consumption,8625.0,1000 Metric Tons
09-21-2026,2026,2027,9,12,soybean-meal,mexico,Domestic Consumption,8675.0,1000 Metric Tons
09-21-2026,2026,2027,9,12,soybean-meal,south-korea,Production,723.0,1000 Metric Tons
09-21-2026,2026,2027,9,12,soybean-meal,south-korea,Beginning Stocks,202.0,1000 Metric Tons
09-21-2026,2026,2027,9,12,soybean-meal,south-korea,Extraction Rate,0.7945,Percentage (%)
09-21-2026,2026,2027,9,12,soybean-meal,south-korea,Crush,910.0,1000 Metric Tons
09-21-2026,2026,2027,9,12,soybean-meal,japan,Soybean Meal Equivalent,3085.0,1000 Metric Tons
09-21-2026,2026,2027,9,12,soybean-meal,japan,Total Distribution,3588.0,1000 Metric Tons
09-21-2026,2026,2027,9,12,soybean-meal,japan,Ending Stocks,92.0,1000 Metric Tons
09-21-2026,2026,2027,9,12,soybean-meal,japan,Domestic Consumption,3495.0,1000 Metric Tons
09-21-2026,2026,2027,9,12,soybean-meal,japan,Feed Waste Domestic Consumption,3085.0,1000 Metric Tons
09-21-2026,2026,2027,9,12,soybean-meal,japan,Food Use Domestic Consumption,200.0,1000 Metric Tons
09-21-2026,2026,2027,9,12,soybean-meal,japan,Industrial Domestic Consumption,210.0,1000 Metric Tons
09-21-2026,2026,2027,9,12,soybean-meal,japan,Exports,1.0,1000 Metric Tons
09-21-2026,2026,2027,9,12,soybean-meal,japan,Total Supply,3588.0,1000 Metric Tons
09-21-2026,2026,2027,9,12,soybean-meal,japan,Imports,1625.0,1000 Metric Tons
09-21-2026,2026,2027,9,12,soybean-meal,japan,Production,1875.0,1000 Metric Tons
09-21-2026,2026,2027,9,12,soybean-meal,japan,Beginning Stocks,88.0,1000 Metric Tons
09-21-2026,2026,2027,9,12,soybean-meal,japan,Extraction Rate,0.75,Percentage (%)
09-21-2026,2026,2027,9,12,soybean-meal,japan,Crush,2500.0,1000 Metric Tons
09-21-2026,2026,2027,9,12,soybean-meal,mexico,Soybean Meal Equivalent,8625.0,1000 Metric Tons
09-21-2026,2026,2027,9,12,soybean-meal,mexico,Total Distribution,9009.0,1000 Metric Tons
09-21-2026,2026,2027,9,12,soybean-meal,mexico,Ending Stocks,333.0,1000 Metric Tons
09-21-2026,2026,2027,9,12,soybean-oil,united-states,Extraction Rate,0.1975,Percentage (%)
09-21-2026,2026,2027,9,12,soybean-oil,united-states,Beginning Stocks,833.0,1000 Metric Tons
09-21-2026,2026,2027,9,12,soybean-oil,united-states,Production,14944.0,1000 Metric Tons
09-21-2026,2026,2027,9,12,soybean-oil,japan,Beginning Stocks,22.0,1000 Metric Tons
09-21-2026,2026,2027,9,12,soybean-oil,japan,Imports,2.0,1000 Metric Tons
09-21-2026,2026,2027,9,12,soybean-oil,japan,Total Supply,535.0,1000 Metric Tons
09-21-2026,2026,2027,9,12,soybean-oil,japan,Exports,0.0,1000 Metric Tons
09-21-2026,2026,2027,9,12,soybean-oil,japan,Industrial Domestic Consumption,40.0,1000 Metric Tons
09-21-2026,2026,2027,9,12,soybean-oil,japan,Food Use Domestic Consumption,475.0,1000 Metric Tons
09-21-2026,2026,2027,9,12,soybean-oil,japan,Feed Waste Domestic Consumption,0.0,1000 Metric Tons
09-21-2026,2026,2027,9,12,soybean-oil,japan,Domestic Consumption,515.0,1000 Metric Tons
09-21-2026,2026,2027,9,12,soybean-oil,japan,Ending Stocks,20.0,1000 Metric Tons
09-21-2026,2026,2027,9,12,soybean-oil,japan,Total Distribution,535.0,1000 Metric Tons
09-21-2026,2026,2027,9,12,soybean-oil,south-korea,Crush,910.0,1000 Metric Tons
09-21-2026,2026,2027,9,12,soybean-oil,south-korea,Extraction Rate,0.211,Percentage (%)
09-21-2026,2026,2027,9,12,soybean-oil,south-korea,Beginning Stocks,101.0,1000 Metric Tons
09-21-2026,2026,2027,9,12,soybean-oil,south-korea,Production,192.0,1000 Metric Tons
09-21-2026,2026,2027,9,12,soybean-oil,south-korea,Imports,460.0,1000 Metric Tons
09-21-2026,2026,2027,9,12,soybean-oil,south-korea,Total Supply,753.0,1000 Metric Tons
09-21-2026,2026,2027,9,12,soybean-oil,south-korea,Exports,2.0,1000 Metric Tons
09-21-2026,2026,2027,9,12,soybean-oil,south-korea,Industrial Domestic Consumption,35.0,1000 Metric Tons
09-21-2026,2026,2027,9,12,soybean-oil,south-korea,Food Use Domestic Consumption,615.0,1000 Metric Tons
09-21-2026,2026,2027,9,12,soybean-oil,south-korea,Feed Waste Domestic Consumption,0.0,1000 Metric Tons
09-21-2026,2026,2027,9,12,soybean-oil,south-korea,Domestic Consumption,650.0,1000 Metric Tons
09-21-2026,2026,2027,9,12,soybean-oil,south-korea,Ending Stocks,101.0,1000 Metric Tons
09-21-2026,2026,2027,9,12,soybean-oil,japan,Production,511.0,1000 Metric Tons
09-21-2026,2026,2027,9,12,soybean-oil,japan,Extraction Rate,0.2044,Percentage (%)
09-21-2026,2026,2027,9,12,soybean-oil,united-states,Imports,272.0,1000 Metric Tons
09-21-2026,2026,2027,9,12,soybean-oil,japan,Crush,2500.0,1000 Metric Tons
09-21-2026,2026,2027,9,12,soybean-oil,united-states,Total Supply,16049.0,1000 Metric Tons
09-21-2026,2026,2027,9,12,soybean-oil,united-states,Exports,181.0,1000 Metric Tons
09-21-2026,2026,2027,9,12,soybean-oil,united-states,Industrial Domestic Consumption,8074.0,1000 Metric Tons
09-21-2026,2026,2027,9,12,soybean-oil,united-states,Food Use Domestic Consumption,6943.0,1000 Metric Tons
09-21-2026,2026,2027,9,12,soybean-oil,united-states,Feed Waste Domestic Consumption,0.0,1000 Metric Tons
09-21-2026,2026,2027,9,12,soybean-oil,united-states,Domestic Consumption,15017.0,1000 Metric Tons
09-21-2026,2026,2027,9,12,soybean-oil,united-states,Ending Stocks,851.0,1000 Metric Tons
09-21-2026,2026,2027,9,12,soybean-oil,united-states,Total Distribution,16049.0,1000 Metric Tons
09-21-2026,2026,2027,9,12,soybean-oil,mexico,Crush,6950.0,1000 Metric Tons
09-21-2026,2026,2027,9,12,soybean-oil,mexico,Extraction Rate,0.1845,Percentage (%)
09-21-2026,2026,2027,9,12,soybean-oil,mexico,Beginning Stocks,188.0,1000 Metric Tons
09-21-2026,2026,2027,9,12,soybean-oil,mexico,Production,1282.0,1000 Metric Tons
09-21-2026,2026,2027,9,12,soybean-oil,mexico,Imports,200.0,1000 Metric Tons
09-21-2026,2026,2027,9,12,soybean-oil,mexico,Total Supply,1670.0,1000 Metric Tons
09-21-2026,2026,2027,9,12,soybean-oil,mexico,Exports,40.0,1000 Metric Tons
09-21-2026,2026,2027,9,12,soybean-oil,mexico,Industrial Domestic Consumption,0.0,1000 Metric Tons
09-21-2026,2026,2027,9,12,soybean-oil,mexico,Food Use Domestic Consumption,1440.0,1000 Metric Tons
09-21-2026,2026,2027,9,12,soybean-oil,mexico,Feed Waste Domestic Consumption,0.0,1000 Metric Tons
09-21-2026,2026,2027,9,12,soybean-oil,mexico,Domestic Consumption,1440.0,1000 Metric Tons
09-21-2026,2026,2027,9,12,soybean-oil,mexico,Ending Stocks,190.0,1000 Metric Tons
09-21-2026,2026,2027,9,12,soybean-oil,mexico,Total Distribution,1670.0,1000 Metric Tons
09-21-2026,2026,2027,9,12,soybean-meal,south-korea,Imports,1725.0,1000 Metric Tons
09-21-2026,2026,2027,9,12,soybean-meal,south-korea,Total Supply,2650.0,1000 Metric Tons
09-21-2026,2026,2027,9,12,soybean-meal,south-korea,Exports,30.0,1000 Metric Tons
09-21-2026,2026,2027,9,12,soybean-meal,vietnam,Ending Stocks,538.0,1000 Metric Tons
09-21-2026,2026,2027,9,12,soybean-meal,vietnam,Feed Waste Domestic Consumption,8700.0,1000 Metric Tons
09-21-2026,2026,2027,9,12,soybean-meal,vietnam,Food Use Domestic Consumption,100.0,1000 Metric Tons
09-21-2026,2026,2027,9,12,soybean-meal,vietnam,Industrial Domestic Consumption,0.0,1000 Metric Tons
09-21-2026,2026,2027,9,12,soybean-meal,vietnam,Exports,50.0,1000 Metric Tons
09-21-2026,2026,2027,9,12,soybean-meal,vietnam,Total Supply,9388.0,1000 Metric Tons
09-21-2026,2026,2027,9,12,soybean-meal,vietnam,Imports,6850.0,1000 Metric Tons
09-21-2026,2026,2027,9,12,soybean-meal,vietnam,Production,2067.0,1000 Metric Tons
09-21-2026,2026,2027,9,12,soybean-meal,vietnam,Beginning Stocks,471.0,1000 Metric Tons
09-21-2026,2026,2027,9,12,soybean-meal,vietnam,Extraction Rate,0.78,Percentage (%)
09-21-2026,2026,2027,9,12,soybean-meal,vietnam,Crush,2650.0,1000 Metric Tons
09-21-2026,2026,2027,9,12,soybean-meal,guatemala,Soybean Meal Equivalent,820.0,1000 Metric Tons
09-21-2026,2026,2027,9,12,soybean-meal,guatemala,Total Distribution,874.0,1000 Metric Tons
09-21-2026,2026,2027,9,12,soybean-meal,guatemala,Ending Stocks,54.0,1000 Metric Tons
09-21-2026,2026,2027,9,12,soybean-meal,guatemala,Domestic Consumption,820.0,1000 Metric Tons
09-21-2026,2026,2027,9,12,soybean-meal,guatemala,Feed Waste Domestic Consumption,820.0,1000 Metric Tons
09-21-2026,2026,2027,9,12,soybean-meal,guatemala,Food Use Domestic Consumption,0.0,1000 Metric Tons
09-21-2026,2026,2027,9,12,soybean-meal,guatemala,Industrial Domestic Consumption,0.0,1000 Metric Tons
09-21-2026,2026,2027,9,12,soybean-meal,guatemala,Exports,0.0,1000 Metric Tons
09-21-2026,2026,2027,9,12,soybean-meal,guatemala,Total Supply,874.0,1000 Metric Tons
09-21-2026,2026,2027,9,12,soybean-meal,guatemala,Imports,800.0,1000 Metric Tons
09-21-2026,2026,2027,9,12,soybean-meal,guatemala,Production,19.0,1000 Metric Tons
09-21-2026,2026,2027,9,12,soybean-meal,vietnam,Domestic Consumption,8800.0,1000 Metric Tons
09-21-2026,2026,2027,9,12,soybean-meal,vietnam,Total Distribution,9388.0,1000 Metric Tons
09-21-2026,2026,2027,9,12,soybean-meal,guatemala,Extraction Rate,0.7917,Percentage (%)
09-21-2026,2026,2027,9,12,soybean-meal,vietnam,Soybean Meal Equivalent,8700.0,1000 Metric Tons
09-21-2026,2026,2027,9,12,soybean-meal,honduras,Exports,50.0,1000 Metric Tons
09-21-2026,2026,2027,9,12,soybean-meal,honduras,Total Supply,601.0,1000 Metric Tons
09-21-2026,2026,2027,9,12,soybean-meal,honduras,Imports,570.0,1000 Metric Tons
09-21-2026,2026,2027,9,12,soybean-meal,honduras,Production,0.0,1000 Metric Tons
09-21-2026,2026,2027,9,12,soybean-meal,honduras,Beginning Stocks,31.0,1000 Metric Tons
09-21-2026,2026,2027,9,12,soybean-meal,honduras,Extraction Rate,0.0,Percentage (%)
09-21-2026,2026,2027,9,12,soybean-meal,honduras,Crush,0.0,1000 Metric Tons
09-21-2026,2026,2027,9,12,soybean-meal,canada,Soybean Meal Equivalent,2295.0,1000 Metric Tons
09-21-2026,2026,2027,9,12,soybean-meal,canada,Total Distribution,2926.0,1000 Metric Tons
09-21-2026,2026,2027,9,12,soybean-meal,canada,Ending Stocks,201.0,1000 Metric Tons
09-21-2026,2026,2027,9,12,soybean-meal,canada,Domestic Consumption,2295.0,1000 Metric Tons
09-21-2026,2026,2027,9,12,soybean-meal,canada,Feed Waste Domestic Consumption,2295.0,1000 Metric Tons
09-21-2026,2026,2027,9,12,soybean-meal,canada,Food Use Domestic Consumption,0.0,1000 Metric Tons
09-21-2026,2026,2027,9,12,soybean-meal,canada,Industrial Domestic Consumption,0.0,1000 Metric Tons
09-21-2026,2026,2027,9,12,soybean-meal,canada,Exports,430.0,1000 Metric Tons
09-21-2026,2026,2027,9,12,soybean-meal,canada,Total Supply,2926.0,1000 Metric Tons
09-21-2026,2026,2027,9,12,soybean-meal,canada,Imports,1350.0,1000 Metric Tons
09-21-2026,2026,2027,9,12,soybean-meal,canada,Production,1376.0,1000 Metric Tons
09-21-2026,2026,2027,9,12,soybean-meal,canada,Beginning Stocks,200.0,1000 Metric Tons
09-21-2026,2026,2027,9,12,soybean-meal,canada,Extraction Rate,0.7977,Percentage (%)
09-21-2026,2026,2027,9,12,soybean-meal,canada,Crush,1725.0,1000 Metric Tons
09-21-2026,2026,2027,9,12,soybean-meal,guatemala,Beginning Stocks,55.0,1000 Metric Tons
09-21-2026,2026,2027,9,12,soybean-meal,guatemala,Crush,24.0,1000 Metric Tons
09-21-2026,2026,2027,9,12,soybean-meal,south-korea,Industrial Domestic Consumption,0.0,1000 Metric Tons
09-21-2026,2026,2027,9,12,soybean-meal,european-union,Beginning Stocks,1625.0,1000 Metric Tons
09-21-2026,2026,2027,9,12,soybean-meal,european-union,Crush,14850.0,1000 Metric Tons
09-21-2026,2026,2027,9,12,soybean-meal,colombia,Soybean Meal Equivalent,2950.0,1000 Metric Tons
09-21-2026,2026,2027,9,12,soybean-meal,colombia,Total Distribution,3199.0,1000 Metric Tons
09-21-2026,2026,2027,9,12,soybean-meal,colombia,Ending Stocks,247.0,1000 Metric Tons
09-21-2026,2026,2027,9,12,soybean-meal,colombia,Domestic Consumption,2950.0,1000 Metric Tons
09-21-2026,2026,2027,9,12,soybean-meal,colombia,Feed Waste Domestic Consumption,2950.0,1000 Metric Tons
09-21-2026,2026,2027,9,12,soybean-meal,colombia,Food Use Domestic Consumption,0.0,1000 Metric Tons
09-21-2026,2026,2027,9,12,soybean-meal,colombia,Industrial Domestic Consumption,0.0,1000 Metric Tons
09-21-2026,2026,2027,9,12,soybean-meal,colombia,Exports,2.0,1000 Metric Tons
09-21-2026,2026,2027,9,12,soybean-meal,colombia,Total Supply,3199.0,1000 Metric Tons
09-21-2026,2026,2027,9,12,soybean-meal,colombia,Imports,2550.0,1000 Metric Tons
09-21-2026,2026,2027,9,12,soybean-meal,colombia,Production,449.0,1000 Metric Tons
09-21-2026,2026,2027,9,12,soybean-meal,colombia,Beginning Stocks,200.0,1000 Metric Tons
09-21-2026,2026,2027,9,12,soybean-meal,colombia,Extraction Rate,0.7877,Percentage (%)
09-21-2026,2026,2027,9,12,soybean-meal,colombia,Crush,570.0,1000 Metric Tons
09-21-2026,2026,2027,9,12,soybean-meal,south-korea,Soybean Meal Equivalent,2380.0,1000 Metric Tons
09-21-2026,2026,2027,9,12,soybean-meal,south-korea,Total Distribution,2650.0,1000 Metric Tons
09-21-2026,2026,2027,9,12,soybean-meal,south-korea,Ending Stocks,215.0,1000 Metric Tons
09-21-2026,2026,2027,9,12,soybean-meal,south-korea,Domestic Consumption,2405.0,1000 Metric Tons
09-21-2026,2026,2027,9,12,soybean-meal,south-korea,Feed Waste Domestic Consumption,2380.0,1000 Metric Tons
09-21-2026,2026,2027,9,12,soybean-meal,south-korea,Food Use Domestic Consumption,25.0,1000 Metric Tons
09-21-2026,2026,2027,9,12,soybean-meal,european-union,Extraction Rate,0.7899,Percentage (%)
09-21-2026,2026,2027,9,12,soybean-meal,european-union,Production,11730.0,1000 Metric Tons
09-21-2026,2026,2027,9,12,soybean-meal,taiwan,Soybean Meal Equivalent,1735.0,1000 Metric Tons
09-21-2026,2026,2027,9,12,soybean-meal,european-union,Imports,20400.0,1000 Metric Tons
09-21-2026,2026,2027,9,12,soybean-meal,taiwan,Total Distribution,1827.0,1000 Metric Tons
09-21-2026,2026,2027,9,12,soybean-meal,taiwan,Ending Stocks,42.0,1000 Metric Tons
09-21-2026,2026,2027,9,12,soybean-meal,taiwan,Domestic Consumption,1735.0,1000 Metric Tons
09-21-2026,2026,2027,9,12,soybean-meal,taiwan,Feed Waste Domestic Consumption,1735.0,1000 Metric Tons
09-21-2026,2026,2027,9,12,soybean-meal,taiwan,Food Use Domestic Consumption,0.0,1000 Metric Tons
09-21-2026,2026,2027,9,12,soybean-meal,taiwan,Industrial Domestic Consumption,0.0,1000 Metric Tons
09-21-2026,2026,2027,9,12,soybean-meal,taiwan,Exports,50.0,1000 Metric Tons
09-21-2026,2026,2027,9,12,soybean-meal,taiwan,Total Supply,1827.0,1000 Metric Tons
09-21-2026,2026,2027,9,12,soybean-meal,taiwan,Imports,60.0,1000 Metric Tons
09-21-2026,2026,2027,9,12,soybean-meal,taiwan,Production,1729.0,1000 Metric Tons
09-21-2026,2026,2027,9,12,soybean-meal,taiwan,Extraction Rate,0.7859,Percentage (%)
09-21-2026,2026,2027,9,12,soybean-meal,taiwan,Crush,2200.0,1000 Metric Tons
09-21-2026,2026,2027,9,12,soybean-meal,european-union,Soybean Meal Equivalent,31525.0,1000 Metric Tons
09-21-2026,2026,2027,9,12,soybean-meal,european-union,Total Distribution,33755.0,1000 Metric Tons
09-21-2026,2026,2027,9,12,soybean-meal,european-union,Ending Stocks,1588.0,1000 Metric Tons
09-21-2026,2026,2027,9,12,soybean-meal,european-union,Domestic Consumption,31567.0,1000 Metric Tons
09-21-2026,2026,2027,9,12,soybean-meal,european-union,Feed Waste Domestic Consumption,31525.0,1000 Metric Tons
09-21-2026,2026,2027,9,12,soybean-meal,european-union,Food Use Domestic Consumption,32.0,1000 Metric Tons
09-21-2026,2026,2027,9,12,soybean-meal,european-union,Industrial Domestic Consumption,10.0,1000 Metric Tons
09-21-2026,2026,2027,9,12,soybean-meal,european-union,Exports,600.0,1000 Metric Tons
09-21-2026,2026,2027,9,12,soybean-meal,european-union,Total Supply,33755.0,1000 Metric Tons
09-21-2026,2026,2027,9,12,soybean-oil,south-korea,Total Distribution,753.0,1000 Metric Tons
09-21-2026,2026,2027,9,12,soybean-oil,colombia,Extraction Rate,0.1895,Percentage (%)
09-21-2026,2026,2027,9,12,soybean-meal,honduras,Food Use Domestic Consumption,0.0,1000 Metric Tons
09-21-2026,2026,2027,9,1,soybeans,bangladesh,Imports,2500.0,1000 Metric Tons
09-21-2026,2026,2027,9,12,soybean-oil,thailand,Ending Stocks,31.0,1000 Metric Tons
09-21-2026,2026,2027,9,1,soybeans,bangladesh,Yield,1.7143,Yield (Metric Tons per Hectare)
09-21-2026,2026,2027,9,1,soybeans,bangladesh,Total Distribution,2885.0,1000 Metric Tons
09-21-2026,2026,2027,9,1,soybeans,bangladesh,Ending Stocks,240.0,1000 Metric Tons
09-21-2026,2026,2027,9,1,soybeans,bangladesh,Domestic Consumption,2645.0,1000 Metric Tons
09-21-2026,2026,2027,9,1,soybeans,bangladesh,Feed Waste Domestic Consumption,215.0,1000 Metric Tons
09-21-2026,2026,2027,9,1,soybeans,bangladesh,Food Use Domestic Consumption,5.0,1000 Metric Tons
09-21-2026,2026,2027,9,1,soybeans,bangladesh,Crush,2425.0,1000 Metric Tons
09-21-2026,2026,2027,9,1,soybeans,bangladesh,Exports,0.0,1000 Metric Tons
09-21-2026,2026,2027,9,1,soybeans,bangladesh,Total Supply,2885.0,1000 Metric Tons
09-21-2026,2026,2027,9,1,soybeans,bangladesh,Production,180.0,1000 Metric Tons
09-21-2026,2026,2027,9,12,soybean-oil,colombia,Beginning Stocks,46.0,1000 Metric Tons
09-21-2026,2026,2027,9,1,soybeans,bangladesh,Beginning Stocks,205.0,1000 Metric Tons
09-21-2026,2026,2027,9,1,soybeans,bangladesh,Area Harvested,105.0,1000 Hectares
09-21-2026,2026,2027,9,1,soybeans,pakistan,Yield,1.0,Yield (Metric Tons per Hectare)
09-21-2026,2026,2027,9,1,soybeans,pakistan,Total Distribution,3635.0,1000 Metric Tons
09-21-2026,2026,2027,9,1,soybeans,pakistan,Ending Stocks,310.0,1000 Metric Tons
09-21-2026,2026,2027,9,1,soybeans,pakistan,Domestic Consumption,3325.0,1000 Metric Tons
09-21-2026,2026,2027,9,1,soybeans,pakistan,Feed Waste Domestic Consumption,25.0,1000 Metric Tons
09-21-2026,2026,2027,9,1,soybeans,pakistan,Food Use Domestic Consumption,0.0,1000 Metric Tons
09-21-2026,2026,2027,9,1,soybeans,pakistan,Crush,3300.0,1000 Metric Tons
09-21-2026,2026,2027,9,1,soybeans,pakistan,Exports,0.0,1000 Metric Tons
09-21-2026,2026,2027,9,12,soybean-oil,thailand,Domestic Consumption,295.0,1000 Metric Tons
09-21-2026,2026,2027,9,4,wheat,mexico,Trade Year Imports,5800.0,1000 Metric Tons
09-21-2026,2026,2027,9,12,soybean-oil,thailand,Food Use Domestic Consumption,245.0,1000 Metric Tons
09-21-2026,2026,2027,9,12,soybean-oil,thailand,Industrial Domestic Consumption,50.0,1000 Metric Tons
09-21-2026,2026,2027,9,12,soybean-oil,nigeria,Total Distribution,291.0,1000 Metric Tons
09-21-2026,2026,2027,9,12,soybean-oil,indonesia,Crush,0.0,1000 Metric Tons
09-21-2026,2026,2027,9,12,soybean-oil,indonesia,Extraction Rate,0.0,Percentage (%)
09-21-2026,2026,2027,9,12,soybean-oil,indonesia,Beginning Stocks,0.0,1000 Metric Tons
09-21-2026,2026,2027,9,12,soybean-oil,indonesia,Production,0.0,1000 Metric Tons
09-21-2026,2026,2027,9,12,soybean-oil,indonesia,Imports,40.0,1000 Metric Tons
09-21-2026,2026,2027,9,12,soybean-oil,indonesia,Total Supply,40.0,1000 Metric Tons
09-21-2026,2026,2027,9,12,soybean-oil,indonesia,Exports,0.0,1000 Metric Tons
09-21-2026,2026,2027,9,12,soybean-oil,indonesia,Industrial Domestic Consumption,0.0,1000 Metric Tons
09-21-2026,2026,2027,9,12,soybean-oil,indonesia,Food Use Domestic Consumption,40.0,1000 Metric Tons
09-21-2026,2026,2027,9,12,soybean-oil,indonesia,Feed Waste Domestic Consumption,0.0,1000 Metric Tons
09-21-2026,2026,2027,9,12,soybean-oil,indonesia,Domestic Consumption,40.0,1000 Metric Tons
09-21-2026,2026,2027,9,12,soybean-oil,indonesia,Ending Stocks,0.0,1000 Metric Tons
09-21-2026,2026,2027,9,12,soybean-oil,indonesia,Total Distribution,40.0,1000 Metric Tons
09-21-2026,2026,2027,9,12,soybean-oil,thailand,Crush,3050.0,1000 Metric Tons
09-21-2026,2026,2027,9,12,soybean-oil,thailand,Extraction Rate,0.1797,Percentage (%)
09-21-2026,2026,2027,9,12,soybean-oil,thailand,Beginning Stocks,38.0,1000 Metric Tons
09-21-2026,2026,2027,9,12,soybean-oil,thailand,Production,548.0,1000 Metric Tons
09-21-2026,2026,2027,9,12,soybean-oil,thailand,Imports,0.0,1000 Metric Tons
09-21-2026,2026,2027,9,12,soybean-oil,thailand,Total Supply,586.0,1000 Metric Tons
09-21-2026,2026,2027,9,12,soybean-oil,thailand,Exports,260.0,1000 Metric Tons
09-21-2026,2026,2027,9,1,soybeans,pakistan,Total Supply,3635.0,1000 Metric Tons
09-21-2026,2026,2027,9,1,soybeans,pakistan,Imports,3300.0,1000 Metric Tons
09-21-2026,2026,2027,9,1,soybeans,pakistan,Production,1.0,1000 Metric Tons
09-21-2026,2026,2027,9,1,soybeans,china,Imports,115000.0,1000 Metric Tons
09-21-2026,2026,2027,9,1,soybeans,china,Beginning Stocks,44359.0,1000 Metric Tons
09-21-2026,2026,2027,9,1,soybeans,china,Area Harvested,10300.0,1000 Hectares
09-21-2026,2026,2027,9,1,soybeans,thailand,Yield,1.6452,Yield (Metric Tons per Hectare)
09-21-2026,2026,2027,9,1,soybeans,thailand,Total Distribution,4838.0,1000 Metric Tons
09-21-2026,2026,2027,9,1,soybeans,thailand,Ending Stocks,518.0,1000 Metric Tons
09-21-2026,2026,2027,9,1,soybeans,thailand,Domestic Consumption,4320.0,1000 Metric Tons
09-21-2026,2026,2027,9,1,soybeans,thailand,Feed Waste Domestic Consumption,970.0,1000 Metric Tons
09-21-2026,2026,2027,9,1,soybeans,thailand,Food Use Domestic Consumption,300.0,1000 Metric Tons
09-21-2026,2026,2027,9,1,soybeans,thailand,Crush,3050.0,1000 Metric Tons
09-21-2026,2026,2027,9,1,soybeans,thailand,Exports,0.0,1000 Metric Tons
09-21-2026,2026,2027,9,1,soybeans,thailand,Total Supply,4838.0,1000 Metric Tons
09-21-2026,2026,2027,9,1,soybeans,thailand,Imports,4300.0,1000 Metric Tons
09-21-2026,2026,2027,9,1,soybeans,thailand,Production,51.0,1000 Metric Tons
09-21-2026,2026,2027,9,1,soybeans,thailand,Beginning Stocks,487.0,1000 Metric Tons
09-21-2026,2026,2027,9,1,soybeans,thailand,Area Harvested,31.0,1000 Hectares
09-21-2026,2026,2027,9,1,soybeans,indonesia,Yield,1.0741,Yield (Metric Tons per Hectare)
09-21-2026,2026,2027,9,1,soybeans,indonesia,Total Distribution,3513.0,1000 Metric Tons
09-21-2026,2026,2027,9,1,soybeans,indonesia,Ending Stocks,296.0,1000 Metric Tons
09-21-2026,2026,2027,9,1,soybeans,indonesia,Domestic Consumption,3215.0,1000 Metric Tons
09-21-2026,2026,2027,9,1,soybeans,indonesia,Feed Waste Domestic Consumption,175.0,1000 Metric Tons
09-21-2026,2026,2027,9,1,soybeans,indonesia,Food Use Domestic Consumption,3040.0,1000 Metric Tons
09-21-2026,2026,2027,9,1,soybeans,china,Production,21000.0,1000 Metric Tons
09-21-2026,2026,2027,9,1,soybeans,china,Total Supply,180359.0,1000 Metric Tons
09-21-2026,2026,2027,9,1,soybeans,pakistan,Beginning Stocks,334.0,1000 Metric Tons
09-21-2026,2026,2027,9,1,soybeans,china,Exports,100.0,1000 Metric Tons
09-21-2026,2026,2027,9,1,soybeans,pakistan,Area Harvested,1.0,1000 Hectares
09-21-2026,2026,2027,9,1,soybeans,egypt,Yield,2.8333,Yield (Metric Tons per Hectare)
09-21-2026,2026,2027,9,1,soybeans,egypt,Total Distribution,5519.0,1000 Metric Tons
09-21-2026,2026,2027,9,1,soybeans,egypt,Ending Stocks,477.0,1000 Metric Tons
09-21-2026,2026,2027,9,1,soybeans,egypt,Domestic Consumption,5042.0,1000 Metric Tons
09-21-2026,2026,2027,9,1,soybeans,egypt,Feed Waste Domestic Consumption,25.0,1000 Metric Tons
09-21-2026,2026,2027,9,1,soybeans,egypt,Food Use Domestic Consumption,17.0,1000 Metric Tons
09-21-2026,2026,2027,9,1,soybeans,egypt,Crush,5000.0,1000 Metric Tons
09-21-2026,2026,2027,9,1,soybeans,egypt,Exports,0.0,1000 Metric Tons
09-21-2026,2026,2027,9,1,soybeans,egypt,Total Supply,5519.0,1000 Metric Tons
09-21-2026,2026,2027,9,1,soybeans,egypt,Imports,5000.0,1000 Metric Tons
09-21-2026,2026,2027,9,1,soybeans,egypt,Production,85.0,1000 Metric Tons
09-21-2026,2026,2027,9,1,soybeans,egypt,Beginning Stocks,434.0,1000 Metric Tons
09-21-2026,2026,2027,9,1,soybeans,egypt,Area Harvested,30.0,1000 Hectares
09-21-2026,2026,2027,9,1,soybeans,china,Yield,2.0388,Yield (Metric Tons per Hectare)
09-21-2026,2026,2027,9,1,soybeans,china,Total Distribution,180359.0,1000 Metric Tons
09-21-2026,2026,2027,9,1,soybeans,china,Ending Stocks,44259.0,1000 Metric Tons
09-21-2026,2026,2027,9,1,soybeans,china,Domestic Consumption,136000.0,1000 Metric Tons
09-21-2026,2026,2027,9,1,soybeans,china,Feed Waste Domestic Consumption,6600.0,1000 Metric Tons
09-21-2026,2026,2027,9,1,soybeans,china,Food Use Domestic Consumption,18400.0,1000 Metric Tons
09-21-2026,2026,2027,9,1,soybeans,china,Crush,111000.0,1000 Metric Tons
09-21-2026,2026,2027,9,12,soybean-oil,nigeria,Ending Stocks,31.0,1000 Metric Tons
09-21-2026,2026,2027,9,12,soybean-oil,nigeria,Domestic Consumption,260.0,1000 Metric Tons
09-21-2026,2026,2027,9,12,soybean-oil,nigeria,Feed Waste Domestic Consumption,0.0,1000 Metric Tons
09-21-2026,2026,2027,9,12,soybean-oil,taiwan,Crush,2200.0,1000 Metric Tons
09-21-2026,2026,2027,9,12,soybean-oil,taiwan,Beginning Stocks,22.0,1000 Metric Tons
09-21-2026,2026,2027,9,12,soybean-oil,taiwan,Production,392.0,1000 Metric Tons
09-21-2026,2026,2027,9,12,soybean-oil,taiwan,Imports,0.0,1000 Metric Tons
09-21-2026,2026,2027,9,12,soybean-oil,taiwan,Total Supply,414.0,1000 Metric Tons
09-21-2026,2026,2027,9,12,soybean-oil,taiwan,Exports,10.0,1000 Metric Tons
09-21-2026,2026,2027,9,12,soybean-oil,taiwan,Industrial Domestic Consumption,20.0,1000 Metric Tons
09-21-2026,2026,2027,9,12,soybean-oil,taiwan,Food Use Domestic Consumption,360.0,1000 Metric Tons
09-21-2026,2026,2027,9,12,soybean-oil,taiwan,Feed Waste Domestic Consumption,0.0,1000 Metric Tons
09-21-2026,2026,2027,9,12,soybean-oil,taiwan,Domestic Consumption,380.0,1000 Metric Tons
09-21-2026,2026,2027,9,12,soybean-oil,taiwan,Ending Stocks,24.0,1000 Metric Tons
09-21-2026,2026,2027,9,12,soybean-oil,taiwan,Total Distribution,414.0,1000 Metric Tons
09-21-2026,2026,2027,9,12,soybean-oil,guatemala,Crush,24.0,1000 Metric Tons
09-21-2026,2026,2027,9,12,soybean-oil,guatemala,Extraction Rate,0.2083,Percentage (%)
09-21-2026,2026,2027,9,12,soybean-oil,guatemala,Beginning Stocks,37.0,1000 Metric Tons
09-21-2026,2026,2027,9,12,soybean-oil,guatemala,Production,5.0,1000 Metric Tons
09-21-2026,2026,2027,9,12,soybean-oil,guatemala,Imports,120.0,1000 Metric Tons
09-21-2026,2026,2027,9,12,soybean-oil,guatemala,Total Supply,162.0,1000 Metric Tons
09-21-2026,2026,2027,9,12,soybean-oil,guatemala,Exports,10.0,1000 Metric Tons
09-21-2026,2026,2027,9,12,soybean-oil,guatemala,Industrial Domestic Consumption,0.0,1000 Metric Tons
09-21-2026,2026,2027,9,12,soybean-oil,guatemala,Food Use Domestic Consumption,115.0,1000 Metric Tons
09-21-2026,2026,2027,9,12,soybean-oil,guatemala,Feed Waste Domestic Consumption,0.0,1000 Metric Tons
09-21-2026,2026,2027,9,12,soybean-oil,taiwan,Extraction Rate,0.1782,Percentage (%)
09-21-2026,2026,2027,9,12,soybean-oil,european-union,Total Distribution,3994.0,1000 Metric Tons
09-21-2026,2026,2027,9,12,soybean-oil,guatemala,Ending Stocks,37.0,1000 Metric Tons
09-21-2026,2026,2027,9,12,soybean-oil,european-union,Ending Stocks,589.0,1000 Metric Tons
09-21-2026,2026,2027,9,12,soybean-oil,colombia,Production,108.0,1000 Metric Tons
09-21-2026,2026,2027,9,12,soybean-oil,colombia,Imports,400.0,1000 Metric Tons
09-21-2026,2026,2027,9,12,soybean-oil,colombia,Total Supply,554.0,1000 Metric Tons
09-21-2026,2026,2027,9,12,soybean-oil,colombia,Exports,70.0,1000 Metric Tons
09-21-2026,2026,2027,9,12,soybean-oil,colombia,Industrial Domestic Consumption,0.0,1000 Metric Tons
09-21-2026,2026,2027,9,12,soybean-oil,colombia,Food Use Domestic Consumption,415.0,1000 Metric Tons
09-21-2026,2026,2027,9,12,soybean-oil,colombia,Feed Waste Domestic Consumption,0.0,1000 Metric Tons
09-21-2026,2026,2027,9,12,soybean-oil,colombia,Domestic Consumption,415.0,1000 Metric Tons
09-21-2026,2026,2027,9,12,soybean-oil,colombia,Ending Stocks,69.0,1000 Metric Tons
09-21-2026,2026,2027,9,12,soybean-oil,colombia,Total Distribution,554.0,1000 Metric Tons
09-21-2026,2026,2027,9,12,soybean-oil,european-union,Crush,14850.0,1000 Metric Tons
09-21-2026,2026,2027,9,12,soybean-oil,european-union,Extraction Rate,0.1899,Percentage (%)
09-21-2026,2026,2027,9,12,soybean-oil,european-union,Beginning Stocks,574.0,1000 Metric Tons
09-21-2026,2026,2027,9,12,soybean-oil,european-union,Production,2820.0,1000 Metric Tons
09-21-2026,2026,2027,9,12,soybean-oil,european-union,Imports,600.0,1000 Metric Tons
09-21-2026,2026,2027,9,12,soybean-oil,european-union,Total Supply,3994.0,1000 Metric Tons
09-21-2026,2026,2027,9,12,soybean-oil,european-union,Exports,800.0,1000 Metric Tons
09-21-2026,2026,2027,9,12,soybean-oil,european-union,Industrial Domestic Consumption,1200.0,1000 Metric Tons
09-21-2026,2026,2027,9,12,soybean-oil,european-union,Food Use Domestic Consumption,1350.0,1000 Metric Tons
09-21-2026,2026,2027,9,12,soybean-oil,european-union,Feed Waste Domestic Consumption,55.0,1000 Metric Tons
09-21-2026,2026,2027,9,12,soybean-oil,european-union,Domestic Consumption,2605.0,1000 Metric Tons
09-21-2026,2026,2027,9,12,soybean-oil,guatemala,Domestic Consumption,115.0,1000 Metric Tons
09-21-2026,2026,2027,9,12,soybean-oil,guatemala,Total Distribution,162.0,1000 Metric Tons
09-21-2026,2026,2027,9,12,soybean-oil,nigeria,Food Use Domestic Consumption,260.0,1000 Metric Tons
09-21-2026,2026,2027,9,12,soybean-oil,canada,Ending Stocks,163.0,1000 Metric Tons
09-21-2026,2026,2027,9,12,soybean-oil,philippines,Crush,70.0,1000 Metric Tons
09-21-2026,2026,2027,9,12,soybean-oil,philippines,Extraction Rate,0.2,Percentage (%)
09-21-2026,2026,2027,9,12,soybean-oil,philippines,Beginning Stocks,5.0,1000 Metric Tons
09-21-2026,2026,2027,9,12,soybean-oil,philippines,Production,14.0,1000 Metric Tons
09-21-2026,2026,2027,9,12,soybean-oil,philippines,Imports,60.0,1000 Metric Tons
09-21-2026,2026,2027,9,12,soybean-oil,philippines,Total Supply,79.0,1000 Metric Tons
09-21-2026,2026,2027,9,12,soybean-oil,philippines,Exports,0.0,1000 Metric Tons
09-21-2026,2026,2027,9,12,soybean-oil,philippines,Industrial Domestic Consumption,4.0,1000 Metric Tons
09-21-2026,2026,2027,9,12,soybean-oil,philippines,Food Use Domestic Consumption,70.0,1000 Metric Tons
09-21-2026,2026,2027,9,12,soybean-oil,philippines,Feed Waste Domestic Consumption,0.0,1000 Metric Tons
09-21-2026,2026,2027,9,12,soybean-oil,philippines,Domestic Consumption,74.0,1000 Metric Tons
09-21-2026,2026,2027,9,12,soybean-oil,philippines,Ending Stocks,5.0,1000 Metric Tons
09-21-2026,2026,2027,9,12,soybean-oil,philippines,Total Distribution,79.0,1000 Metric Tons
09-21-2026,2026,2027,9,12,soybean-oil,nigeria,Crush,975.0,1000 Metric Tons
09-21-2026,2026,2027,9,12,soybean-oil,nigeria,Extraction Rate,0.1826,Percentage (%)
09-21-2026,2026,2027,9,12,soybean-oil,nigeria,Beginning Stocks,63.0,1000 Metric Tons
09-21-2026,2026,2027,9,12,soybean-oil,nigeria,Production,178.0,1000 Metric Tons
09-21-2026,2026,2027,9,12,soybean-oil,nigeria,Imports,50.0,1000 Metric Tons
09-21-2026,2026,2027,9,12,soybean-oil,nigeria,Total Supply,291.0,1000 Metric Tons
09-21-2026,2026,2027,9,12,soybean-oil,nigeria,Exports,0.0,1000 Metric Tons
09-21-2026,2026,2027,9,12,soybean-oil,nigeria,Industrial Domestic Consumption,0.0,1000 Metric Tons
09-21-2026,2026,2027,9,12,soybean-oil,canada,Total Distribution,1048.0,1000 Metric Tons
09-21-2026,2026,2027,9,12,soybean-oil,canada,Domestic Consumption,750.0,1000 Metric Tons
09-21-2026,2026,2027,9,12,soybean-oil,vietnam,Crush,2650.0,1000 Metric Tons
09-21-2026,2026,2027,9,12,soybean-oil,canada,Feed Waste Domestic Consumption,0.0,1000 Metric Tons
09-21-2026,2026,2027,9,12,soybean-oil,vietnam,Extraction Rate,0.1902,Percentage (%)
09-21-2026,2026,2027,9,12,soybean-oil,vietnam,Beginning Stocks,83.0,1000 Metric Tons
09-21-2026,2026,2027,9,12,soybean-oil,vietnam,Production,504.0,1000 Metric Tons
09-21-2026,2026,2027,9,12,soybean-oil,vietnam,Imports,65.0,1000 Metric Tons
09-21-2026,2026,2027,9,12,soybean-oil,vietnam,Total Supply,652.0,1000 Metric Tons
09-21-2026,2026,2027,9,12,soybean-oil,vietnam,Exports,210.0,1000 Metric Tons
09-21-2026,2026,2027,9,12,soybean-oil,vietnam,Industrial Domestic Consumption,0.0,1000 Metric Tons
09-21-2026,2026,2027,9,12,soybean-oil,vietnam,Food Use Domestic Consumption,355.0,1000 Metric Tons
09-21-2026,2026,2027,9,12,soybean-oil,vietnam,Feed Waste Domestic Consumption,0.0,1000 Metric Tons
09-21-2026,2026,2027,9,12,soybean-oil,vietnam,Domestic Consumption,355.0,1000 Metric Tons
09-21-2026,2026,2027,9,12,soybean-oil,vietnam,Ending Stocks,87.0,1000 Metric Tons
09-21-2026,2026,2027,9,12,soybean-oil,vietnam,Total Distribution,652.0,1000 Metric Tons
09-21-2026,2026,2027,9,12,soybean-oil,canada,Crush,1725.0,1000 Metric Tons
09-21-2026,2026,2027,9,12,soybean-oil,canada,Extraction Rate,0.1901,Percentage (%)
09-21-2026,2026,2027,9,12,soybean-oil,canada,Beginning Stocks,145.0,1000 Metric Tons
09-21-2026,2026,2027,9,12,soybean-oil,canada,Production,328.0,1000 Metric Tons
09-21-2026,2026,2027,9,12,soybean-oil,canada,Imports,575.0,1000 Metric Tons
09-21-2026,2026,2027,9,12,soybean-oil,canada,Total Supply,1048.0,1000 Metric Tons
09-21-2026,2026,2027,9,12,soybean-oil,canada,Exports,135.0,1000 Metric Tons
09-21-2026,2026,2027,9,12,soybean-oil,canada,Industrial Domestic Consumption,500.0,1000 Metric Tons
09-21-2026,2026,2027,9,12,soybean-oil,canada,Food Use Domestic Consumption,250.0,1000 Metric Tons
09-21-2026,2026,2027,9,12,soybean-meal,honduras,Industrial Domestic Consumption,0.0,1000 Metric Tons
09-21-2026,2026,2027,9,12,soybean-meal,honduras,Feed Waste Domestic Consumption,500.0,1000 Metric Tons
09-21-2026,2026,2027,9,1,soybeans,indonesia,Exports,2.0,1000 Metric Tons
09-21-2026,2026,2027,9,4,wheat,honduras,Total Supply,377.0,1000 Metric Tons
09-21-2026,2026,2027,9,4,wheat,canada,Domestic Consumption,8550.0,1000 Metric Tons
09-21-2026,2026,2027,9,4,wheat,canada,Ending Stocks,4749.0,1000 Metric Tons
09-21-2026,2026,2027,9,4,wheat,canada,Total Distribution,43299.0,1000 Metric Tons
09-21-2026,2026,2027,9,4,wheat,canada,Yield,3.5644,Yield (Metric Tons per Hectare)
09-21-2026,2026,2027,9,4,wheat,honduras,Area Harvested,0.0,1000 Hectares
09-21-2026,2026,2027,9,4,wheat,honduras,Beginning Stocks,17.0,1000 Metric Tons
09-21-2026,2026,2027,9,4,wheat,honduras,Production,0.0,1000 Metric Tons
09-21-2026,2026,2027,9,4,wheat,honduras,Imports,360.0,1000 Metric Tons
09-21-2026,2026,2027,9,4,wheat,honduras,Trade Year Imports,360.0,1000 Metric Tons
09-21-2026,2026,2027,9,4,wheat,honduras,Trade Year Imports From United States,0.0,1000 Metric Tons
09-21-2026,2026,2027,9,4,wheat,honduras,Exports,35.0,1000 Metric Tons
09-21-2026,2026,2027,9,4,wheat,thailand,Feed Domestic Consumption,1900.0,1000 Metric Tons
09-21-2026,2026,2027,9,4,wheat,honduras,Trade Year Exports,35.0,1000 Metric Tons
09-21-2026,2026,2027,9,4,wheat,honduras,Feed Domestic Consumption,10.0,1000 Metric Tons
09-21-2026,2026,2027,9,4,wheat,honduras,Food Seed and Industrial Consumption,320.0,1000 Metric Tons
09-21-2026,2026,2027,9,4,wheat,honduras,Domestic Consumption,330.0,1000 Metric Tons
09-21-2026,2026,2027,9,4,wheat,honduras,Ending Stocks,12.0,1000 Metric Tons
09-21-2026,2026,2027,9,4,wheat,honduras,Total Distribution,377.0,1000 Metric Tons
09-21-2026,2026,2027,9,4,wheat,honduras,Yield,0.0,Yield (Metric Tons per Hectare)
09-21-2026,2026,2027,9,4,wheat,philippines,Area Harvested,0.0,1000 Hectares
09-21-2026,2026,2027,9,4,wheat,philippines,Beginning Stocks,1101.0,1000 Metric Tons
09-21-2026,2026,2027,9,4,wheat,philippines,Production,0.0,1000 Metric Tons
09-21-2026,2026,2027,9,4,wheat,canada,Food Seed and Industrial Consumption,5350.0,1000 Metric Tons
09-21-2026,2026,2027,9,4,wheat,canada,Feed Domestic Consumption,3200.0,1000 Metric Tons
09-21-2026,2026,2027,9,4,wheat,canada,Trade Year Exports,30000.0,1000 Metric Tons
09-21-2026,2026,2027,9,4,wheat,canada,Exports,30000.0,1000 Metric Tons
09-21-2026,2026,2027,9,4,wheat,vietnam,Beginning Stocks,1090.0,1000 Metric Tons
09-21-2026,2026,2027,9,4,wheat,vietnam,Production,0.0,1000 Metric Tons
09-21-2026,2026,2027,9,4,wheat,vietnam,Imports,6200.0,1000 Metric Tons
09-21-2026,2026,2027,9,4,wheat,vietnam,Trade Year Imports,6200.0,1000 Metric Tons
09-21-2026,2026,2027,9,4,wheat,vietnam,Trade Year Imports From United States,0.0,1000 Metric Tons
09-21-2026,2026,2027,9,4,wheat,vietnam,Total Supply,7290.0,1000 Metric Tons
09-21-2026,2026,2027,9,4,wheat,vietnam,Exports,600.0,1000 Metric Tons
09-21-2026,2026,2027,9,4,wheat,vietnam,Trade Year Exports,600.0,1000 Metric Tons
09-21-2026,2026,2027,9,4,wheat,vietnam,Feed Domestic Consumption,3000.0,1000 Metric Tons
09-21-2026,2026,2027,9,4,wheat,vietnam,Food Seed and Industrial Consumption,2950.0,1000 Metric Tons
09-21-2026,2026,2027,9,4,wheat,vietnam,Domestic Consumption,5950.0,1000 Metric Tons
09-21-2026,2026,2027,9,4,wheat,vietnam,Ending Stocks,740.0,1000 Metric Tons
09-21-2026,2026,2027,9,4,wheat,vietnam,Total Distribution,7290.0,1000 Metric Tons
09-21-2026,2026,2027,9,4,wheat,vietnam,Yield,0.0,Yield (Metric Tons per Hectare)
09-21-2026,2026,2027,9,4,wheat,canada,Area Harvested,10100.0,1000 Hectares
09-21-2026,2026,2027,9,4,wheat,canada,Beginning Stocks,6649.0,1000 Metric Tons
09-21-2026,2026,2027,9,4,wheat,canada,Production,36000.0,1000 Metric Tons
09-21-2026,2026,2027,9,4,wheat,canada,Imports,650.0,1000 Metric Tons
09-21-2026,2026,2027,9,4,wheat,canada,Trade Year Imports,650.0,1000 Metric Tons
09-21-2026,2026,2027,9,4,wheat,canada,Trade Year Imports From United States,0.0,1000 Metric Tons
09-21-2026,2026,2027,9,4,wheat,canada,Total Supply,43299.0,1000 Metric Tons
09-21-2026,2026,2027,9,4,wheat,philippines,Imports,7100.0,1000 Metric Tons
09-21-2026,2026,2027,9,4,wheat,philippines,Trade Year Imports,7100.0,1000 Metric Tons
09-21-2026,2026,2027,9,4,wheat,philippines,Trade Year Imports From United States,0.0,1000 Metric Tons
09-21-2026,2026,2027,9,4,wheat,indonesia,Area Harvested,0.0,1000 Hectares
09-21-2026,2026,2027,9,4,wheat,indonesia,Production,0.0,1000 Metric Tons
09-21-2026,2026,2027,9,4,wheat,indonesia,Imports,12500.0,1000 Metric Tons
09-21-2026,2026,2027,9,4,wheat,indonesia,Trade Year Imports,12500.0,1000 Metric Tons
09-21-2026,2026,2027,9,4,wheat,indonesia,Trade Year Imports From United States,0.0,1000 Metric Tons
09-21-2026,2026,2027,9,4,wheat,indonesia,Total Supply,14370.0,1000 Metric Tons
09-21-2026,2026,2027,9,4,wheat,indonesia,Exports,450.0,1000 Metric Tons
09-21-2026,2026,2027,9,4,wheat,indonesia,Trade Year Exports,450.0,1000 Metric Tons
09-21-2026,2026,2027,9,4,wheat,indonesia,Feed Domestic Consumption,2400.0,1000 Metric Tons
09-21-2026,2026,2027,9,4,wheat,indonesia,Food Seed and Industrial Consumption,10300.0,1000 Metric Tons
09-21-2026,2026,2027,9,4,wheat,indonesia,Domestic Consumption,12700.0,1000 Metric Tons
09-21-2026,2026,2027,9,4,wheat,indonesia,Ending Stocks,1220.0,1000 Metric Tons
09-21-2026,2026,2027,9,4,wheat,indonesia,Total Distribution,14370.0,1000 Metric Tons
09-21-2026,2026,2027,9,4,wheat,indonesia,Yield,0.0,Yield (Metric Tons per Hectare)
09-21-2026,2026,2027,9,4,wheat,thailand,Area Harvested,0.0,1000 Hectares
09-21-2026,2026,2027,9,4,wheat,thailand,Beginning Stocks,712.0,1000 Metric Tons
09-21-2026,2026,2027,9,4,wheat,thailand,Production,0.0,1000 Metric Tons
09-21-2026,2026,2027,9,4,wheat,thailand,Imports,3500.0,1000 Metric Tons
09-21-2026,2026,2027,9,4,wheat,thailand,Trade Year Imports,3500.0,1000 Metric Tons
09-21-2026,2026,2027,9,4,wheat,thailand,Trade Year Imports From United States,0.0,1000 Metric Tons
09-21-2026,2026,2027,9,4,wheat,thailand,Total Supply,4212.0,1000 Metric Tons
09-21-2026,2026,2027,9,4,wheat,thailand,Exports,350.0,1000 Metric Tons
09-21-2026,2026,2027,9,4,wheat,indonesia,Beginning Stocks,1870.0,1000 Metric Tons
09-21-2026,2026,2027,9,4,wheat,nigeria,Yield,1.1667,Yield (Metric Tons per Hectare)
09-21-2026,2026,2027,9,4,wheat,philippines,Total Supply,8201.0,1000 Metric Tons
09-21-2026,2026,2027,9,4,wheat,nigeria,Total Distribution,6621.0,1000 Metric Tons
09-21-2026,2026,2027,9,4,wheat,philippines,Exports,20.0,1000 Metric Tons
09-21-2026,2026,2027,9,4,wheat,philippines,Trade Year Exports,20.0,1000 Metric Tons
09-21-2026,2026,2027,9,4,wheat,philippines,Feed Domestic Consumption,3150.0,1000 Metric Tons
09-21-2026,2026,2027,9,4,wheat,philippines,Food Seed and Industrial Consumption,4050.0,1000 Metric Tons
09-21-2026,2026,2027,9,4,wheat,philippines,Domestic Consumption,7200.0,1000 Metric Tons
09-21-2026,2026,2027,9,4,wheat,philippines,Ending Stocks,981.0,1000 Metric Tons
09-21-2026,2026,2027,9,4,wheat,philippines,Total Distribution,8201.0,1000 Metric Tons
09-21-2026,2026,2027,9,4,wheat,philippines,Yield,0.0,Yield (Metric Tons per Hectare)
09-21-2026,2026,2027,9,4,wheat,nigeria,Area Harvested,120.0,1000 Hectares
09-21-2026,2026,2027,9,4,wheat,nigeria,Beginning Stocks,281.0,1000 Metric Tons
09-21-2026,2026,2027,9,4,wheat,nigeria,Production,140.0,1000 Metric Tons
09-21-2026,2026,2027,9,4,wheat,nigeria,Imports,6200.0,1000 Metric Tons
09-21-2026,2026,2027,9,4,wheat,nigeria,Trade Year Imports,6200.0,1000 Metric Tons
09-21-2026,2026,2027,9,4,wheat,nigeria,Trade Year Imports From United States,0.0,1000 Metric Tons
09-21-2026,2026,2027,9,4,wheat,nigeria,Total Supply,6621.0,1000 Metric Tons
09-21-2026,2026,2027,9,4,wheat,nigeria,Exports,400.0,1000 Metric Tons
09-21-2026,2026,2027,9,4,wheat,nigeria,Trade Year Exports,400.0,1000 Metric Tons
09-21-2026,2026,2027,9,4,wheat,nigeria,Feed Domestic Consumption,0.0,1000 Metric Tons
09-21-2026,2026,2027,9,4,wheat,nigeria,Food Seed and Industrial Consumption,5850.0,1000 Metric Tons
09-21-2026,2026,2027,9,4,wheat,nigeria,Domestic Consumption,5850.0,1000 Metric Tons
09-21-2026,2026,2027,9,4,wheat,nigeria,Ending Stocks,371.0,1000 Metric Tons
09-21-2026,2026,2027,9,4,wheat,vietnam,Area Harvested,0.0,1000 Hectares
09-21-2026,2026,2027,9,4,wheat,guatemala,Yield,0.0,Yield (Metric Tons per Hectare)
09-21-2026,2026,2027,9,4,wheat,guatemala,Total Distribution,1246.0,1000 Metric Tons
09-21-2026,2026,2027,9,4,wheat,japan,Yield,4.8707,Yield (Metric Tons per Hectare)
09-21-2026,2026,2027,9,4,wheat,south-korea,Beginning Stocks,1488.0,1000 Metric Tons
09-21-2026,2026,2027,9,4,wheat,south-korea,Production,40.0,1000 Metric Tons
09-21-2026,2026,2027,9,4,wheat,south-korea,Imports,4700.0,1000 Metric Tons
09-21-2026,2026,2027,9,4,wheat,south-korea,Trade Year Imports,4700.0,1000 Metric Tons
09-21-2026,2026,2027,9,4,wheat,south-korea,Trade Year Imports From United States,0.0,1000 Metric Tons
09-21-2026,2026,2027,9,4,wheat,south-korea,Total Supply,6228.0,1000 Metric Tons
09-21-2026,2026,2027,9,4,wheat,south-korea,Exports,700.0,1000 Metric Tons
09-21-2026,2026,2027,9,4,wheat,south-korea,Trade Year Exports,700.0,1000 Metric Tons
09-21-2026,2026,2027,9,4,wheat,south-korea,Feed Domestic Consumption,1700.0,1000 Metric Tons
09-21-2026,2026,2027,9,4,wheat,south-korea,Food Seed and Industrial Consumption,2400.0,1000 Metric Tons
09-21-2026,2026,2027,9,4,wheat,south-korea,Domestic Consumption,4100.0,1000 Metric Tons
09-21-2026,2026,2027,9,4,wheat,south-korea,Ending Stocks,1428.0,1000 Metric Tons
09-21-2026,2026,2027,9,4,wheat,south-korea,Total Distribution,6228.0,1000 Metric Tons
09-21-2026,2026,2027,9,4,wheat,south-korea,Yield,4.0,Yield (Metric Tons per Hectare)
09-21-2026,2026,2027,9,4,wheat,colombia,Area Harvested,2.0,1000 Hectares
09-21-2026,2026,2027,9,4,wheat,colombia,Beginning Stocks,139.0,1000 Metric Tons
09-21-2026,2026,2027,9,4,wheat,colombia,Production,4.0,1000 Metric Tons
09-21-2026,2026,2027,9,4,wheat,colombia,Imports,2000.0,1000 Metric Tons
09-21-2026,2026,2027,9,4,wheat,colombia,Trade Year Imports,2000.0,1000 Metric Tons
09-21-2026,2026,2027,9,4,wheat,colombia,Trade Year Imports From United States,0.0,1000 Metric Tons
09-21-2026,2026,2027,9,4,wheat,colombia,Total Supply,2143.0,1000 Metric Tons
09-21-2026,2026,2027,9,4,wheat,south-korea,Area Harvested,10.0,1000 Hectares
09-21-2026,2026,2027,9,4,wheat,japan,Total Distribution,7900.0,1000 Metric Tons
09-21-2026,2026,2027,9,4,wheat,colombia,Trade Year Exports,25.0,1000 Metric Tons
09-21-2026,2026,2027,9,4,wheat,japan,Ending Stocks,1210.0,1000 Metric Tons
09-21-2026,2026,2027,9,4,wheat,mexico,Total Supply,8132.0,1000 Metric Tons
09-21-2026,2026,2027,9,4,wheat,mexico,Exports,200.0,1000 Metric Tons
09-21-2026,2026,2027,9,4,wheat,mexico,Trade Year Exports,200.0,1000 Metric Tons
09-21-2026,2026,2027,9,4,wheat,mexico,Feed Domestic Consumption,250.0,1000 Metric Tons
09-21-2026,2026,2027,9,4,wheat,mexico,Food Seed and Industrial Consumption,7400.0,1000 Metric Tons
09-21-2026,2026,2027,9,4,wheat,mexico,Domestic Consumption,7650.0,1000 Metric Tons
09-21-2026,2026,2027,9,4,wheat,mexico,Ending Stocks,282.0,1000 Metric Tons
09-21-2026,2026,2027,9,4,wheat,mexico,Total Distribution,8132.0,1000 Metric Tons
09-21-2026,2026,2027,9,4,wheat,mexico,Yield,5.3333,Yield (Metric Tons per Hectare)
09-21-2026,2026,2027,9,4,wheat,japan,Area Harvested,232.0,1000 Hectares
09-21-2026,2026,2027,9,4,wheat,japan,Beginning Stocks,1220.0,1000 Metric Tons
09-21-2026,2026,2027,9,4,wheat,japan,Production,1130.0,1000 Metric Tons
09-21-2026,2026,2027,9,4,wheat,japan,Imports,5550.0,1000 Metric Tons
09-21-2026,2026,2027,9,4,wheat,japan,Trade Year Imports,5550.0,1000 Metric Tons
09-21-2026,2026,2027,9,4,wheat,japan,Trade Year Imports From United States,0.0,1000 Metric Tons
09-21-2026,2026,2027,9,4,wheat,japan,Total Supply,7900.0,1000 Metric Tons
09-21-2026,2026,2027,9,4,wheat,japan,Exports,340.0,1000 Metric Tons
09-21-2026,2026,2027,9,4,wheat,japan,Trade Year Exports,340.0,1000 Metric Tons
09-21-2026,2026,2027,9,4,wheat,japan,Feed Domestic Consumption,750.0,1000 Metric Tons
09-21-2026,2026,2027,9,4,wheat,japan,Food Seed and Industrial Consumption,5600.0,1000 Metric Tons
09-21-2026,2026,2027,9,4,wheat,japan,Domestic Consumption,6350.0,1000 Metric Tons
09-21-2026,2026,2027,9,4,wheat,colombia,Exports,25.0,1000 Metric Tons
09-21-2026,2026,2027,9,4,wheat,colombia,Feed Domestic Consumption,70.0,1000 Metric Tons
09-21-2026,2026,2027,9,4,wheat,guatemala,Ending Stocks,196.0,1000 Metric Tons
09-21-2026,2026,2027,9,4,wheat,taiwan,Trade Year Imports,1390.0,1000 Metric Tons
09-21-2026,2026,2027,9,4,wheat,taiwan,Total Supply,1516.0,1000 Metric Tons
09-21-2026,2026,2027,9,4,wheat,taiwan,Exports,80.0,1000 Metric Tons
09-21-2026,2026,2027,9,4,wheat,taiwan,Trade Year Exports,80.0,1000 Metric Tons
09-21-2026,2026,2027,9,4,wheat,taiwan,Feed Domestic Consumption,75.0,1000 Metric Tons
09-21-2026,2026,2027,9,4,wheat,taiwan,Food Seed and Industrial Consumption,1225.0,1000 Metric Tons
09-21-2026,2026,2027,9,4,wheat,taiwan,Domestic Consumption,1300.0,1000 Metric Tons
09-21-2026,2026,2027,9,4,wheat,taiwan,Ending Stocks,136.0,1000 Metric Tons
09-21-2026,2026,2027,9,4,wheat,taiwan,Total Distribution,1516.0,1000 Metric Tons
09-21-2026,2026,2027,9,4,wheat,taiwan,Yield,1.0,Yield (Metric Tons per Hectare)
09-21-2026,2026,2027,9,4,wheat,guatemala,Area Harvested,0.0,1000 Hectares
09-21-2026,2026,2027,9,4,wheat,guatemala,Beginning Stocks,346.0,1000 Metric Tons
09-21-2026,2026,2027,9,4,wheat,guatemala,Production,0.0,1000 Metric Tons
09-21-2026,2026,2027,9,4,wheat,guatemala,Imports,900.0,1000 Metric Tons
09-21-2026,2026,2027,9,4,wheat,guatemala,Trade Year Imports,900.0,1000 Metric Tons
09-21-2026,2026,2027,9,4,wheat,guatemala,Trade Year Imports From United States,0.0,1000 Metric Tons
09-21-2026,2026,2027,9,4,wheat,guatemala,Total Supply,1246.0,1000 Metric Tons
09-21-2026,2026,2027,9,4,wheat,guatemala,Exports,50.0,1000 Metric Tons
09-21-2026,2026,2027,9,4,wheat,guatemala,Trade Year Exports,50.0,1000 Metric Tons
09-21-2026,2026,2027,9,4,wheat,guatemala,Feed Domestic Consumption,50.0,1000 Metric Tons
09-21-2026,2026,2027,9,4,wheat,guatemala,Food Seed and Industrial Consumption,950.0,1000 Metric Tons
09-21-2026,2026,2027,9,4,wheat,guatemala,Domestic Consumption,1000.0,1000 Metric Tons
09-21-2026,2026,2027,9,4,wheat,taiwan,Trade Year Imports From United States,0.0,1000 Metric Tons
09-21-2026,2026,2027,9,4,wheat,taiwan,Imports,1390.0,1000 Metric Tons
09-21-2026,2026,2027,9,4,wheat,colombia,Food Seed and Industrial Consumption,1850.0,1000 Metric Tons
09-21-2026,2026,2027,9,4,wheat,taiwan,Production,2.0,1000 Metric Tons
09-21-2026,2026,2027,9,4,wheat,colombia,Domestic Consumption,1920.0,1000 Metric Tons
09-21-2026,2026,2027,9,4,wheat,colombia,Ending Stocks,198.0,1000 Metric Tons
09-21-2026,2026,2027,9,4,wheat,colombia,Total Distribution,2143.0,1000 Metric Tons
09-21-2026,2026,2027,9,4,wheat,colombia,Yield,2.0,Yield (Metric Tons per Hectare)
09-21-2026,2026,2027,9,4,wheat,european-union,Area Harvested,23780.0,1000 Hectares
09-21-2026,2026,2027,9,4,wheat,european-union,Beginning Stocks,18970.0,1000 Metric Tons
09-21-2026,2026,2027,9,4,wheat,european-union,Production,133800.0,1000 Metric Tons
09-21-2026,2026,2027,9,4,wheat,european-union,Imports,6500.0,1000 Metric Tons
09-21-2026,2026,2027,9,4,wheat,european-union,Trade Year Imports,6500.0,1000 Metric Tons
09-21-2026,2026,2027,9,4,wheat,european-union,Trade Year Imports From United States,0.0,1000 Metric Tons
09-21-2026,2026,2027,9,4,wheat,european-union,Total Supply,159270.0,1000 Metric Tons
09-21-2026,2026,2027,9,4,wheat,european-union,Exports,31000.0,1000 Metric Tons
09-21-2026,2026,2027,9,4,wheat,european-union,Trade Year Exports,31000.0,1000 Metric Tons
09-21-2026,2026,2027,9,4,wheat,european-union,Feed Domestic Consumption,51000.0,1000 Metric Tons
09-21-2026,2026,2027,9,4,wheat,european-union,Food Seed and Industrial Consumption,63750.0,1000 Metric Tons
09-21-2026,2026,2027,9,4,wheat,european-union,Domestic Consumption,114750.0,1000 Metric Tons
09-21-2026,2026,2027,9,4,wheat,european-union,Ending Stocks,13520.0,1000 Metric Tons
09-21-2026,2026,2027,9,4,wheat,european-union,Total Distribution,159270.0,1000 Metric Tons
09-21-2026,2026,2027,9,4,wheat,european-union,Yield,5.6266,Yield (Metric Tons per Hectare)
09-21-2026,2026,2027,9,4,wheat,taiwan,Area Harvested,2.0,1000 Hectares
09-21-2026,2026,2027,9,4,wheat,taiwan,Beginning Stocks,124.0,1000 Metric Tons
09-21-2026,2026,2027,9,4,wheat,thailand,Trade Year Exports,350.0,1000 Metric Tons
09-21-2026,2026,2027,9,4,wheat,thailand,Food Seed and Industrial Consumption,1500.0,1000 Metric Tons
09-21-2026,2026,2027,9,12,soybean-meal,honduras,Domestic Consumption,500.0,1000 Metric Tons
09-21-2026,2026,2027,9,12,soybean-meal,china,Beginning Stocks,1217.0,1000 Metric Tons
09-21-2026,2026,2027,9,12,soybean-meal,china,Total Distribution,89229.0,1000 Metric Tons
09-21-2026,2026,2027,9,12,soybean-meal,china,Ending Stocks,1279.0,1000 Metric Tons
09-21-2026,2026,2027,9,12,soybean-meal,china,Domestic Consumption,86850.0,1000 Metric Tons
09-21-2026,2026,2027,9,12,soybean-meal,china,Feed Waste Domestic Consumption,85700.0,1000 Metric Tons
09-21-2026,2026,2027,9,12,soybean-meal,china,Food Use Domestic Consumption,0.0,1000 Metric Tons
09-21-2026,2026,2027,9,12,soybean-meal,china,Industrial Domestic Consumption,1150.0,1000 Metric Tons
09-21-2026,2026,2027,9,12,soybean-meal,china,Exports,1100.0,1000 Metric Tons
09-21-2026,2026,2027,9,12,soybean-meal,china,Total Supply,89229.0,1000 Metric Tons
09-21-2026,2026,2027,9,12,soybean-meal,china,Imports,100.0,1000 Metric Tons
09-21-2026,2026,2027,9,12,soybean-meal,china,Production,87912.0,1000 Metric Tons
09-21-2026,2026,2027,9,12,soybean-meal,china,Extraction Rate,0.792,Percentage (%)
09-21-2026,2026,2027,9,4,wheat,thailand,Domestic Consumption,3400.0,1000 Metric Tons
09-21-2026,2026,2027,9,12,soybean-meal,china,Crush,111000.0,1000 Metric Tons
09-21-2026,2026,2027,9,12,soybean-meal,thailand,Soybean Meal Equivalent,5600.0,1000 Metric Tons
09-21-2026,2026,2027,9,12,soybean-meal,thailand,Total Distribution,6042.0,1000 Metric Tons
09-21-2026,2026,2027,9,12,soybean-meal,thailand,Ending Stocks,292.0,1000 Metric Tons
09-21-2026,2026,2027,9,12,soybean-meal,thailand,Domestic Consumption,5600.0,1000 Metric Tons
09-21-2026,2026,2027,9,12,soybean-meal,thailand,Feed Waste Domestic Consumption,5600.0,1000 Metric Tons
09-21-2026,2026,2027,9,12,soybean-meal,thailand,Food Use Domestic Consumption,0.0,1000 Metric Tons
09-21-2026,2026,2027,9,12,soybean-meal,thailand,Industrial Domestic Consumption,0.0,1000 Metric Tons
09-21-2026,2026,2027,9,12,soybean-meal,thailand,Exports,150.0,1000 Metric Tons
09-21-2026,2026,2027,9,12,soybean-meal,thailand,Total Supply,6042.0,1000 Metric Tons
09-21-2026,2026,2027,9,12,soybean-meal,china,Soybean Meal Equivalent,85700.0,1000 Metric Tons
09-21-2026,2026,2027,9,12,soybean-meal,egypt,Crush,5000.0,1000 Metric Tons
09-21-2026,2026,2027,9,12,soybean-meal,egypt,Extraction Rate,0.79,Percentage (%)
09-21-2026,2026,2027,9,12,soybean-meal,egypt,Beginning Stocks,352.0,1000 Metric Tons
09-21-2026,2026,2027,9,12,soybean-meal,pakistan,Feed Waste Domestic Consumption,2625.0,1000 Metric Tons
09-21-2026,2026,2027,9,12,soybean-meal,pakistan,Food Use Domestic Consumption,0.0,1000 Metric Tons
09-21-2026,2026,2027,9,12,soybean-meal,pakistan,Industrial Domestic Consumption,0.0,1000 Metric Tons
09-21-2026,2026,2027,9,12,soybean-meal,pakistan,Exports,10.0,1000 Metric Tons
09-21-2026,2026,2027,9,12,soybean-meal,pakistan,Total Supply,2839.0,1000 Metric Tons
09-21-2026,2026,2027,9,12,soybean-meal,pakistan,Imports,50.0,1000 Metric Tons
09-21-2026,2026,2027,9,12,soybean-meal,pakistan,Production,2574.0,1000 Metric Tons
09-21-2026,2026,2027,9,12,soybean-meal,pakistan,Beginning Stocks,215.0,1000 Metric Tons
09-21-2026,2026,2027,9,12,soybean-meal,pakistan,Extraction Rate,0.78,Percentage (%)
09-21-2026,2026,2027,9,12,soybean-meal,pakistan,Crush,3300.0,1000 Metric Tons
09-21-2026,2026,2027,9,12,soybean-meal,egypt,Soybean Meal Equivalent,4550.0,1000 Metric Tons
09-21-2026,2026,2027,9,12,soybean-meal,egypt,Total Distribution,4952.0,1000 Metric Tons
09-21-2026,2026,2027,9,12,soybean-meal,egypt,Ending Stocks,392.0,1000 Metric Tons
09-21-2026,2026,2027,9,12,soybean-meal,egypt,Domestic Consumption,4550.0,1000 Metric Tons
09-21-2026,2026,2027,9,12,soybean-meal,egypt,Feed Waste Domestic Consumption,4550.0,1000 Metric Tons
09-21-2026,2026,2027,9,12,soybean-meal,egypt,Food Use Domestic Consumption,0.0,1000 Metric Tons
09-21-2026,2026,2027,9,12,soybean-meal,egypt,Industrial Domestic Consumption,0.0,1000 Metric Tons
09-21-2026,2026,2027,9,12,soybean-meal,egypt,Exports,10.0,1000 Metric Tons
09-21-2026,2026,2027,9,12,soybean-meal,egypt,Total Supply,4952.0,1000 Metric Tons
09-21-2026,2026,2027,9,12,soybean-meal,egypt,Imports,650.0,1000 Metric Tons
09-21-2026,2026,2027,9,12,soybean-meal,egypt,Production,3950.0,1000 Metric Tons
09-21-2026,2026,2027,9,12,soybean-meal,thailand,Imports,3400.0,1000 Metric Tons
09-21-2026,2026,2027,9,12,soybean-meal,thailand,Production,2375.0,1000 Metric Tons
09-21-2026,2026,2027,9,12,soybean-meal,thailand,Beginning Stocks,267.0,1000 Metric Tons
09-21-2026,2026,2027,9,12,soybean-meal,nigeria,Total Supply,866.0,1000 Metric Tons
09-21-2026,2026,2027,9,12,soybean-meal,nigeria,Production,758.0,1000 Metric Tons
09-21-2026,2026,2027,9,12,soybean-meal,nigeria,Beginning Stocks,107.0,1000 Metric Tons
09-21-2026,2026,2027,9,12,soybean-meal,nigeria,Extraction Rate,0.7774,Percentage (%)
09-21-2026,2026,2027,9,12,soybean-meal,nigeria,Crush,975.0,1000 Metric Tons
09-21-2026,2026,2027,9,12,soybean-meal,philippines,Soybean Meal Equivalent,3670.0,1000 Metric Tons
09-21-2026,2026,2027,9,12,soybean-meal,philippines,Total Distribution,3960.0,1000 Metric Tons
09-21-2026,2026,2027,9,12,soybean-meal,philippines,Ending Stocks,290.0,1000 Metric Tons
09-21-2026,2026,2027,9,12,soybean-meal,philippines,Domestic Consumption,3670.0,1000 Metric Tons
09-21-2026,2026,2027,9,12,soybean-meal,philippines,Feed Waste Domestic Consumption,3670.0,1000 Metric Tons
09-21-2026,2026,2027,9,12,soybean-meal,philippines,Food Use Domestic Consumption,0.0,1000 Metric Tons
09-21-2026,2026,2027,9,12,soybean-meal,philippines,Industrial Domestic Consumption,0.0,1000 Metric Tons
09-21-2026,2026,2027,9,12,soybean-meal,philippines,Exports,0.0,1000 Metric Tons
09-21-2026,2026,2027,9,12,soybean-meal,philippines,Total Supply,3960.0,1000 Metric Tons
09-21-2026,2026,2027,9,12,soybean-meal,philippines,Imports,3650.0,1000 Metric Tons
09-21-2026,2026,2027,9,12,soybean-meal,philippines,Production,54.0,1000 Metric Tons
09-21-2026,2026,2027,9,12,soybean-meal,philippines,Beginning Stocks,256.0,1000 Metric Tons
09-21-2026,2026,2027,9,12,soybean-meal,philippines,Extraction Rate,0.7714,Percentage (%)
09-21-2026,2026,2027,9,12,soybean-meal,philippines,Crush,70.0,1000 Metric Tons
09-21-2026,2026,2027,9,12,soybean-meal,honduras,Soybean Meal Equivalent,500.0,1000 Metric Tons
09-21-2026,2026,2027,9,12,soybean-meal,honduras,Total Distribution,601.0,1000 Metric Tons
09-21-2026,2026,2027,9,12,soybean-meal,honduras,Ending Stocks,51.0,1000 Metric Tons
09-21-2026,2026,2027,9,12,soybean-meal,nigeria,Imports,1.0,1000 Metric Tons
09-21-2026,2026,2027,9,12,soybean-meal,nigeria,Exports,120.0,1000 Metric Tons
09-21-2026,2026,2027,9,12,soybean-meal,thailand,Extraction Rate,0.7787,Percentage (%)
09-21-2026,2026,2027,9,12,soybean-meal,nigeria,Industrial Domestic Consumption,0.0,1000 Metric Tons
09-21-2026,2026,2027,9,12,soybean-meal,thailand,Crush,3050.0,1000 Metric Tons
09-21-2026,2026,2027,9,12,soybean-meal,indonesia,Soybean Meal Equivalent,6780.0,1000 Metric Tons
09-21-2026,2026,2027,9,12,soybean-meal,indonesia,Total Distribution,7235.0,1000 Metric Tons
09-21-2026,2026,2027,9,12,soybean-meal,indonesia,Ending Stocks,455.0,1000 Metric Tons
09-21-2026,2026,2027,9,12,soybean-meal,indonesia,Domestic Consumption,6780.0,1000 Metric Tons
09-21-2026,2026,2027,9,12,soybean-meal,indonesia,Feed Waste Domestic Consumption,6780.0,1000 Metric Tons
09-21-2026,2026,2027,9,12,soybean-meal,indonesia,Food Use Domestic Consumption,0.0,1000 Metric Tons
09-21-2026,2026,2027,9,12,soybean-meal,indonesia,Industrial Domestic Consumption,0.0,1000 Metric Tons
09-21-2026,2026,2027,9,12,soybean-meal,indonesia,Exports,0.0,1000 Metric Tons
09-21-2026,2026,2027,9,12,soybean-meal,indonesia,Total Supply,7235.0,1000 Metric Tons
09-21-2026,2026,2027,9,12,soybean-meal,indonesia,Imports,6800.0,1000 Metric Tons
09-21-2026,2026,2027,9,12,soybean-meal,indonesia,Production,0.0,1000 Metric Tons
09-21-2026,2026,2027,9,12,soybean-meal,indonesia,Beginning Stocks,435.0,1000 Metric Tons
09-21-2026,2026,2027,9,12,soybean-meal,indonesia,Extraction Rate,0.0,Percentage (%)
09-21-2026,2026,2027,9,12,soybean-meal,indonesia,Crush,0.0,1000 Metric Tons
09-21-2026,2026,2027,9,12,soybean-meal,nigeria,Soybean Meal Equivalent,660.0,1000 Metric Tons
09-21-2026,2026,2027,9,12,soybean-meal,nigeria,Total Distribution,866.0,1000 Metric Tons
09-21-2026,2026,2027,9,12,soybean-meal,nigeria,Ending Stocks,86.0,1000 Metric Tons
09-21-2026,2026,2027,9,12,soybean-meal,nigeria,Domestic Consumption,660.0,1000 Metric Tons
09-21-2026,2026,2027,9,12,soybean-meal,nigeria,Feed Waste Domestic Consumption,660.0,1000 Metric Tons
09-21-2026,2026,2027,9,12,soybean-meal,nigeria,Food Use Domestic Consumption,0.0,1000 Metric Tons
09-21-2026,2026,2027,9,12,soybean-meal,pakistan,Domestic Consumption,2625.0,1000 Metric Tons
09-21-2026,2026,2027,9,12,soybean-meal,pakistan,Ending Stocks,204.0,1000 Metric Tons
09-21-2026,2026,2027,9,12,soybean-meal,pakistan,Total Distribution,2839.0,1000 Metric Tons
09-21-2026,2026,2027,9,4,wheat,egypt,Trade Year Imports From United States,0.0,1000 Metric Tons
09-21-2026,2026,2027,9,4,wheat,egypt,Exports,1800.0,1000 Metric Tons
09-21-2026,2026,2027,9,4,wheat,egypt,Trade Year Exports,1800.0,1000 Metric Tons
09-21-2026,2026,2027,9,4,wheat,egypt,Feed Domestic Consumption,1300.0,1000 Metric Tons
09-21-2026,2026,2027,9,4,wheat,egypt,Food Seed and Industrial Consumption,19400.0,1000 Metric Tons
09-21-2026,2026,2027,9,4,wheat,egypt,Domestic Consumption,20700.0,1000 Metric Tons
09-21-2026,2026,2027,9,4,wheat,egypt,Ending Stocks,4656.0,1000 Metric Tons
09-21-2026,2026,2027,9,4,wheat,egypt,Total Distribution,27156.0,1000 Metric Tons
09-21-2026,2026,2027,9,4,wheat,egypt,Yield,6.6667,Yield (Metric Tons per Hectare)
09-21-2026,2026,2027,9,4,wheat,pakistan,Area Harvested,9400.0,1000 Hectares
09-21-2026,2026,2027,9,4,wheat,pakistan,Beginning Stocks,2793.0,1000 Metric Tons
09-21-2026,2026,2027,9,4,wheat,pakistan,Production,29000.0,1000 Metric Tons
09-21-2026,2026,2027,9,4,wheat,pakistan,Imports,1000.0,1000 Metric Tons
09-21-2026,2026,2027,9,4,wheat,pakistan,Trade Year Imports,1000.0,1000 Metric Tons
09-21-2026,2026,2027,9,4,wheat,pakistan,Trade Year Imports From United States,0.0,1000 Metric Tons
09-21-2026,2026,2027,9,4,wheat,pakistan,Total Supply,32793.0,1000 Metric Tons
09-21-2026,2026,2027,9,4,wheat,pakistan,Exports,0.0,1000 Metric Tons
09-21-2026,2026,2027,9,4,wheat,pakistan,Trade Year Exports,0.0,1000 Metric Tons
09-21-2026,2026,2027,9,4,wheat,pakistan,Feed Domestic Consumption,800.0,1000 Metric Tons
09-21-2026,2026,2027,9,4,wheat,pakistan,Food Seed and Industrial Consumption,29500.0,1000 Metric Tons
09-21-2026,2026,2027,9,4,wheat,pakistan,Domestic Consumption,30300.0,1000 Metric Tons
09-21-2026,2026,2027,9,4,wheat,pakistan,Ending Stocks,2493.0,1000 Metric Tons
09-21-2026,2026,2027,9,4,wheat,egypt,Total Supply,27156.0,1000 Metric Tons
09-21-2026,2026,2027,9,4,wheat,egypt,Trade Year Imports,12000.0,1000 Metric Tons
09-21-2026,2026,2027,9,4,wheat,pakistan,Yield,3.0851,Yield (Metric Tons per Hectare)
09-21-2026,2026,2027,9,4,wheat,egypt,Imports,12000.0,1000 Metric Tons
09-21-2026,2026,2027,9,4,wheat,thailand,Ending Stocks,462.0,1000 Metric Tons
09-21-2026,2026,2027,9,4,wheat,thailand,Total Distribution,4212.0,1000 Metric Tons
09-21-2026,2026,2027,9,4,wheat,thailand,Yield,0.0,Yield (Metric Tons per Hectare)
09-21-2026,2026,2027,9,4,wheat,china,Area Harvested,23600.0,1000 Hectares
09-21-2026,2026,2027,9,4,wheat,china,Beginning Stocks,122204.0,1000 Metric Tons
09-21-2026,2026,2027,9,4,wheat,china,Production,141000.0,1000 Metric Tons
09-21-2026,2026,2027,9,4,wheat,china,Imports,6000.0,1000 Metric Tons
09-21-2026,2026,2027,9,4,wheat,china,Trade Year Imports,6000.0,1000 Metric Tons
09-21-2026,2026,2027,9,4,wheat,china,Trade Year Imports From United States,0.0,1000 Metric Tons
09-21-2026,2026,2027,9,4,wheat,china,Total Supply,269204.0,1000 Metric Tons
09-21-2026,2026,2027,9,4,wheat,china,Exports,1000.0,1000 Metric Tons
09-21-2026,2026,2027,9,4,wheat,china,Trade Year Exports,1000.0,1000 Metric Tons
09-21-2026,2026,2027,9,4,wheat,china,Feed Domestic Consumption,31000.0,1000 Metric Tons
09-21-2026,2026,2027,9,4,wheat,china,Food Seed and Industrial Consumption,117000.0,1000 Metric Tons
09-21-2026,2026,2027,9,4,wheat,china,Domestic Consumption,148000.0,1000 Metric Tons
09-21-2026,2026,2027,9,4,wheat,china,Ending Stocks,120204.0,1000 Metric Tons
09-21-2026,2026,2027,9,4,wheat,china,Total Distribution,269204.0,1000 Metric Tons
09-21-2026,2026,2027,9,4,wheat,china,Yield,5.9746,Yield (Metric Tons per Hectare)
09-21-2026,2026,2027,9,4,wheat,egypt,Area Harvested,1500.0,1000 Hectares
09-21-2026,2026,2027,9,4,wheat,egypt,Beginning Stocks,5156.0,1000 Metric Tons
09-21-2026,2026,2027,9,4,wheat,egypt,Production,10000.0,1000 Metric Tons
09-21-2026,2026,2027,9,4,wheat,pakistan,Total Distribution,32793.0,1000 Metric Tons
09-21-2026,2026,2027,9,4,wheat,bangladesh,Area Harvested,290.0,1000 Hectares
09-21-2026,2026,2027,9,12,soybean-meal,pakistan,Soybean Meal Equivalent,2625.0,1000 Metric Tons
09-21-2026,2026,2027,9,4,wheat,united-states,Trade Year Exports,21500.0,1000 Metric Tons
09-21-2026,2026,2027,9,4,wheat,united-states,Total Supply,70507.0,1000 Metric Tons
09-21-2026,2026,2027,9,4,wheat,united-states,Trade Year Imports From United States,0.0,1000 Metric Tons
09-21-2026,2026,2027,9,4,wheat,united-states,Trade Year Imports,3800.0,1000 Metric Tons
09-21-2026,2026,2027,9,4,wheat,united-states,Imports,3810.0,1000 Metric Tons
09-21-2026,2026,2027,9,4,wheat,united-states,Production,41656.0,1000 Metric Tons
09-21-2026,2026,2027,9,4,wheat,united-states,Beginning Stocks,25041.0,1000 Metric Tons
09-21-2026,2026,2027,9,4,wheat,united-states,Area Harvested,12971.0,1000 Hectares
09-21-2026,2026,2027,9,12,soybean-meal,bangladesh,Soybean Meal Equivalent,3275.0,1000 Metric Tons
09-21-2026,2026,2027,9,12,soybean-meal,bangladesh,Total Distribution,3699.0,1000 Metric Tons
09-21-2026,2026,2027,9,12,soybean-meal,bangladesh,Ending Stocks,420.0,1000 Metric Tons
09-21-2026,2026,2027,9,12,soybean-meal,bangladesh,Domestic Consumption,3279.0,1000 Metric Tons
09-21-2026,2026,2027,9,12,soybean-meal,bangladesh,Feed Waste Domestic Consumption,3275.0,1000 Metric Tons
09-21-2026,2026,2027,9,12,soybean-meal,bangladesh,Food Use Domestic Consumption,4.0,1000 Metric Tons
09-21-2026,2026,2027,9,12,soybean-meal,bangladesh,Industrial Domestic Consumption,0.0,1000 Metric Tons
09-21-2026,2026,2027,9,12,soybean-meal,bangladesh,Exports,0.0,1000 Metric Tons
09-21-2026,2026,2027,9,12,soybean-meal,bangladesh,Total Supply,3699.0,1000 Metric Tons
09-21-2026,2026,2027,9,12,soybean-meal,bangladesh,Imports,1350.0,1000 Metric Tons
09-21-2026,2026,2027,9,12,soybean-meal,bangladesh,Production,1913.0,1000 Metric Tons
09-21-2026,2026,2027,9,12,soybean-meal,bangladesh,Beginning Stocks,436.0,1000 Metric Tons
09-21-2026,2026,2027,9,12,soybean-meal,bangladesh,Extraction Rate,0.7889,Percentage (%)
09-21-2026,2026,2027,9,12,soybean-meal,bangladesh,Crush,2425.0,1000 Metric Tons
09-21-2026,2026,2027,9,4,wheat,united-states,Exports,21092.0,1000 Metric Tons
09-21-2026,2026,2027,9,4,wheat,united-states,Feed Domestic Consumption,2177.0,1000 Metric Tons
09-21-2026,2026,2027,9,4,wheat,bangladesh,Beginning Stocks,1383.0,1000 Metric Tons
09-21-2026,2026,2027,9,4,wheat,united-states,Food Seed and Industrial Consumption,27732.0,1000 Metric Tons
09-21-2026,2026,2027,9,4,wheat,bangladesh,Production,1050.0,1000 Metric Tons
09-21-2026,2026,2027,9,4,wheat,bangladesh,Imports,7000.0,1000 Metric Tons
09-21-2026,2026,2027,9,4,wheat,bangladesh,Trade Year Imports,7000.0,1000 Metric Tons
09-21-2026,2026,2027,9,4,wheat,bangladesh,Trade Year Imports From United States,0.0,1000 Metric Tons
09-21-2026,2026,2027,9,4,wheat,bangladesh,Total Supply,9433.0,1000 Metric Tons
09-21-2026,2026,2027,9,4,wheat,bangladesh,Exports,0.0,1000 Metric Tons
09-21-2026,2026,2027,9,4,wheat,bangladesh,Trade Year Exports,0.0,1000 Metric Tons
09-21-2026,2026,2027,9,4,wheat,bangladesh,Feed Domestic Consumption,300.0,1000 Metric Tons
09-21-2026,2026,2027,9,4,wheat,bangladesh,Food Seed and Industrial Consumption,7700.0,1000 Metric Tons
09-21-2026,2026,2027,9,4,wheat,bangladesh,Domestic Consumption,8000.0,1000 Metric Tons
09-21-2026,2026,2027,9,4,wheat,bangladesh,Ending Stocks,1433.0,1000 Metric Tons
09-21-2026,2026,2027,9,4,wheat,bangladesh,Total Distribution,9433.0,1000 Metric Tons
09-21-2026,2026,2027,9,4,wheat,bangladesh,Yield,3.6207,Yield (Metric Tons per Hectare)
09-21-2026,2026,2027,9,4,wheat,mexico,Imports,5800.0,1000 Metric Tons
09-21-2026,2026,2027,9,4,wheat,mexico,Production,2000.0,1000 Metric Tons
09-21-2026,2026,2027,9,4,wheat,mexico,Beginning Stocks,332.0,1000 Metric Tons
09-21-2026,2026,2027,9,4,wheat,mexico,Area Harvested,375.0,1000 Hectares
09-21-2026,2026,2027,9,4,wheat,united-states,Yield,3.2115,Yield (Metric Tons per Hectare)
09-21-2026,2026,2027,9,4,wheat,united-states,Total Distribution,70507.0,1000 Metric Tons
09-21-2026,2026,2027,9,4,wheat,united-states,Ending Stocks,19506.0,1000 Metric Tons
09-21-2026,2026,2027,9,4,wheat,united-states,Domestic Consumption,29909.0,1000 Metric Tons
09-21-2026,2026,2027,9,1,soybeans,indonesia,Crush,0.0,1000 Metric Tons
09-21-2026,2026,2027,9,12,soybean-oil,thailand,Feed Waste Domestic Consumption,0.0,1000 Metric Tons
09-21-2026,2026,2027,9,1,soybeans,indonesia,Total Supply,3513.0,1000 Metric Tons
09-21-2026,2026,2027,9,1,corn,pakistan,Feed Domestic Consumption,7000.0,1000 Metric Tons
09-21-2026,2026,2027,9,1,corn,egypt,Area Harvested,850.0,1000 Hectares
09-21-2026,2026,2027,9,1,corn,china,Yield,6.7621,Yield (Metric Tons per Hectare)
09-21-2026,2026,2027,9,1,corn,china,Total Distribution,489148.0,1000 Metric Tons
09-21-2026,2026,2027,9,1,corn,china,Ending Stocks,165128.0,1000 Metric Tons
09-21-2026,2026,2027,9,1,corn,china,Domestic Consumption,324000.0,1000 Metric Tons
09-21-2026,2026,2027,9,1,corn,china,Food Seed and Industrial Consumption,82000.0,1000 Metric Tons
09-21-2026,2026,2027,9,1,corn,china,Feed Domestic Consumption,242000.0,1000 Metric Tons
09-21-2026,2026,2027,9,1,corn,china,Trade Year Exports,20.0,1000 Metric Tons
09-21-2026,2026,2027,9,1,corn,china,Exports,20.0,1000 Metric Tons
09-21-2026,2026,2027,9,1,corn,china,Total Supply,489148.0,1000 Metric Tons
09-21-2026,2026,2027,9,1,corn,china,Trade Year Imports From United States,0.0,1000 Metric Tons
09-21-2026,2026,2027,9,1,corn,china,Trade Year Imports,5000.0,1000 Metric Tons
09-21-2026,2026,2027,9,1,corn,china,Imports,5000.0,1000 Metric Tons
09-21-2026,2026,2027,9,1,corn,china,Production,307000.0,1000 Metric Tons
09-21-2026,2026,2027,9,1,corn,china,Beginning Stocks,177148.0,1000 Metric Tons
09-21-2026,2026,2027,9,1,corn,china,Area Harvested,45400.0,1000 Hectares
09-21-2026,2026,2027,9,1,corn,thailand,Yield,4.4167,Yield (Metric Tons per Hectare)
09-21-2026,2026,2027,9,1,corn,thailand,Total Distribution,7431.0,1000 Metric Tons
09-21-2026,2026,2027,9,1,corn,thailand,Ending Stocks,181.0,1000 Metric Tons
09-21-2026,2026,2027,9,1,corn,egypt,Beginning Stocks,1991.0,1000 Metric Tons
09-21-2026,2026,2027,9,1,corn,egypt,Production,7000.0,1000 Metric Tons
09-21-2026,2026,2027,9,1,corn,egypt,Imports,13200.0,1000 Metric Tons
09-21-2026,2026,2027,9,1,corn,egypt,Yield,8.2353,Yield (Metric Tons per Hectare)
09-21-2026,2026,2027,9,1,corn,pakistan,Exports,300.0,1000 Metric Tons
09-21-2026,2026,2027,9,1,corn,pakistan,Total Supply,10977.0,1000 Metric Tons
09-21-2026,2026,2027,9,1,corn,pakistan,Trade Year Imports From United States,0.0,1000 Metric Tons
09-21-2026,2026,2027,9,1,corn,pakistan,Trade Year Imports,20.0,1000 Metric Tons
09-21-2026,2026,2027,9,1,corn,pakistan,Imports,20.0,1000 Metric Tons
09-21-2026,2026,2027,9,1,corn,pakistan,Production,9800.0,1000 Metric Tons
09-21-2026,2026,2027,9,1,corn,pakistan,Beginning Stocks,1157.0,1000 Metric Tons
09-21-2026,2026,2027,9,1,corn,pakistan,Area Harvested,1600.0,1000 Hectares
09-21-2026,2026,2027,9,1,corn,egypt,Total Distribution,22191.0,1000 Metric Tons
09-21-2026,2026,2027,9,1,corn,egypt,Trade Year Imports,13200.0,1000 Metric Tons
09-21-2026,2026,2027,9,1,corn,egypt,Ending Stocks,2090.0,1000 Metric Tons
09-21-2026,2026,2027,9,1,corn,egypt,Domestic Consumption,20100.0,1000 Metric Tons
09-21-2026,2026,2027,9,1,corn,egypt,Food Seed and Industrial Consumption,2700.0,1000 Metric Tons
09-21-2026,2026,2027,9,1,corn,egypt,Feed Domestic Consumption,17400.0,1000 Metric Tons
09-21-2026,2026,2027,9,1,corn,egypt,Trade Year Exports,1.0,1000 Metric Tons
09-21-2026,2026,2027,9,1,corn,egypt,Exports,1.0,1000 Metric Tons
09-21-2026,2026,2027,9,1,corn,egypt,Total Supply,22191.0,1000 Metric Tons
09-21-2026,2026,2027,9,1,corn,egypt,Trade Year Imports From United States,0.0,1000 Metric Tons
09-21-2026,2026,2027,9,1,corn,thailand,Domestic Consumption,7200.0,1000 Metric Tons
09-21-2026,2026,2027,9,1,corn,thailand,Food Seed and Industrial Consumption,100.0,1000 Metric Tons
09-21-2026,2026,2027,9,1,corn,thailand,Feed Domestic Consumption,7100.0,1000 Metric Tons
09-21-2026,2026,2027,9,1,corn,nigeria,Exports,50.0,1000 Metric Tons
09-21-2026,2026,2027,9,1,corn,indonesia,Area Harvested,3550.0,1000 Hectares
09-21-2026,2026,2027,9,1,corn,nigeria,Yield,2.2115,Yield (Metric Tons per Hectare)
09-21-2026,2026,2027,9,1,corn,nigeria,Total Distribution,12331.0,1000 Metric Tons
09-21-2026,2026,2027,9,1,corn,nigeria,Ending Stocks,281.0,1000 Metric Tons
09-21-2026,2026,2027,9,1,corn,nigeria,Domestic Consumption,12000.0,1000 Metric Tons
09-21-2026,2026,2027,9,1,corn,nigeria,Food Seed and Industrial Consumption,7100.0,1000 Metric Tons
09-21-2026,2026,2027,9,1,corn,nigeria,Feed Domestic Consumption,4900.0,1000 Metric Tons
09-21-2026,2026,2027,9,1,corn,nigeria,Trade Year Exports,50.0,1000 Metric Tons
09-21-2026,2026,2027,9,1,corn,nigeria,Total Supply,12331.0,1000 Metric Tons
09-21-2026,2026,2027,9,1,corn,indonesia,Production,13500.0,1000 Metric Tons
09-21-2026,2026,2027,9,1,corn,nigeria,Trade Year Imports From United States,0.0,1000 Metric Tons
09-21-2026,2026,2027,9,1,corn,nigeria,Trade Year Imports,500.0,1000 Metric Tons
09-21-2026,2026,2027,9,1,corn,nigeria,Imports,500.0,1000 Metric Tons
09-21-2026,2026,2027,9,1,corn,nigeria,Production,11500.0,1000 Metric Tons
09-21-2026,2026,2027,9,1,corn,nigeria,Beginning Stocks,331.0,1000 Metric Tons
09-21-2026,2026,2027,9,1,corn,nigeria,Area Harvested,5200.0,1000 Hectares
09-21-2026,2026,2027,9,1,corn,philippines,Yield,3.3878,Yield (Metric Tons per Hectare)
09-21-2026,2026,2027,9,1,corn,philippines,Total Distribution,11033.0,1000 Metric Tons
09-21-2026,2026,2027,9,1,corn,indonesia,Beginning Stocks,916.0,1000 Metric Tons
09-21-2026,2026,2027,9,1,corn,indonesia,Imports,1000.0,1000 Metric Tons
09-21-2026,2026,2027,9,1,corn,thailand,Trade Year Exports,50.0,1000 Metric Tons
09-21-2026,2026,2027,9,1,corn,indonesia,Yield,3.8028,Yield (Metric Tons per Hectare)
09-21-2026,2026,2027,9,1,corn,thailand,Exports,50.0,1000 Metric Tons
09-21-2026,2026,2027,9,1,corn,thailand,Total Supply,7431.0,1000 Metric Tons
09-21-2026,2026,2027,9,1,corn,thailand,Trade Year Imports From United States,0.0,1000 Metric Tons
09-21-2026,2026,2027,9,1,corn,thailand,Trade Year Imports,1800.0,1000 Metric Tons
09-21-2026,2026,2027,9,1,corn,thailand,Imports,1800.0,1000 Metric Tons
09-21-2026,2026,2027,9,1,corn,thailand,Production,5300.0,1000 Metric Tons
09-21-2026,2026,2027,9,1,corn,thailand,Beginning Stocks,331.0,1000 Metric Tons
09-21-2026,2026,2027,9,1,corn,thailand,Area Harvested,1200.0,1000 Hectares
09-21-2026,2026,2027,9,1,corn,indonesia,Total Distribution,15416.0,1000 Metric Tons
09-21-2026,2026,2027,9,1,corn,indonesia,Trade Year Imports,1000.0,1000 Metric Tons
09-21-2026,2026,2027,9,1,corn,indonesia,Ending Stocks,1011.0,1000 Metric Tons
09-21-2026,2026,2027,9,1,corn,indonesia,Domestic Consumption,14400.0,1000 Metric Tons
09-21-2026,2026,2027,9,1,corn,indonesia,Food Seed and Industrial Consumption,4600.0,1000 Metric Tons
09-21-2026,2026,2027,9,1,corn,indonesia,Feed Domestic Consumption,9800.0,1000 Metric Tons
09-21-2026,2026,2027,9,1,corn,indonesia,Trade Year Exports,5.0,1000 Metric Tons
09-21-2026,2026,2027,9,1,corn,indonesia,Exports,5.0,1000 Metric Tons
09-21-2026,2026,2027,9,1,corn,indonesia,Total Supply,15416.0,1000 Metric Tons
09-21-2026,2026,2027,9,1,corn,indonesia,Trade Year Imports From United States,0.0,1000 Metric Tons
09-21-2026,2026,2027,9,1,corn,pakistan,Trade Year Exports,300.0,1000 Metric Tons
09-21-2026,2026,2027,9,1,corn,pakistan,Food Seed and Industrial Consumption,2400.0,1000 Metric Tons
09-21-2026,2026,2027,9,1,corn,philippines,Domestic Consumption,10650.0,1000 Metric Tons
09-21-2026,2026,2027,9,1,corn,pakistan,Domestic Consumption,9400.0,1000 Metric Tons
09-21-2026,2026,2027,9,12,soybean-oil,world,Beginning Stocks,6506.0,1000 Metric Tons
09-21-2026,2026,2027,9,12,soybean-oil,world,Extraction Rate,0.195,Percentage (%)
09-21-2026,2026,2027,9,12,soybean-oil,world,Crush,385224.0,1000 Metric Tons
09-21-2026,2026,2027,9,12,soybean-meal,world,Soybean Meal Equivalent,295387.0,1000 Metric Tons
09-21-2026,2026,2027,9,12,soybean-meal,world,Total Distribution,406657.0,1000 Metric Tons
09-21-2026,2026,2027,9,12,soybean-meal,world,Ending Stocks,19651.0,1000 Metric Tons
09-21-2026,2026,2027,9,12,soybean-meal,world,Domestic Consumption,297568.0,1000 Metric Tons
09-21-2026,2026,2027,9,12,soybean-meal,world,Feed Waste Domestic Consumption,295387.0,1000 Metric Tons
09-21-2026,2026,2027,9,12,soybean-meal,world,Food Use Domestic Consumption,811.0,1000 Metric Tons
09-21-2026,2026,2027,9,12,soybean-meal,world,Industrial Domestic Consumption,1370.0,1000 Metric Tons
09-21-2026,2026,2027,9,12,soybean-meal,world,Exports,89438.0,1000 Metric Tons
09-21-2026,2026,2027,9,12,soybean-meal,world,Total Supply,406657.0,1000 Metric Tons
09-21-2026,2026,2027,9,12,soybean-meal,world,Imports,85451.0,1000 Metric Tons
09-21-2026,2026,2027,9,12,soybean-meal,world,Production,301938.0,1000 Metric Tons
09-21-2026,2026,2027,9,12,soybean-meal,world,Beginning Stocks,19268.0,1000 Metric Tons
09-21-2026,2026,2027,9,12,soybean-meal,world,Extraction Rate,0.7838,Percentage (%)
09-21-2026,2026,2027,9,12,soybean-meal,world,Crush,385224.0,1000 Metric Tons
09-21-2026,2026,2027,9,1,soybeans,world,Yield,3.0203,Yield (Metric Tons per Hectare)
09-21-2026,2026,2027,9,1,soybeans,world,Total Distribution,758035.0,1000 Metric Tons
09-21-2026,2026,2027,9,12,soybean-oil,world,Production,75122.0,1000 Metric Tons
09-21-2026,2026,2027,9,12,soybean-oil,world,Imports,13427.0,1000 Metric Tons
09-21-2026,2026,2027,9,12,soybean-oil,world,Total Supply,95055.0,1000 Metric Tons
09-21-2026,2026,2027,9,4,wheat,world,Imports,207479.0,1000 Metric Tons
09-21-2026,2026,2027,9,4,wheat,world,Domestic Consumption,822456.0,1000 Metric Tons
09-21-2026,2026,2027,9,4,wheat,world,Food Seed and Industrial Consumption,657724.0,1000 Metric Tons
09-21-2026,2026,2027,9,4,wheat,world,Feed Domestic Consumption,164732.0,1000 Metric Tons
09-21-2026,2026,2027,9,4,wheat,world,Trade Year Exports,213176.0,1000 Metric Tons
09-21-2026,2026,2027,9,4,wheat,world,Exports,211768.0,1000 Metric Tons
09-21-2026,2026,2027,9,4,wheat,world,Total Supply,1310515.0,1000 Metric Tons
09-21-2026,2026,2027,9,4,wheat,world,Trade Year Imports From United States,0.0,1000 Metric Tons
09-21-2026,2026,2027,9,4,wheat,world,Trade Year Imports,207669.0,1000 Metric Tons
09-21-2026,2026,2027,9,4,wheat,world,Production,822432.0,1000 Metric Tons
09-21-2026,2026,2027,9,12,soybean-oil,world,Exports,14752.0,1000 Metric Tons
09-21-2026,2026,2027,9,4,wheat,world,Beginning Stocks,280604.0,1000 Metric Tons
09-21-2026,2026,2027,9,4,wheat,world,Area Harvested,215326.0,1000 Hectares
09-21-2026,2026,2027,9,12,soybean-oil,world,Total Distribution,95055.0,1000 Metric Tons
09-21-2026,2026,2027,9,12,soybean-oil,world,Ending Stocks,6919.0,1000 Metric Tons
09-21-2026,2026,2027,9,12,soybean-oil,world,Domestic Consumption,73384.0,1000 Metric Tons
09-21-2026,2026,2027,9,12,soybean-oil,world,Feed Waste Domestic Consumption,85.0,1000 Metric Tons
09-21-2026,2026,2027,9,12,soybean-oil,world,Food Use Domestic Consumption,54335.0,1000 Metric Tons
09-21-2026,2026,2027,9,12,soybean-oil,world,Industrial Domestic Consumption,18964.0,1000 Metric Tons
09-21-2026,2026,2027,9,1,soybeans,world,Ending Stocks,124015.0,1000 Metric Tons
09-21-2026,2026,2027,9,1,soybeans,world,Domestic Consumption,442442.0,1000 Metric Tons
09-21-2026,2026,2027,9,1,soybeans,world,Feed Waste Domestic Consumption,31235.0,1000 Metric Tons
09-21-2026,2026,2027,9,1,corn,bangladesh,Total Supply,7824.0,1000 Metric Tons
09-21-2026,2026,2027,9,1,corn,bangladesh,Yield,8.9552,Yield (Metric Tons per Hectare)
09-21-2026,2026,2027,9,1,corn,bangladesh,Total Distribution,7824.0,1000 Metric Tons
09-21-2026,2026,2027,9,1,corn,bangladesh,Ending Stocks,174.0,1000 Metric Tons
09-21-2026,2026,2027,9,1,corn,bangladesh,Domestic Consumption,7650.0,1000 Metric Tons
09-21-2026,2026,2027,9,1,corn,bangladesh,Food Seed and Industrial Consumption,400.0,1000 Metric Tons
09-21-2026,2026,2027,9,1,corn,bangladesh,Feed Domestic Consumption,7250.0,1000 Metric Tons
09-21-2026,2026,2027,9,1,corn,bangladesh,Trade Year Exports,0.0,1000 Metric Tons
09-21-2026,2026,2027,9,1,corn,bangladesh,Exports,0.0,1000 Metric Tons
09-21-2026,2026,2027,9,1,corn,bangladesh,Trade Year Imports From United States,0.0,1000 Metric Tons
09-21-2026,2026,2027,9,1,corn,world,Beginning Stocks,301381.0,1000 Metric Tons
09-21-2026,2026,2027,9,1,corn,bangladesh,Trade Year Imports,2000.0,1000 Metric Tons
09-21-2026,2026,2027,9,1,corn,bangladesh,Imports,1650.0,1000 Metric Tons
09-21-2026,2026,2027,9,1,corn,bangladesh,Production,6000.0,1000 Metric Tons
09-21-2026,2026,2027,9,1,corn,bangladesh,Beginning Stocks,174.0,1000 Metric Tons
09-21-2026,2026,2027,9,1,corn,bangladesh,Area Harvested,670.0,1000 Hectares
09-21-2026,2026,2027,9,1,corn,pakistan,Yield,6.125,Yield (Metric Tons per Hectare)
09-21-2026,2026,2027,9,1,corn,pakistan,Total Distribution,10977.0,1000 Metric Tons
09-21-2026,2026,2027,9,1,corn,pakistan,Ending Stocks,1277.0,1000 Metric Tons
09-21-2026,2026,2027,9,1,corn,world,Area Harvested,213796.0,1000 Hectares
09-21-2026,2026,2027,9,1,corn,world,Production,1290952.0,1000 Metric Tons
09-21-2026,2026,2027,9,1,soybeans,world,Food Use Domestic Consumption,25983.0,1000 Metric Tons
09-21-2026,2026,2027,9,1,corn,world,Total Distribution,1795439.0,1000 Metric Tons
09-21-2026,2026,2027,9,1,soybeans,world,Crush,385224.0,1000 Metric Tons
09-21-2026,2026,2027,9,1,soybeans,world,Exports,191578.0,1000 Metric Tons
09-21-2026,2026,2027,9,1,soybeans,world,Total Supply,758035.0,1000 Metric Tons
09-21-2026,2026,2027,9,1,soybeans,world,Imports,190423.0,1000 Metric Tons
09-21-2026,2026,2027,9,1,soybeans,world,Production,442345.0,1000 Metric Tons
09-21-2026,2026,2027,9,1,soybeans,world,Beginning Stocks,125267.0,1000 Metric Tons
09-21-2026,2026,2027,9,1,soybeans,indonesia,Imports,2925.0,1000 Metric Tons
09-21-2026,2026,2027,9,1,corn,world,Yield,6.0382,Yield (Metric Tons per Hectare)
09-21-2026,2026,2027,9,1,corn,world,Ending Stocks,272101.0,1000 Metric Tons
09-21-2026,2026,2027,9,1,corn,world,Imports,203106.0,1000 Metric Tons
09-21-2026,2026,2027,9,1,corn,world,Domestic Consumption,1313254.0,1000 Metric Tons
09-21-2026,2026,2027,9,1,corn,world,Food Seed and Industrial Consumption,485859.0,1000 Metric Tons
09-21-2026,2026,2027,9,1,corn,world,Feed Domestic Consumption,827395.0,1000 Metric Tons
09-21-2026,2026,2027,9,1,corn,world,Trade Year Exports,211600.0,1000 Metric Tons
09-21-2026,2026,2027,9,1,corn,world,Exports,210084.0,1000 Metric Tons
09-21-2026,2026,2027,9,1,corn,world,Total Supply,1795439.0,1000 Metric Tons
09-21-2026,2026,2027,9,1,corn,world,Trade Year Imports From United States,0.0,1000 Metric Tons
09-21-2026,2026,2027,9,1,corn,world,Trade Year Imports,203811.0,1000 Metric Tons
09-21-2026,2026,2027,9,1,corn,philippines,Ending Stocks,383.0,1000 Metric Tons
09-21-2026,2026,2027,9,1,corn,philippines,Food Seed and Industrial Consumption,4450.0,1000 Metric Tons
09-21-2026,2026,2027,9,4,wheat,world,Total Distribution,1310515.0,1000 Metric Tons
09-21-2026,2026,2027,9,1,corn,european-union,Domestic Consumption,73400.0,1000 Metric Tons
09-21-2026,2026,2027,9,1,corn,colombia,Production,1400.0,1000 Metric Tons
09-21-2026,2026,2027,9,1,corn,colombia,Beginning Stocks,387.0,1000 Metric Tons
09-21-2026,2026,2027,9,1,corn,colombia,Area Harvested,350.0,1000 Hectares
09-21-2026,2026,2027,9,1,corn,south-korea,Yield,5.875,Yield (Metric Tons per Hectare)
09-21-2026,2026,2027,9,1,corn,south-korea,Total Distribution,13716.0,1000 Metric Tons
09-21-2026,2026,2027,9,1,corn,south-korea,Ending Stocks,2166.0,1000 Metric Tons
09-21-2026,2026,2027,9,1,corn,south-korea,Domestic Consumption,11550.0,1000 Metric Tons
09-21-2026,2026,2027,9,1,corn,south-korea,Food Seed and Industrial Consumption,2200.0,1000 Metric Tons
09-21-2026,2026,2027,9,1,corn,south-korea,Feed Domestic Consumption,9350.0,1000 Metric Tons
09-21-2026,2026,2027,9,1,corn,south-korea,Trade Year Exports,0.0,1000 Metric Tons
09-21-2026,2026,2027,9,1,corn,south-korea,Exports,0.0,1000 Metric Tons
09-21-2026,2026,2027,9,1,corn,south-korea,Total Supply,13716.0,1000 Metric Tons
09-21-2026,2026,2027,9,1,corn,south-korea,Trade Year Imports From United States,0.0,1000 Metric Tons
09-21-2026,2026,2027,9,1,corn,south-korea,Trade Year Imports,11500.0,1000 Metric Tons
09-21-2026,2026,2027,9,1,corn,south-korea,Imports,11500.0,1000 Metric Tons
09-21-2026,2026,2027,9,1,corn,south-korea,Production,94.0,1000 Metric Tons
09-21-2026,2026,2027,9,1,corn,south-korea,Beginning Stocks,2122.0,1000 Metric Tons
09-21-2026,2026,2027,9,1,corn,south-korea,Area Harvested,16.0,1000 Hectares
09-21-2026,2026,2027,9,1,corn,japan,Yield,5.6667,Yield (Metric Tons per Hectare)
09-21-2026,2026,2027,9,1,corn,colombia,Imports,8600.0,1000 Metric Tons
09-21-2026,2026,2027,9,1,corn,colombia,Trade Year Imports,8600.0,1000 Metric Tons
09-21-2026,2026,2027,9,1,corn,colombia,Trade Year Imports From United States,0.0,1000 Metric Tons
09-21-2026,2026,2027,9,1,corn,european-union,Beginning Stocks,5949.0,1000 Metric Tons
09-21-2026,2026,2027,9,1,corn,european-union,Feed Domestic Consumption,53400.0,1000 Metric Tons
09-21-2026,2026,2027,9,1,corn,european-union,Trade Year Exports,1600.0,1000 Metric Tons
09-21-2026,2026,2027,9,1,corn,european-union,Exports,1600.0,1000 Metric Tons
09-21-2026,2026,2027,9,1,corn,european-union,Total Supply,80049.0,1000 Metric Tons
09-21-2026,2026,2027,9,1,corn,european-union,Trade Year Imports From United States,0.0,1000 Metric Tons
09-21-2026,2026,2027,9,1,corn,european-union,Trade Year Imports,23500.0,1000 Metric Tons
09-21-2026,2026,2027,9,1,corn,european-union,Imports,23500.0,1000 Metric Tons
09-21-2026,2026,2027,9,1,corn,european-union,Production,50600.0,1000 Metric Tons
09-21-2026,2026,2027,9,1,corn,european-union,Area Harvested,7450.0,1000 Hectares
09-21-2026,2026,2027,9,1,corn,colombia,Total Supply,10387.0,1000 Metric Tons
09-21-2026,2026,2027,9,1,corn,colombia,Yield,4.0,Yield (Metric Tons per Hectare)
09-21-2026,2026,2027,9,1,corn,colombia,Total Distribution,10387.0,1000 Metric Tons
09-21-2026,2026,2027,9,1,corn,colombia,Ending Stocks,385.0,1000 Metric Tons
09-21-2026,2026,2027,9,1,corn,colombia,Domestic Consumption,10000.0,1000 Metric Tons
09-21-2026,2026,2027,9,1,corn,colombia,Food Seed and Industrial Consumption,1600.0,1000 Metric Tons
09-21-2026,2026,2027,9,1,corn,colombia,Feed Domestic Consumption,8400.0,1000 Metric Tons
09-21-2026,2026,2027,9,1,corn,colombia,Trade Year Exports,2.0,1000 Metric Tons
09-21-2026,2026,2027,9,1,corn,colombia,Exports,2.0,1000 Metric Tons
09-21-2026,2026,2027,9,1,corn,japan,Total Distribution,16905.0,1000 Metric Tons
09-21-2026,2026,2027,9,1,corn,japan,Ending Stocks,1405.0,1000 Metric Tons
09-21-2026,2026,2027,9,1,corn,japan,Domestic Consumption,15500.0,1000 Metric Tons
09-21-2026,2026,2027,9,1,corn,united-states,Feed Domestic Consumption,151137.0,1000 Metric Tons
09-21-2026,2026,2027,9,1,corn,mexico,Production,24600.0,1000 Metric Tons
09-21-2026,2026,2027,9,1,corn,mexico,Beginning Stocks,5701.0,1000 Metric Tons
09-21-2026,2026,2027,9,1,corn,mexico,Area Harvested,6400.0,1000 Hectares
09-21-2026,2026,2027,9,1,corn,united-states,Yield,11.2051,Yield (Metric Tons per Hectare)
09-21-2026,2026,2027,9,1,corn,united-states,Total Distribution,450784.0,1000 Metric Tons
09-21-2026,2026,2027,9,1,corn,united-states,Ending Stocks,39793.0,1000 Metric Tons
09-21-2026,2026,2027,9,1,corn,united-states,Domestic Consumption,327802.0,1000 Metric Tons
09-21-2026,2026,2027,9,1,corn,united-states,Food Seed and Industrial Consumption,176665.0,1000 Metric Tons
09-21-2026,2026,2027,9,1,corn,united-states,Trade Year Exports,83000.0,1000 Metric Tons
09-21-2026,2026,2027,9,1,corn,mexico,Trade Year Imports,27200.0,1000 Metric Tons
09-21-2026,2026,2027,9,1,corn,united-states,Exports,83189.0,1000 Metric Tons
09-21-2026,2026,2027,9,1,corn,united-states,Total Supply,450784.0,1000 Metric Tons
09-21-2026,2026,2027,9,1,corn,united-states,Trade Year Imports From United States,0.0,1000 Metric Tons
09-21-2026,2026,2027,9,1,corn,united-states,Trade Year Imports,650.0,1000 Metric Tons
09-21-2026,2026,2027,9,1,corn,united-states,Imports,635.0,1000 Metric Tons
09-21-2026,2026,2027,9,1,corn,united-states,Production,401332.0,1000 Metric Tons
09-21-2026,2026,2027,9,1,corn,united-states,Beginning Stocks,48817.0,1000 Metric Tons
09-21-2026,2026,2027,9,1,corn,united-states,Area Harvested,35817.0,1000 Hectares
09-21-2026,2026,2027,9,1,corn,mexico,Imports,27200.0,1000 Metric Tons
09-21-2026,2026,2027,9,1,corn,mexico,Trade Year Imports From United States,0.0,1000 Metric Tons
09-21-2026,2026,2027,9,1,corn,japan,Food Seed and Industrial Consumption,3300.0,1000 Metric Tons
09-21-2026,2026,2027,9,1,corn,japan,Beginning Stocks,1388.0,1000 Metric Tons
09-21-2026,2026,2027,9,1,corn,japan,Feed Domestic Consumption,12200.0,1000 Metric Tons
09-21-2026,2026,2027,9,1,corn,japan,Trade Year Exports,0.0,1000 Metric Tons
09-21-2026,2026,2027,9,1,corn,japan,Exports,0.0,1000 Metric Tons
09-21-2026,2026,2027,9,1,corn,japan,Total Supply,16905.0,1000 Metric Tons
09-21-2026,2026,2027,9,1,corn,japan,Trade Year Imports From United States,0.0,1000 Metric Tons
09-21-2026,2026,2027,9,1,corn,japan,Trade Year Imports,15500.0,1000 Metric Tons
09-21-2026,2026,2027,9,1,corn,japan,Imports,15500.0,1000 Metric Tons
09-21-2026,2026,2027,9,1,corn,japan,Production,17.0,1000 Metric Tons
09-21-2026,2026,2027,9,1,corn,japan,Area Harvested,3.0,1000 Hectares
09-21-2026,2026,2027,9,1,corn,mexico,Total Supply,57501.0,1000 Metric Tons
09-21-2026,2026,2027,9,1,corn,mexico,Yield,3.8438,Yield (Metric Tons per Hectare)
09-21-2026,2026,2027,9,1,corn,mexico,Total Distribution,57501.0,1000 Metric Tons
09-21-2026,2026,2027,9,1,corn,mexico,Ending Stocks,4781.0,1000 Metric Tons
09-21-2026,2026,2027,9,1,corn,mexico,Domestic Consumption,52700.0,1000 Metric Tons
09-21-2026,2026,2027,9,1,corn,mexico,Food Seed and Industrial Consumption,22200.0,1000 Metric Tons
09-21-2026,2026,2027,9,1,corn,mexico,Feed Domestic Consumption,30500.0,1000 Metric Tons
09-21-2026,2026,2027,9,1,corn,mexico,Trade Year Exports,20.0,1000 Metric Tons
09-21-2026,2026,2027,9,1,corn,mexico,Exports,20.0,1000 Metric Tons
09-21-2026,2026,2027,9,1,corn,european-union,Food Seed and Industrial Consumption,20000.0,1000 Metric Tons
09-21-2026,2026,2027,9,1,corn,european-union,Ending Stocks,5049.0,1000 Metric Tons
09-21-2026,2026,2027,9,1,corn,philippines,Feed Domestic Consumption,6200.0,1000 Metric Tons
09-21-2026,2026,2027,9,1,corn,european-union,Total Distribution,80049.0,1000 Metric Tons
09-21-2026,2026,2027,9,1,corn,honduras,Beginning Stocks,210.0,1000 Metric Tons
09-21-2026,2026,2027,9,1,corn,honduras,Area Harvested,370.0,1000 Hectares
09-21-2026,2026,2027,9,1,corn,canada,Yield,10.7006,Yield (Metric Tons per Hectare)
09-21-2026,2026,2027,9,1,corn,canada,Total Distribution,20801.0,1000 Metric Tons
09-21-2026,2026,2027,9,1,corn,canada,Ending Stocks,2101.0,1000 Metric Tons
09-21-2026,2026,2027,9,1,corn,canada,Domestic Consumption,15700.0,1000 Metric Tons
09-21-2026,2026,2027,9,1,corn,canada,Food Seed and Industrial Consumption,6000.0,1000 Metric Tons
09-21-2026,2026,2027,9,1,corn,canada,Feed Domestic Consumption,9700.0,1000 Metric Tons
09-21-2026,2026,2027,9,1,corn,canada,Trade Year Exports,3000.0,1000 Metric Tons
09-21-2026,2026,2027,9,1,corn,canada,Exports,3000.0,1000 Metric Tons
09-21-2026,2026,2027,9,1,corn,canada,Total Supply,20801.0,1000 Metric Tons
09-21-2026,2026,2027,9,1,corn,canada,Trade Year Imports From United States,0.0,1000 Metric Tons
09-21-2026,2026,2027,9,1,corn,canada,Trade Year Imports,2000.0,1000 Metric Tons
09-21-2026,2026,2027,9,1,corn,canada,Imports,2000.0,1000 Metric Tons
09-21-2026,2026,2027,9,1,corn,canada,Production,16800.0,1000 Metric Tons
09-21-2026,2026,2027,9,1,corn,canada,Beginning Stocks,2001.0,1000 Metric Tons
09-21-2026,2026,2027,9,1,corn,canada,Area Harvested,1570.0,1000 Hectares
09-21-2026,2026,2027,9,1,corn,vietnam,Yield,4.9697,Yield (Metric Tons per Hectare)
09-21-2026,2026,2027,9,1,corn,vietnam,Total Distribution,20302.0,1000 Metric Tons
09-21-2026,2026,2027,9,1,corn,honduras,Production,690.0,1000 Metric Tons
09-21-2026,2026,2027,9,1,corn,honduras,Imports,1150.0,1000 Metric Tons
09-21-2026,2026,2027,9,1,corn,honduras,Trade Year Imports,1150.0,1000 Metric Tons
09-21-2026,2026,2027,9,1,corn,philippines,Area Harvested,2450.0,1000 Hectares
09-21-2026,2026,2027,9,1,corn,philippines,Trade Year Exports,0.0,1000 Metric Tons
09-21-2026,2026,2027,9,1,corn,philippines,Exports,0.0,1000 Metric Tons
09-21-2026,2026,2027,9,1,corn,philippines,Total Supply,11033.0,1000 Metric Tons
09-21-2026,2026,2027,9,1,corn,philippines,Trade Year Imports From United States,0.0,1000 Metric Tons
09-21-2026,2026,2027,9,1,corn,philippines,Trade Year Imports,2600.0,1000 Metric Tons
09-21-2026,2026,2027,9,1,corn,philippines,Imports,2400.0,1000 Metric Tons
09-21-2026,2026,2027,9,1,corn,philippines,Production,8300.0,1000 Metric Tons
09-21-2026,2026,2027,9,1,corn,philippines,Beginning Stocks,333.0,1000 Metric Tons
09-21-2026,2026,2027,9,1,corn,honduras,Yield,1.8649,Yield (Metric Tons per Hectare)
09-21-2026,2026,2027,9,1,corn,honduras,Trade Year Imports From United States,0.0,1000 Metric Tons
09-21-2026,2026,2027,9,1,corn,honduras,Total Distribution,2050.0,1000 Metric Tons
09-21-2026,2026,2027,9,1,corn,honduras,Ending Stocks,170.0,1000 Metric Tons
09-21-2026,2026,2027,9,1,corn,honduras,Domestic Consumption,1875.0,1000 Metric Tons
09-21-2026,2026,2027,9,1,corn,honduras,Food Seed and Industrial Consumption,850.0,1000 Metric Tons
09-21-2026,2026,2027,9,1,corn,honduras,Feed Domestic Consumption,1025.0,1000 Metric Tons
09-21-2026,2026,2027,9,1,corn,honduras,Trade Year Exports,5.0,1000 Metric Tons
09-21-2026,2026,2027,9,1,corn,honduras,Exports,5.0,1000 Metric Tons
09-21-2026,2026,2027,9,1,corn,honduras,Total Supply,2050.0,1000 Metric Tons
09-21-2026,2026,2027,9,1,corn,vietnam,Ending Stocks,952.0,1000 Metric Tons
09-21-2026,2026,2027,9,1,corn,vietnam,Domestic Consumption,18850.0,1000 Metric Tons
09-21-2026,2026,2027,9,1,corn,vietnam,Food Seed and Industrial Consumption,1650.0,1000 Metric Tons
09-21-2026,2026,2027,9,1,corn,taiwan,Trade Year Exports,0.0,1000 Metric Tons
09-21-2026,2026,2027,9,1,corn,guatemala,Beginning Stocks,473.0,1000 Metric Tons
09-21-2026,2026,2027,9,1,corn,guatemala,Area Harvested,895.0,1000 Hectares
09-21-2026,2026,2027,9,1,corn,taiwan,Yield,4.4,Yield (Metric Tons per Hectare)
09-21-2026,2026,2027,9,1,corn,taiwan,Total Distribution,5064.0,1000 Metric Tons
09-21-2026,2026,2027,9,1,corn,taiwan,Ending Stocks,364.0,1000 Metric Tons
09-21-2026,2026,2027,9,1,corn,taiwan,Domestic Consumption,4700.0,1000 Metric Tons
09-21-2026,2026,2027,9,1,corn,taiwan,Food Seed and Industrial Consumption,200.0,1000 Metric Tons
09-21-2026,2026,2027,9,1,corn,taiwan,Feed Domestic Consumption,4500.0,1000 Metric Tons
09-21-2026,2026,2027,9,1,corn,taiwan,Exports,0.0,1000 Metric Tons
09-21-2026,2026,2027,9,1,corn,guatemala,Imports,2000.0,1000 Metric Tons
09-21-2026,2026,2027,9,1,corn,taiwan,Total Supply,5064.0,1000 Metric Tons
09-21-2026,2026,2027,9,1,corn,taiwan,Trade Year Imports From United States,0.0,1000 Metric Tons
09-21-2026,2026,2027,9,1,corn,taiwan,Trade Year Imports,4550.0,1000 Metric Tons
09-21-2026,2026,2027,9,1,corn,taiwan,Imports,4550.0,1000 Metric Tons
09-21-2026,2026,2027,9,1,corn,taiwan,Production,110.0,1000 Metric Tons
09-21-2026,2026,2027,9,1,corn,taiwan,Beginning Stocks,404.0,1000 Metric Tons
09-21-2026,2026,2027,9,1,corn,taiwan,Area Harvested,25.0,1000 Hectares
09-21-2026,2026,2027,9,1,corn,european-union,Yield,6.7919,Yield (Metric Tons per Hectare)
09-21-2026,2026,2027,9,1,corn,guatemala,Production,1635.0,1000 Metric Tons
09-21-2026,2026,2027,9,1,corn,guatemala,Trade Year Imports,2000.0,1000 Metric Tons
09-21-2026,2026,2027,9,1,corn,vietnam,Feed Domestic Consumption,17200.0,1000 Metric Tons
09-21-2026,2026,2027,9,1,corn,vietnam,Area Harvested,825.0,1000 Hectares
09-21-2026,2026,2027,9,1,corn,vietnam,Trade Year Exports,500.0,1000 Metric Tons
09-21-2026,2026,2027,9,1,corn,vietnam,Exports,500.0,1000 Metric Tons
09-21-2026,2026,2027,9,1,corn,vietnam,Total Supply,20302.0,1000 Metric Tons
09-21-2026,2026,2027,9,1,corn,vietnam,Trade Year Imports From United States,0.0,1000 Metric Tons
09-21-2026,2026,2027,9,1,corn,vietnam,Trade Year Imports,15900.0,1000 Metric Tons
09-21-2026,2026,2027,9,1,corn,vietnam,Imports,15200.0,1000 Metric Tons
09-21-2026,2026,2027,9,1,corn,vietnam,Production,4100.0,1000 Metric Tons
09-21-2026,2026,2027,9,1,corn,vietnam,Beginning Stocks,1002.0,1000 Metric Tons
09-21-2026,2026,2027,9,1,corn,guatemala,Yield,1.8268,Yield (Metric Tons per Hectare)
09-21-2026,2026,2027,9,1,corn,guatemala,Trade Year Imports From United States,0.0,1000 Metric Tons
09-21-2026,2026,2027,9,1,corn,guatemala,Total Distribution,4108.0,1000 Metric Tons
09-21-2026,2026,2027,9,1,corn,guatemala,Ending Stocks,398.0,1000 Metric Tons
09-21-2026,2026,2027,9,1,corn,guatemala,Domestic Consumption,3700.0,1000 Metric Tons
09-21-2026,2026,2027,9,1,corn,guatemala,Food Seed and Industrial Consumption,1700.0,1000 Metric Tons
09-21-2026,2026,2027,9,1,corn,guatemala,Feed Domestic Consumption,2000.0,1000 Metric Tons
09-21-2026,2026,2027,9,1,corn,guatemala,Trade Year Exports,10.0,1000 Metric Tons
09-21-2026,2026,2027,9,1,corn,guatemala,Exports,10.0,1000 Metric Tons
09-21-2026,2026,2027,9,1,corn,guatemala,Total Supply,4108.0,1000 Metric Tons
09-21-2026,2026,2027,9,4,wheat,world,Ending Stocks,276291.0,1000 Metric Tons
09-21-2026,2026,2027,9,1,soybeans,world,Area Harvested,146459.0,1000 Hectares
09-21-2026,2026,2027,9,4,wheat,world,Yield,3.8195,Yield (Metric Tons per Hectare)
09-21-2026,2026,2027,9,1,soybeans,japan,Area Harvested,150.0,1000 Hectares
09-21-2026,2026,2027,9,1,soybeans,mexico,Total Distribution,7691.0,1000 Metric Tons
09-21-2026,2026,2027,9,1,soybeans,mexico,Ending Stocks,636.0,1000 Metric Tons
09-21-2026,2026,2027,9,1,soybeans,mexico,Domestic Consumption,7045.0,1000 Metric Tons
09-21-2026,2026,2027,9,1,soybeans,mexico,Feed Waste Domestic Consumption,95.0,1000 Metric Tons
09-21-2026,2026,2027,9,1,soybeans,mexico,Food Use Domestic Consumption,0.0,1000 Metric Tons
09-21-2026,2026,2027,9,1,soybeans,mexico,Crush,6950.0,1000 Metric Tons
09-21-2026,2026,2027,9,1,soybeans,mexico,Exports,10.0,1000 Metric Tons
09-21-2026,2026,2027,9,1,soybeans,mexico,Total Supply,7691.0,1000 Metric Tons
09-21-2026,2026,2027,9,1,soybeans,mexico,Imports,6750.0,1000 Metric Tons
09-21-2026,2026,2027,9,1,soybeans,mexico,Production,315.0,1000 Metric Tons
09-21-2026,2026,2027,9,1,soybeans,mexico,Beginning Stocks,626.0,1000 Metric Tons
09-21-2026,2026,2027,9,1,soybeans,mexico,Area Harvested,150.0,1000 Hectares
09-21-2026,2026,2027,9,1,soybeans,united-states,Yield,3.5512,Yield (Metric Tons per Hectare)
09-21-2026,2026,2027,9,1,soybeans,united-states,Total Distribution,132947.0,1000 Metric Tons
09-21-2026,2026,2027,9,1,soybeans,united-states,Ending Stocks,8432.0,1000 Metric Tons
09-21-2026,2026,2027,9,1,soybeans,united-states,Domestic Consumption,78657.0,1000 Metric Tons
09-21-2026,2026,2027,9,1,soybeans,united-states,Feed Waste Domestic Consumption,2998.0,1000 Metric Tons
09-21-2026,2026,2027,9,1,soybeans,united-states,Food Use Domestic Consumption,0.0,1000 Metric Tons
09-21-2026,2026,2027,9,1,soybeans,united-states,Crush,75659.0,1000 Metric Tons
09-21-2026,2026,2027,9,1,soybeans,united-states,Exports,45858.0,1000 Metric Tons
09-21-2026,2026,2027,9,1,soybeans,united-states,Total Supply,132947.0,1000 Metric Tons
09-21-2026,2026,2027,9,1,soybeans,united-states,Imports,680.0,1000 Metric Tons
09-21-2026,2026,2027,9,1,soybeans,united-states,Production,123422.0,1000 Metric Tons
09-21-2026,2026,2027,9,1,soybeans,mexico,Yield,2.1,Yield (Metric Tons per Hectare)
09-21-2026,2026,2027,9,1,soybeans,japan,Beginning Stocks,160.0,1000 Metric Tons
09-21-2026,2026,2027,9,1,soybeans,colombia,Beginning Stocks,166.0,1000 Metric Tons
09-21-2026,2026,2027,9,1,soybeans,japan,Production,245.0,1000 Metric Tons
09-21-2026,2026,2027,9,1,soybeans,south-korea,Yield,2.1096,Yield (Metric Tons per Hectare)
09-21-2026,2026,2027,9,1,soybeans,south-korea,Total Distribution,1408.0,1000 Metric Tons
09-21-2026,2026,2027,9,1,soybeans,south-korea,Ending Stocks,93.0,1000 Metric Tons
09-21-2026,2026,2027,9,1,soybeans,south-korea,Domestic Consumption,1315.0,1000 Metric Tons
09-21-2026,2026,2027,9,1,soybeans,south-korea,Feed Waste Domestic Consumption,45.0,1000 Metric Tons
09-21-2026,2026,2027,9,1,soybeans,south-korea,Food Use Domestic Consumption,360.0,1000 Metric Tons
09-21-2026,2026,2027,9,1,soybeans,south-korea,Crush,910.0,1000 Metric Tons
09-21-2026,2026,2027,9,1,soybeans,south-korea,Exports,0.0,1000 Metric Tons
09-21-2026,2026,2027,9,1,soybeans,south-korea,Total Supply,1408.0,1000 Metric Tons
09-21-2026,2026,2027,9,1,soybeans,south-korea,Imports,1200.0,1000 Metric Tons
09-21-2026,2026,2027,9,1,soybeans,south-korea,Production,154.0,1000 Metric Tons
09-21-2026,2026,2027,9,1,soybeans,south-korea,Beginning Stocks,54.0,1000 Metric Tons
09-21-2026,2026,2027,9,1,soybeans,south-korea,Area Harvested,73.0,1000 Hectares
09-21-2026,2026,2027,9,1,soybeans,japan,Yield,1.6333,Yield (Metric Tons per Hectare)
09-21-2026,2026,2027,9,1,soybeans,japan,Total Distribution,3655.0,1000 Metric Tons
09-21-2026,2026,2027,9,1,soybeans,japan,Ending Stocks,165.0,1000 Metric Tons
09-21-2026,2026,2027,9,1,soybeans,japan,Domestic Consumption,3490.0,1000 Metric Tons
09-21-2026,2026,2027,9,1,soybeans,japan,Feed Waste Domestic Consumption,90.0,1000 Metric Tons
09-21-2026,2026,2027,9,1,soybeans,japan,Food Use Domestic Consumption,900.0,1000 Metric Tons
09-21-2026,2026,2027,9,1,soybeans,japan,Crush,2500.0,1000 Metric Tons
09-21-2026,2026,2027,9,1,soybeans,japan,Exports,0.0,1000 Metric Tons
09-21-2026,2026,2027,9,1,soybeans,japan,Total Supply,3655.0,1000 Metric Tons
09-21-2026,2026,2027,9,1,soybeans,japan,Imports,3250.0,1000 Metric Tons
09-21-2026,2026,2027,9,1,soybeans,united-states,Beginning Stocks,8845.0,1000 Metric Tons
09-21-2026,2026,2027,9,1,soybeans,united-states,Area Harvested,34755.0,1000 Hectares
09-21-2026,2026,2027,9,12,soybean-oil,thailand,Total Distribution,586.0,1000 Metric Tons
09-21-2026,2026,2027,9,12,soybean-oil,china,Crush,111000.0,1000 Metric Tons
09-21-2026,2026,2027,9,12,soybean-oil,pakistan,Extraction Rate,0.1879,Percentage (%)
09-21-2026,2026,2027,9,12,soybean-oil,pakistan,Beginning Stocks,108.0,1000 Metric Tons
09-21-2026,2026,2027,9,12,soybean-oil,pakistan,Production,620.0,1000 Metric Tons
09-21-2026,2026,2027,9,12,soybean-oil,pakistan,Imports,120.0,1000 Metric Tons
09-21-2026,2026,2027,9,12,soybean-oil,pakistan,Total Supply,848.0,1000 Metric Tons
09-21-2026,2026,2027,9,12,soybean-oil,pakistan,Exports,2.0,1000 Metric Tons
09-21-2026,2026,2027,9,12,soybean-oil,pakistan,Industrial Domestic Consumption,10.0,1000 Metric Tons
09-21-2026,2026,2027,9,12,soybean-oil,pakistan,Food Use Domestic Consumption,735.0,1000 Metric Tons
09-21-2026,2026,2027,9,12,soybean-oil,pakistan,Feed Waste Domestic Consumption,0.0,1000 Metric Tons
09-21-2026,2026,2027,9,12,soybean-oil,pakistan,Domestic Consumption,745.0,1000 Metric Tons
09-21-2026,2026,2027,9,12,soybean-oil,pakistan,Ending Stocks,101.0,1000 Metric Tons
09-21-2026,2026,2027,9,12,soybean-oil,pakistan,Total Distribution,848.0,1000 Metric Tons
09-21-2026,2026,2027,9,12,soybean-oil,bangladesh,Crush,2425.0,1000 Metric Tons
09-21-2026,2026,2027,9,12,soybean-oil,bangladesh,Extraction Rate,0.1823,Percentage (%)
09-21-2026,2026,2027,9,12,soybean-oil,bangladesh,Beginning Stocks,26.0,1000 Metric Tons
09-21-2026,2026,2027,9,12,soybean-oil,bangladesh,Production,442.0,1000 Metric Tons
09-21-2026,2026,2027,9,12,soybean-oil,bangladesh,Imports,800.0,1000 Metric Tons
09-21-2026,2026,2027,9,12,soybean-oil,bangladesh,Total Supply,1268.0,1000 Metric Tons
09-21-2026,2026,2027,9,12,soybean-oil,bangladesh,Exports,0.0,1000 Metric Tons
09-21-2026,2026,2027,9,12,soybean-oil,bangladesh,Industrial Domestic Consumption,120.0,1000 Metric Tons
09-21-2026,2026,2027,9,12,soybean-oil,bangladesh,Food Use Domestic Consumption,1120.0,1000 Metric Tons
09-21-2026,2026,2027,9,12,soybean-oil,bangladesh,Feed Waste Domestic Consumption,0.0,1000 Metric Tons
09-21-2026,2026,2027,9,12,soybean-oil,bangladesh,Domestic Consumption,1240.0,1000 Metric Tons
09-21-2026,2026,2027,9,12,soybean-oil,pakistan,Crush,3300.0,1000 Metric Tons
09-21-2026,2026,2027,9,12,soybean-oil,egypt,Total Distribution,1264.0,1000 Metric Tons
09-21-2026,2026,2027,9,12,soybean-oil,egypt,Ending Stocks,114.0,1000 Metric Tons
09-21-2026,2026,2027,9,12,soybean-oil,china,Ending Stocks,752.0,1000 Metric Tons
09-21-2026,2026,2027,9,12,soybean-oil,china,Extraction Rate,0.1942,Percentage (%)
09-21-2026,2026,2027,9,12,soybean-oil,china,Beginning Stocks,796.0,1000 Metric Tons
09-21-2026,2026,2027,9,12,soybean-oil,china,Production,21556.0,1000 Metric Tons
09-21-2026,2026,2027,9,12,soybean-oil,china,Imports,200.0,1000 Metric Tons
09-21-2026,2026,2027,9,12,soybean-oil,china,Total Supply,22552.0,1000 Metric Tons
09-21-2026,2026,2027,9,12,soybean-oil,china,Exports,1000.0,1000 Metric Tons
09-21-2026,2026,2027,9,12,soybean-oil,china,Industrial Domestic Consumption,0.0,1000 Metric Tons
09-21-2026,2026,2027,9,12,soybean-oil,china,Food Use Domestic Consumption,20800.0,1000 Metric Tons
09-21-2026,2026,2027,9,12,soybean-oil,china,Feed Waste Domestic Consumption,0.0,1000 Metric Tons
09-21-2026,2026,2027,9,12,soybean-oil,china,Domestic Consumption,20800.0,1000 Metric Tons
09-21-2026,2026,2027,9,12,soybean-oil,china,Total Distribution,22552.0,1000 Metric Tons
09-21-2026,2026,2027,9,12,soybean-oil,egypt,Domestic Consumption,1000.0,1000 Metric Tons
09-21-2026,2026,2027,9,12,soybean-oil,egypt,Crush,5000.0,1000 Metric Tons
09-21-2026,2026,2027,9,12,soybean-oil,egypt,Extraction Rate,0.183,Percentage (%)
09-21-2026,2026,2027,9,12,soybean-oil,egypt,Beginning Stocks,149.0,1000 Metric Tons
09-21-2026,2026,2027,9,12,soybean-oil,egypt,Production,915.0,1000 Metric Tons
09-21-2026,2026,2027,9,12,soybean-oil,egypt,Imports,200.0,1000 Metric Tons
09-21-2026,2026,2027,9,12,soybean-oil,egypt,Total Supply,1264.0,1000 Metric Tons
09-21-2026,2026,2027,9,12,soybean-oil,egypt,Exports,150.0,1000 Metric Tons
09-21-2026,2026,2027,9,12,soybean-oil,egypt,Industrial Domestic Consumption,10.0,1000 Metric Tons
09-21-2026,2026,2027,9,12,soybean-oil,egypt,Food Use Domestic Consumption,990.0,1000 Metric Tons
09-21-2026,2026,2027,9,12,soybean-oil,egypt,Feed Waste Domestic Consumption,0.0,1000 Metric Tons
09-21-2026,2026,2027,9,1,soybeans,colombia,Area Harvested,55.0,1000 Hectares
09-21-2026,2026,2027,9,1,soybeans,colombia,Production,140.0,1000 Metric Tons
09-21-2026,2026,2027,9,12,soybean-oil,bangladesh,Total Distribution,1268.0,1000 Metric Tons
09-21-2026,2026,2027,9,1,soybeans,philippines,Imports,160.0,1000 Metric Tons
09-21-2026,2026,2027,9,1,soybeans,philippines,Beginning Stocks,10.0,1000 Metric Tons
09-21-2026,2026,2027,9,1,soybeans,philippines,Area Harvested,1.0,1000 Hectares
09-21-2026,2026,2027,9,1,soybeans,canada,Yield,3.25,Yield (Metric Tons per Hectare)
09-21-2026,2026,2027,9,1,soybeans,canada,Total Distribution,8474.0,1000 Metric Tons
09-21-2026,2026,2027,9,1,soybeans,canada,Ending Stocks,399.0,1000 Metric Tons
09-21-2026,2026,2027,9,1,soybeans,canada,Domestic Consumption,2375.0,1000 Metric Tons
09-21-2026,2026,2027,9,1,soybeans,canada,Feed Waste Domestic Consumption,650.0,1000 Metric Tons
09-21-2026,2026,2027,9,1,soybeans,canada,Food Use Domestic Consumption,0.0,1000 Metric Tons
09-21-2026,2026,2027,9,1,soybeans,canada,Crush,1725.0,1000 Metric Tons
09-21-2026,2026,2027,9,1,soybeans,canada,Exports,5700.0,1000 Metric Tons
09-21-2026,2026,2027,9,1,soybeans,canada,Total Supply,8474.0,1000 Metric Tons
09-21-2026,2026,2027,9,1,soybeans,canada,Imports,380.0,1000 Metric Tons
09-21-2026,2026,2027,9,1,soybeans,canada,Production,7800.0,1000 Metric Tons
09-21-2026,2026,2027,9,1,soybeans,canada,Beginning Stocks,294.0,1000 Metric Tons
09-21-2026,2026,2027,9,1,soybeans,canada,Area Harvested,2400.0,1000 Hectares
09-21-2026,2026,2027,9,1,soybeans,vietnam,Yield,1.6667,Yield (Metric Tons per Hectare)
09-21-2026,2026,2027,9,1,soybeans,vietnam,Total Distribution,4043.0,1000 Metric Tons
09-21-2026,2026,2027,9,1,soybeans,vietnam,Ending Stocks,538.0,1000 Metric Tons
09-21-2026,2026,2027,9,1,soybeans,vietnam,Domestic Consumption,3505.0,1000 Metric Tons
09-21-2026,2026,2027,9,1,soybeans,vietnam,Feed Waste Domestic Consumption,285.0,1000 Metric Tons
09-21-2026,2026,2027,9,1,soybeans,vietnam,Food Use Domestic Consumption,570.0,1000 Metric Tons
09-21-2026,2026,2027,9,1,soybeans,vietnam,Crush,2650.0,1000 Metric Tons
09-21-2026,2026,2027,9,1,soybeans,vietnam,Exports,0.0,1000 Metric Tons
09-21-2026,2026,2027,9,1,soybeans,philippines,Production,1.0,1000 Metric Tons
09-21-2026,2026,2027,9,1,soybeans,philippines,Total Supply,171.0,1000 Metric Tons
09-21-2026,2026,2027,9,1,soybeans,colombia,Imports,560.0,1000 Metric Tons
09-21-2026,2026,2027,9,1,soybeans,philippines,Exports,0.0,1000 Metric Tons
09-21-2026,2026,2027,9,1,soybeans,indonesia,Production,290.0,1000 Metric Tons
09-21-2026,2026,2027,9,1,soybeans,indonesia,Beginning Stocks,298.0,1000 Metric Tons
09-21-2026,2026,2027,9,1,soybeans,indonesia,Area Harvested,270.0,1000 Hectares
09-21-2026,2026,2027,9,1,soybeans,nigeria,Yield,1.0714,Yield (Metric Tons per Hectare)
09-21-2026,2026,2027,9,1,soybeans,nigeria,Total Distribution,1648.0,1000 Metric Tons
09-21-2026,2026,2027,9,1,soybeans,nigeria,Ending Stocks,148.0,1000 Metric Tons
09-21-2026,2026,2027,9,1,soybeans,nigeria,Domestic Consumption,1450.0,1000 Metric Tons
09-21-2026,2026,2027,9,1,soybeans,nigeria,Feed Waste Domestic Consumption,250.0,1000 Metric Tons
09-21-2026,2026,2027,9,1,soybeans,nigeria,Food Use Domestic Consumption,225.0,1000 Metric Tons
09-21-2026,2026,2027,9,1,soybeans,nigeria,Crush,975.0,1000 Metric Tons
09-21-2026,2026,2027,9,1,soybeans,nigeria,Exports,50.0,1000 Metric Tons
09-21-2026,2026,2027,9,1,soybeans,nigeria,Total Supply,1648.0,1000 Metric Tons
09-21-2026,2026,2027,9,1,soybeans,nigeria,Imports,1.0,1000 Metric Tons
09-21-2026,2026,2027,9,1,soybeans,nigeria,Production,1500.0,1000 Metric Tons
09-21-2026,2026,2027,9,1,soybeans,nigeria,Beginning Stocks,147.0,1000 Metric Tons
09-21-2026,2026,2027,9,1,soybeans,nigeria,Area Harvested,1400.0,1000 Hectares
09-21-2026,2026,2027,9,1,soybeans,philippines,Yield,1.0,Yield (Metric Tons per Hectare)
09-21-2026,2026,2027,9,1,soybeans,philippines,Total Distribution,171.0,1000 Metric Tons
09-21-2026,2026,2027,9,1,soybeans,philippines,Ending Stocks,10.0,1000 Metric Tons
09-21-2026,2026,2027,9,1,soybeans,philippines,Domestic Consumption,161.0,1000 Metric Tons
09-21-2026,2026,2027,9,1,soybeans,philippines,Feed Waste Domestic Consumption,50.0,1000 Metric Tons
09-21-2026,2026,2027,9,1,soybeans,philippines,Food Use Domestic Consumption,41.0,1000 Metric Tons
09-21-2026,2026,2027,9,1,soybeans,philippines,Crush,70.0,1000 Metric Tons
09-21-2026,2026,2027,9,1,soybeans,vietnam,Total Supply,4043.0,1000 Metric Tons
09-21-2026,2026,2027,9,1,soybeans,vietnam,Imports,3500.0,1000 Metric Tons
09-21-2026,2026,2027,9,1,soybeans,vietnam,Production,40.0,1000 Metric Tons
09-21-2026,2026,2027,9,1,soybeans,vietnam,Beginning Stocks,503.0,1000 Metric Tons
09-21-2026,2026,2027,9,1,soybeans,taiwan,Area Harvested,5.0,1000 Hectares
09-21-2026,2026,2027,9,1,soybeans,european-union,Yield,2.5455,Yield (Metric Tons per Hectare)
09-21-2026,2026,2027,9,1,soybeans,european-union,Total Distribution,18020.0,1000 Metric Tons
09-21-2026,2026,2027,9,1,soybeans,european-union,Ending Stocks,1400.0,1000 Metric Tons
09-21-2026,2026,2027,9,1,soybeans,european-union,Domestic Consumption,16370.0,1000 Metric Tons
09-21-2026,2026,2027,9,1,soybeans,european-union,Feed Waste Domestic Consumption,1300.0,1000 Metric Tons
09-21-2026,2026,2027,9,1,soybeans,european-union,Food Use Domestic Consumption,220.0,1000 Metric Tons
09-21-2026,2026,2027,9,1,soybeans,european-union,Crush,14850.0,1000 Metric Tons
09-21-2026,2026,2027,9,1,soybeans,european-union,Exports,250.0,1000 Metric Tons
09-21-2026,2026,2027,9,1,soybeans,european-union,Total Supply,18020.0,1000 Metric Tons
09-21-2026,2026,2027,9,1,soybeans,european-union,Imports,13700.0,1000 Metric Tons
09-21-2026,2026,2027,9,1,soybeans,european-union,Production,2800.0,1000 Metric Tons
09-21-2026,2026,2027,9,1,soybeans,european-union,Beginning Stocks,1520.0,1000 Metric Tons
09-21-2026,2026,2027,9,1,soybeans,european-union,Area Harvested,1100.0,1000 Hectares
09-21-2026,2026,2027,9,1,soybeans,colombia,Yield,2.5455,Yield (Metric Tons per Hectare)
09-21-2026,2026,2027,9,1,soybeans,colombia,Total Distribution,866.0,1000 Metric Tons
09-21-2026,2026,2027,9,1,soybeans,colombia,Ending Stocks,181.0,1000 Metric Tons
09-21-2026,2026,2027,9,1,soybeans,colombia,Domestic Consumption,685.0,1000 Metric Tons
09-21-2026,2026,2027,9,1,soybeans,colombia,Feed Waste Domestic Consumption,115.0,1000 Metric Tons
09-21-2026,2026,2027,9,1,soybeans,colombia,Food Use Domestic Consumption,0.0,1000 Metric Tons
09-21-2026,2026,2027,9,1,soybeans,colombia,Crush,570.0,1000 Metric Tons
09-21-2026,2026,2027,9,1,soybeans,colombia,Exports,0.0,1000 Metric Tons
09-21-2026,2026,2027,9,1,soybeans,colombia,Total Supply,866.0,1000 Metric Tons
09-21-2026,2026,2027,9,1,soybeans,taiwan,Beginning Stocks,109.0,1000 Metric Tons
09-21-2026,2026,2027,9,1,soybeans,taiwan,Production,7.0,1000 Metric Tons
09-21-2026,2026,2027,9,1,soybeans,taiwan,Imports,2800.0,1000 Metric Tons
09-21-2026,2026,2027,9,1,soybeans,guatemala,Imports,0.0,1000 Metric Tons
09-21-2026,2026,2027,9,1,soybeans,vietnam,Area Harvested,24.0,1000 Hectares
09-21-2026,2026,2027,9,1,soybeans,guatemala,Yield,2.5,Yield (Metric Tons per Hectare)
09-21-2026,2026,2027,9,1,soybeans,guatemala,Total Distribution,25.0,1000 Metric Tons
09-21-2026,2026,2027,9,1,soybeans,guatemala,Ending Stocks,0.0,1000 Metric Tons
09-21-2026,2026,2027,9,1,soybeans,guatemala,Domestic Consumption,25.0,1000 Metric Tons
09-21-2026,2026,2027,9,1,soybeans,guatemala,Feed Waste Domestic Consumption,1.0,1000 Metric Tons
09-21-2026,2026,2027,9,1,soybeans,guatemala,Food Use Domestic Consumption,0.0,1000 Metric Tons
09-21-2026,2026,2027,9,1,soybeans,guatemala,Crush,24.0,1000 Metric Tons
09-21-2026,2026,2027,9,1,soybeans,guatemala,Exports,0.0,1000 Metric Tons
09-21-2026,2026,2027,9,1,soybeans,guatemala,Total Supply,25.0,1000 Metric Tons
09-21-2026,2026,2027,9,1,soybeans,guatemala,Production,25.0,1000 Metric Tons
09-21-2026,2026,2027,9,1,soybeans,taiwan,Total Supply,2916.0,1000 Metric Tons
09-21-2026,2026,2027,9,1,soybeans,guatemala,Beginning Stocks,0.0,1000 Metric Tons
09-21-2026,2026,2027,9,1,soybeans,guatemala,Area Harvested,10.0,1000 Hectares
09-21-2026,2026,2027,9,1,soybeans,taiwan,Yield,1.4,Yield (Metric Tons per Hectare)
09-21-2026,2026,2027,9,1,soybeans,taiwan,Total Distribution,2916.0,1000 Metric Tons
09-21-2026,2026,2027,9,1,soybeans,taiwan,Ending Stocks,96.0,1000 Metric Tons
09-21-2026,2026,2027,9,1,soybeans,taiwan,Domestic Consumption,2820.0,1000 Metric Tons
09-21-2026,2026,2027,9,1,soybeans,taiwan,Feed Waste Domestic Consumption,300.0,1000 Metric Tons
09-21-2026,2026,2027,9,1,soybeans,taiwan,Food Use Domestic Consumption,320.0,1000 Metric Tons
09-21-2026,2026,2027,9,1,soybeans,taiwan,Crush,2200.0,1000 Metric Tons
09-21-2026,2026,2027,9,1,soybeans,taiwan,Exports,0.0,1000 Metric Tons
09-21-2026,2026,2027,9,12,soybean-oil,bangladesh,Ending Stocks,28.0,1000 Metric Tons
09-21-2026,2026,2027,9,4,wheat,mexico,Trade Year Imports From United States,0.0,1000 Metric Tons
09-21-2026,2026,2026,8,11,soybean-meal,egypt,Industrial Domestic Consumption,0.0,1000 Metric Tons
09-21-2026,2026,2026,7,10,soybean-oil,indonesia,Food Use Domestic Consumption,37.0,1000 Metric Tons
09-21-2026,2026,2026,5,8,soybean-oil,nigeria,Total Distribution,323.0,1000 Metric Tons
09-21-2026,2026,2026,7,10,soybean-oil,indonesia,Crush,0.0,1000 Metric Tons
09-21-2026,2026,2026,7,10,soybean-oil,indonesia,Extraction Rate,0.0,Percentage (%)
09-21-2026,2026,2026,7,10,soybean-oil,indonesia,Beginning Stocks,0.0,1000 Metric Tons
09-21-2026,2026,2026,7,10,soybean-oil,indonesia,Production,0.0,1000 Metric Tons
09-21-2026,2026,2026,7,10,soybean-oil,indonesia,Imports,37.0,1000 Metric Tons
09-21-2026,2026,2026,7,10,soybean-oil,indonesia,Total Supply,37.0,1000 Metric Tons
09-21-2026,2026,2026,7,10,soybean-oil,indonesia,Exports,0.0,1000 Metric Tons
09-21-2026,2026,2026,7,10,soybean-oil,indonesia,Industrial Domestic Consumption,0.0,1000 Metric Tons
09-21-2026,2026,2026,7,10,soybean-oil,indonesia,Feed Waste Domestic Consumption,0.0,1000 Metric Tons
09-21-2026,2026,2026,9,12,soybean-meal,china,Total Supply,86767.0,1000 Metric Tons
09-21-2026,2026,2026,7,10,soybean-oil,indonesia,Domestic Consumption,37.0,1000 Metric Tons
09-21-2026,2026,2026,7,10,soybean-oil,indonesia,Ending Stocks,0.0,1000 Metric Tons
09-21-2026,2026,2026,7,10,soybean-oil,indonesia,Total Distribution,37.0,1000 Metric Tons
09-21-2026,2026,2026,9,12,soybean-meal,china,Exports,1000.0,1000 Metric Tons
09-21-2026,2026,2026,9,12,soybean-meal,china,Industrial Domestic Consumption,1150.0,1000 Metric Tons
09-21-2026,2026,2026,9,12,soybean-meal,china,Food Use Domestic Consumption,0.0,1000 Metric Tons
09-21-2026,2026,2026,9,12,soybean-meal,china,Feed Waste Domestic Consumption,83400.0,1000 Metric Tons
09-21-2026,2026,2026,9,12,soybean-meal,china,Domestic Consumption,84550.0,1000 Metric Tons
09-21-2026,2026,2026,9,12,soybean-meal,china,Ending Stocks,1217.0,1000 Metric Tons
09-21-2026,2026,2026,5,8,soybean-oil,nigeria,Ending Stocks,63.0,1000 Metric Tons
09-21-2026,2026,2026,9,12,soybean-meal,china,Imports,150.0,1000 Metric Tons
09-21-2026,2026,2026,9,12,soybean-meal,china,Soybean Meal Equivalent,83400.0,1000 Metric Tons
09-21-2026,2026,2026,5,8,soybean-oil,nigeria,Domestic Consumption,260.0,1000 Metric Tons
09-21-2026,2026,2026,5,8,soybean-oil,nigeria,Extraction Rate,0.1826,Percentage (%)
09-21-2026,2026,2026,5,8,soybean-oil,nigeria,Beginning Stocks,95.0,1000 Metric Tons
09-21-2026,2026,2026,5,8,soybean-oil,nigeria,Production,178.0,1000 Metric Tons
09-21-2026,2026,2026,5,8,soybean-oil,nigeria,Imports,50.0,1000 Metric Tons
09-21-2026,2026,2026,5,8,soybean-oil,nigeria,Total Supply,323.0,1000 Metric Tons
09-21-2026,2026,2026,5,8,soybean-oil,nigeria,Exports,0.0,1000 Metric Tons
09-21-2026,2026,2026,5,8,soybean-oil,nigeria,Industrial Domestic Consumption,0.0,1000 Metric Tons
09-21-2026,2026,2026,5,8,soybean-oil,nigeria,Food Use Domestic Consumption,260.0,1000 Metric Tons
09-21-2026,2026,2026,5,8,soybean-oil,nigeria,Feed Waste Domestic Consumption,0.0,1000 Metric Tons
09-21-2026,2026,2026,9,12,soybean-oil,south-korea,Food Use Domestic Consumption,615.0,1000 Metric Tons
09-21-2026,2026,2026,9,12,soybean-meal,china,Production,85674.0,1000 Metric Tons
09-21-2026,2026,2026,9,12,soybean-oil,south-korea,Industrial Domestic Consumption,40.0,1000 Metric Tons
09-21-2026,2026,2026,9,12,soybean-oil,south-korea,Exports,2.0,1000 Metric Tons
09-21-2026,2026,2026,9,12,soybean-oil,south-korea,Total Supply,758.0,1000 Metric Tons
09-21-2026,2026,2026,9,12,soybean-oil,south-korea,Imports,460.0,1000 Metric Tons
09-21-2026,2026,2026,9,12,soybean-oil,south-korea,Production,182.0,1000 Metric Tons
09-21-2026,2026,2026,9,12,soybean-oil,south-korea,Beginning Stocks,116.0,1000 Metric Tons
09-21-2026,2026,2026,9,12,soybean-oil,south-korea,Extraction Rate,0.2116,Percentage (%)
09-21-2026,2026,2026,9,12,soybean-oil,south-korea,Crush,860.0,1000 Metric Tons
09-21-2026,2026,2026,9,12,soybean-meal,china,Beginning Stocks,943.0,1000 Metric Tons
09-21-2026,2026,2026,9,12,soybean-meal,china,Total Distribution,86767.0,1000 Metric Tons
09-21-2026,2026,2026,8,11,soybean-meal,egypt,Crush,4850.0,1000 Metric Tons
09-21-2026,2026,2026,5,8,soybean-oil,philippines,Total Distribution,79.0,1000 Metric Tons
09-21-2026,2026,2026,8,11,soybean-oil,egypt,Beginning Stocks,72.0,1000 Metric Tons
09-21-2026,2026,2026,9,12,soybean-oil,china,Exports,1050.0,1000 Metric Tons
09-21-2026,2026,2026,9,12,soybean-oil,china,Industrial Domestic Consumption,0.0,1000 Metric Tons
09-21-2026,2026,2026,9,12,soybean-oil,china,Food Use Domestic Consumption,20900.0,1000 Metric Tons
09-21-2026,2026,2026,9,12,soybean-oil,china,Feed Waste Domestic Consumption,0.0,1000 Metric Tons
09-21-2026,2026,2026,9,12,soybean-oil,china,Domestic Consumption,20900.0,1000 Metric Tons
09-21-2026,2026,2026,9,12,soybean-oil,china,Ending Stocks,796.0,1000 Metric Tons
09-21-2026,2026,2026,9,12,soybean-oil,china,Total Distribution,22746.0,1000 Metric Tons
09-21-2026,2026,2026,8,11,soybean-oil,egypt,Crush,4850.0,1000 Metric Tons
09-21-2026,2026,2026,8,11,soybean-oil,egypt,Extraction Rate,0.1829,Percentage (%)
09-21-2026,2026,2026,8,11,soybean-oil,egypt,Production,887.0,1000 Metric Tons
09-21-2026,2026,2026,9,12,soybean-oil,china,Imports,200.0,1000 Metric Tons
09-21-2026,2026,2026,8,11,soybean-oil,egypt,Imports,275.0,1000 Metric Tons
09-21-2026,2026,2026,8,11,soybean-oil,egypt,Total Supply,1234.0,1000 Metric Tons
09-21-2026,2026,2026,8,11,soybean-oil,egypt,Exports,175.0,1000 Metric Tons
09-21-2026,2026,2026,8,11,soybean-oil,egypt,Industrial Domestic Consumption,10.0,1000 Metric Tons
09-21-2026,2026,2026,8,11,soybean-oil,egypt,Food Use Domestic Consumption,900.0,1000 Metric Tons
09-21-2026,2026,2026,8,11,soybean-oil,egypt,Feed Waste Domestic Consumption,0.0,1000 Metric Tons
09-21-2026,2026,2026,8,11,soybean-oil,egypt,Domestic Consumption,910.0,1000 Metric Tons
09-21-2026,2026,2026,8,11,soybean-oil,egypt,Ending Stocks,149.0,1000 Metric Tons
09-21-2026,2026,2026,8,11,soybean-oil,egypt,Total Distribution,1234.0,1000 Metric Tons
09-21-2026,2026,2026,9,12,soybean-oil,china,Total Supply,22746.0,1000 Metric Tons
09-21-2026,2026,2026,9,12,soybean-oil,china,Production,21800.0,1000 Metric Tons
09-21-2026,2026,2026,8,11,soybean-meal,egypt,Extraction Rate,0.7901,Percentage (%)
09-21-2026,2026,2026,7,10,soybean-oil,thailand,Imports,0.0,1000 Metric Tons
09-21-2026,2026,2026,8,11,soybean-meal,egypt,Beginning Stocks,330.0,1000 Metric Tons
09-21-2026,2026,2026,8,11,soybean-meal,egypt,Production,3832.0,1000 Metric Tons
09-21-2026,2026,2026,8,11,soybean-meal,egypt,Imports,400.0,1000 Metric Tons
09-21-2026,2026,2026,8,11,soybean-meal,egypt,Total Supply,4562.0,1000 Metric Tons
09-21-2026,2026,2026,8,11,soybean-meal,egypt,Exports,10.0,1000 Metric Tons
09-21-2026,2026,2026,7,10,soybean-oil,thailand,Crush,3000.0,1000 Metric Tons
09-21-2026,2026,2026,7,10,soybean-oil,thailand,Extraction Rate,0.1797,Percentage (%)
09-21-2026,2026,2026,7,10,soybean-oil,thailand,Beginning Stocks,29.0,1000 Metric Tons
09-21-2026,2026,2026,7,10,soybean-oil,thailand,Production,539.0,1000 Metric Tons
09-21-2026,2026,2026,7,10,soybean-oil,thailand,Total Supply,568.0,1000 Metric Tons
09-21-2026,2026,2026,9,12,soybean-oil,china,Beginning Stocks,746.0,1000 Metric Tons
09-21-2026,2026,2026,7,10,soybean-oil,thailand,Exports,240.0,1000 Metric Tons
09-21-2026,2026,2026,7,10,soybean-oil,thailand,Industrial Domestic Consumption,50.0,1000 Metric Tons
09-21-2026,2026,2026,7,10,soybean-oil,thailand,Food Use Domestic Consumption,240.0,1000 Metric Tons
09-21-2026,2026,2026,7,10,soybean-oil,thailand,Feed Waste Domestic Consumption,0.0,1000 Metric Tons
09-21-2026,2026,2026,7,10,soybean-oil,thailand,Domestic Consumption,290.0,1000 Metric Tons
09-21-2026,2026,2026,7,10,soybean-oil,thailand,Ending Stocks,38.0,1000 Metric Tons
09-21-2026,2026,2026,7,10,soybean-oil,thailand,Total Distribution,568.0,1000 Metric Tons
09-21-2026,2026,2026,9,12,soybean-oil,china,Crush,109000.0,1000 Metric Tons
09-21-2026,2026,2026,9,12,soybean-oil,china,Extraction Rate,0.2,Percentage (%)
09-21-2026,2026,2026,5,8,soybean-oil,nigeria,Crush,975.0,1000 Metric Tons
09-21-2026,2026,2026,5,8,soybean-oil,philippines,Ending Stocks,5.0,1000 Metric Tons
09-21-2026,2026,2026,8,11,soybean-meal,egypt,Food Use Domestic Consumption,0.0,1000 Metric Tons
09-21-2026,2026,2026,9,12,soybean-oil,vietnam,Total Supply,543.0,1000 Metric Tons
09-21-2026,2026,2026,5,8,soybean-oil,guatemala,Feed Waste Domestic Consumption,0.0,1000 Metric Tons
09-21-2026,2026,2026,5,8,soybean-oil,guatemala,Domestic Consumption,115.0,1000 Metric Tons
09-21-2026,2026,2026,5,8,soybean-oil,guatemala,Ending Stocks,37.0,1000 Metric Tons
09-21-2026,2026,2026,5,8,soybean-oil,guatemala,Total Distribution,162.0,1000 Metric Tons
09-21-2026,2026,2026,9,12,soybean-oil,vietnam,Crush,2200.0,1000 Metric Tons
09-21-2026,2026,2026,9,12,soybean-oil,vietnam,Extraction Rate,0.19,Percentage (%)
09-21-2026,2026,2026,9,12,soybean-oil,vietnam,Beginning Stocks,60.0,1000 Metric Tons
09-21-2026,2026,2026,9,12,soybean-oil,vietnam,Production,418.0,1000 Metric Tons
09-21-2026,2026,2026,9,12,soybean-oil,vietnam,Imports,65.0,1000 Metric Tons
09-21-2026,2026,2026,9,12,soybean-meal,china,Extraction Rate,0.786,Percentage (%)
09-21-2026,2026,2026,5,8,soybean-oil,guatemala,Industrial Domestic Consumption,0.0,1000 Metric Tons
09-21-2026,2026,2026,9,12,soybean-oil,vietnam,Exports,130.0,1000 Metric Tons
09-21-2026,2026,2026,9,12,soybean-oil,vietnam,Industrial Domestic Consumption,0.0,1000 Metric Tons
09-21-2026,2026,2026,9,12,soybean-oil,vietnam,Food Use Domestic Consumption,330.0,1000 Metric Tons
09-21-2026,2026,2026,9,12,soybean-oil,european-union,Feed Waste Domestic Consumption,55.0,1000 Metric Tons
09-21-2026,2026,2026,9,12,soybean-oil,european-union,Food Use Domestic Consumption,1600.0,1000 Metric Tons
09-21-2026,2026,2026,9,12,soybean-oil,european-union,Industrial Domestic Consumption,1250.0,1000 Metric Tons
09-21-2026,2026,2026,9,12,soybean-oil,european-union,Exports,750.0,1000 Metric Tons
09-21-2026,2026,2026,9,12,soybean-oil,european-union,Total Supply,4229.0,1000 Metric Tons
09-21-2026,2026,2026,9,12,soybean-oil,european-union,Imports,750.0,1000 Metric Tons
09-21-2026,2026,2026,5,8,soybean-oil,guatemala,Food Use Domestic Consumption,115.0,1000 Metric Tons
09-21-2026,2026,2026,5,8,soybean-oil,guatemala,Exports,10.0,1000 Metric Tons
09-21-2026,2026,2026,9,12,soybean-oil,european-union,Beginning Stocks,629.0,1000 Metric Tons
09-21-2026,2026,2026,9,12,soybean-oil,european-union,Ending Stocks,574.0,1000 Metric Tons
09-21-2026,2026,2026,5,8,soybean-oil,taiwan,Industrial Domestic Consumption,20.0,1000 Metric Tons
09-21-2026,2026,2026,5,8,soybean-oil,taiwan,Exports,25.0,1000 Metric Tons
09-21-2026,2026,2026,5,8,soybean-oil,taiwan,Total Supply,417.0,1000 Metric Tons
09-21-2026,2026,2026,5,8,soybean-oil,taiwan,Imports,0.0,1000 Metric Tons
09-21-2026,2026,2026,5,8,soybean-oil,taiwan,Production,388.0,1000 Metric Tons
09-21-2026,2026,2026,5,8,soybean-oil,taiwan,Beginning Stocks,29.0,1000 Metric Tons
09-21-2026,2026,2026,5,8,soybean-oil,taiwan,Extraction Rate,0.178,Percentage (%)
09-21-2026,2026,2026,5,8,soybean-oil,taiwan,Crush,2180.0,1000 Metric Tons
09-21-2026,2026,2026,9,12,soybean-oil,european-union,Total Distribution,4229.0,1000 Metric Tons
09-21-2026,2026,2026,9,12,soybean-oil,european-union,Domestic Consumption,2905.0,1000 Metric Tons
09-21-2026,2026,2026,5,8,soybean-oil,guatemala,Total Supply,162.0,1000 Metric Tons
09-21-2026,2026,2026,5,8,soybean-oil,taiwan,Feed Waste Domestic Consumption,0.0,1000 Metric Tons
09-21-2026,2026,2026,5,8,soybean-oil,taiwan,Domestic Consumption,370.0,1000 Metric Tons
09-21-2026,2026,2026,5,8,soybean-oil,taiwan,Ending Stocks,22.0,1000 Metric Tons
09-21-2026,2026,2026,5,8,soybean-oil,taiwan,Total Distribution,417.0,1000 Metric Tons
09-21-2026,2026,2026,5,8,soybean-oil,guatemala,Crush,35.0,1000 Metric Tons
09-21-2026,2026,2026,5,8,soybean-oil,guatemala,Extraction Rate,0.1714,Percentage (%)
09-21-2026,2026,2026,5,8,soybean-oil,guatemala,Beginning Stocks,36.0,1000 Metric Tons
09-21-2026,2026,2026,5,8,soybean-oil,guatemala,Production,6.0,1000 Metric Tons
09-21-2026,2026,2026,5,8,soybean-oil,guatemala,Imports,120.0,1000 Metric Tons
09-21-2026,2026,2026,9,12,soybean-oil,european-union,Production,2850.0,1000 Metric Tons
09-21-2026,2026,2026,9,12,soybean-oil,european-union,Extraction Rate,0.19,Percentage (%)
09-21-2026,2026,2026,9,12,soybean-oil,south-korea,Feed Waste Domestic Consumption,0.0,1000 Metric Tons
09-21-2026,2026,2026,8,11,soybean-oil,colombia,Industrial Domestic Consumption,0.0,1000 Metric Tons
09-21-2026,2026,2026,5,8,soybean-oil,philippines,Imports,60.0,1000 Metric Tons
09-21-2026,2026,2026,5,8,soybean-oil,philippines,Total Supply,79.0,1000 Metric Tons
09-21-2026,2026,2026,5,8,soybean-oil,philippines,Exports,0.0,1000 Metric Tons
09-21-2026,2026,2026,5,8,soybean-oil,philippines,Industrial Domestic Consumption,4.0,1000 Metric Tons
09-21-2026,2026,2026,5,8,soybean-oil,philippines,Food Use Domestic Consumption,70.0,1000 Metric Tons
09-21-2026,2026,2026,5,8,soybean-oil,philippines,Feed Waste Domestic Consumption,0.0,1000 Metric Tons
09-21-2026,2026,2026,5,8,soybean-oil,philippines,Domestic Consumption,74.0,1000 Metric Tons
09-21-2026,2026,2026,8,11,soybean-oil,colombia,Feed Waste Domestic Consumption,0.0,1000 Metric Tons
09-21-2026,2026,2026,8,11,soybean-oil,colombia,Food Use Domestic Consumption,420.0,1000 Metric Tons
09-21-2026,2026,2026,8,11,soybean-oil,colombia,Exports,50.0,1000 Metric Tons
09-21-2026,2026,2026,5,8,soybean-oil,philippines,Beginning Stocks,5.0,1000 Metric Tons
09-21-2026,2026,2026,8,11,soybean-oil,colombia,Total Supply,516.0,1000 Metric Tons
09-21-2026,2026,2026,8,11,soybean-oil,colombia,Imports,350.0,1000 Metric Tons
09-21-2026,2026,2026,8,11,soybean-oil,colombia,Production,100.0,1000 Metric Tons
09-21-2026,2026,2026,8,11,soybean-oil,colombia,Beginning Stocks,66.0,1000 Metric Tons
09-21-2026,2026,2026,8,11,soybean-oil,colombia,Extraction Rate,0.1887,Percentage (%)
09-21-2026,2026,2026,8,11,soybean-oil,colombia,Crush,530.0,1000 Metric Tons
09-21-2026,2026,2026,9,12,soybean-oil,south-korea,Total Distribution,758.0,1000 Metric Tons
09-21-2026,2026,2026,9,12,soybean-oil,south-korea,Ending Stocks,101.0,1000 Metric Tons
09-21-2026,2026,2026,9,12,soybean-oil,south-korea,Domestic Consumption,655.0,1000 Metric Tons
09-21-2026,2026,2026,5,8,soybean-oil,philippines,Production,14.0,1000 Metric Tons
09-21-2026,2026,2026,5,8,soybean-oil,philippines,Extraction Rate,0.2,Percentage (%)
09-21-2026,2026,2026,9,12,soybean-oil,european-union,Crush,15000.0,1000 Metric Tons
09-21-2026,2026,2026,9,12,soybean-oil,canada,Beginning Stocks,177.0,1000 Metric Tons
09-21-2026,2026,2026,8,11,soybean-oil,colombia,Total Distribution,516.0,1000 Metric Tons
09-21-2026,2026,2026,8,11,soybean-oil,colombia,Ending Stocks,46.0,1000 Metric Tons
09-21-2026,2026,2026,8,11,soybean-oil,colombia,Domestic Consumption,420.0,1000 Metric Tons
09-21-2026,2026,2026,9,12,soybean-oil,vietnam,Feed Waste Domestic Consumption,0.0,1000 Metric Tons
09-21-2026,2026,2026,9,12,soybean-oil,vietnam,Domestic Consumption,330.0,1000 Metric Tons
09-21-2026,2026,2026,9,12,soybean-oil,vietnam,Ending Stocks,83.0,1000 Metric Tons
09-21-2026,2026,2026,9,12,soybean-oil,vietnam,Total Distribution,543.0,1000 Metric Tons
09-21-2026,2026,2026,9,12,soybean-oil,canada,Crush,1725.0,1000 Metric Tons
09-21-2026,2026,2026,9,12,soybean-oil,canada,Extraction Rate,0.1901,Percentage (%)
09-21-2026,2026,2026,9,12,soybean-oil,canada,Production,328.0,1000 Metric Tons
09-21-2026,2026,2026,5,8,soybean-oil,philippines,Crush,70.0,1000 Metric Tons
09-21-2026,2026,2026,9,12,soybean-oil,canada,Imports,476.0,1000 Metric Tons
09-21-2026,2026,2026,9,12,soybean-oil,canada,Total Supply,981.0,1000 Metric Tons
09-21-2026,2026,2026,9,12,soybean-oil,canada,Exports,156.0,1000 Metric Tons
09-21-2026,2026,2026,9,12,soybean-oil,canada,Industrial Domestic Consumption,480.0,1000 Metric Tons
09-21-2026,2026,2026,9,12,soybean-oil,canada,Food Use Domestic Consumption,200.0,1000 Metric Tons
09-21-2026,2026,2026,9,12,soybean-oil,canada,Feed Waste Domestic Consumption,0.0,1000 Metric Tons
09-21-2026,2026,2026,9,12,soybean-oil,canada,Domestic Consumption,680.0,1000 Metric Tons
09-21-2026,2026,2026,9,12,soybean-oil,canada,Ending Stocks,145.0,1000 Metric Tons
09-21-2026,2026,2026,9,12,soybean-oil,canada,Total Distribution,981.0,1000 Metric Tons
09-21-2026,2026,2026,8,11,soybean-oil,pakistan,Crush,3050.0,1000 Metric Tons
09-21-2026,2026,2026,8,11,soybean-oil,pakistan,Extraction Rate,0.1872,Percentage (%)
09-21-2026,2026,2026,8,11,soybean-oil,pakistan,Beginning Stocks,79.0,1000 Metric Tons
09-21-2026,2026,2026,5,8,soybean-meal,honduras,Total Distribution,531.0,1000 Metric Tons
09-21-2026,2026,2026,5,8,soybean-meal,honduras,Production,0.0,1000 Metric Tons
09-21-2026,2026,2026,5,8,soybean-meal,honduras,Imports,500.0,1000 Metric Tons
09-21-2026,2026,2026,5,8,soybean-meal,honduras,Total Supply,531.0,1000 Metric Tons
09-21-2026,2026,2026,5,8,soybean-meal,honduras,Exports,50.0,1000 Metric Tons
09-21-2026,2026,2026,5,8,soybean-meal,honduras,Industrial Domestic Consumption,0.0,1000 Metric Tons
09-21-2026,2026,2026,5,8,soybean-meal,honduras,Food Use Domestic Consumption,0.0,1000 Metric Tons
09-21-2026,2026,2026,5,8,soybean-meal,honduras,Feed Waste Domestic Consumption,450.0,1000 Metric Tons
09-21-2026,2026,2026,5,8,soybean-meal,honduras,Domestic Consumption,450.0,1000 Metric Tons
09-21-2026,2026,2026,5,8,soybean-meal,honduras,Ending Stocks,31.0,1000 Metric Tons
09-21-2026,2026,2026,5,8,soybean-meal,honduras,Soybean Meal Equivalent,450.0,1000 Metric Tons
09-21-2026,2026,2026,5,8,soybean-meal,honduras,Extraction Rate,0.0,Percentage (%)
09-21-2026,2026,2026,8,11,soybean-meal,philippines,Crush,70.0,1000 Metric Tons
09-21-2026,2026,2026,8,11,soybean-meal,philippines,Extraction Rate,0.7714,Percentage (%)
09-21-2026,2026,2026,8,11,soybean-meal,philippines,Beginning Stocks,232.0,1000 Metric Tons
09-21-2026,2026,2026,8,11,soybean-meal,philippines,Production,54.0,1000 Metric Tons
09-21-2026,2026,2026,8,11,soybean-meal,philippines,Imports,3500.0,1000 Metric Tons
09-21-2026,2026,2026,8,11,soybean-meal,philippines,Total Supply,3786.0,1000 Metric Tons
09-21-2026,2026,2026,8,11,soybean-meal,philippines,Exports,0.0,1000 Metric Tons
09-21-2026,2026,2026,8,11,soybean-meal,philippines,Industrial Domestic Consumption,0.0,1000 Metric Tons
09-21-2026,2026,2026,8,11,soybean-meal,philippines,Food Use Domestic Consumption,0.0,1000 Metric Tons
09-21-2026,2026,2026,5,8,soybean-meal,honduras,Beginning Stocks,31.0,1000 Metric Tons
09-21-2026,2026,2026,5,8,soybean-meal,honduras,Crush,0.0,1000 Metric Tons
09-21-2026,2026,2026,8,11,soybean-meal,philippines,Domestic Consumption,3530.0,1000 Metric Tons
09-21-2026,2026,2026,5,8,soybean-oil,taiwan,Food Use Domestic Consumption,350.0,1000 Metric Tons
09-21-2026,2026,2026,5,8,soybean-meal,vietnam,Industrial Domestic Consumption,0.0,1000 Metric Tons
09-21-2026,2026,2026,5,8,soybean-meal,vietnam,Food Use Domestic Consumption,95.0,1000 Metric Tons
09-21-2026,2026,2026,5,8,soybean-meal,vietnam,Feed Waste Domestic Consumption,8000.0,1000 Metric Tons
09-21-2026,2026,2026,5,8,soybean-meal,vietnam,Domestic Consumption,8095.0,1000 Metric Tons
09-21-2026,2026,2026,5,8,soybean-meal,vietnam,Ending Stocks,471.0,1000 Metric Tons
09-21-2026,2026,2026,5,8,soybean-meal,vietnam,Total Distribution,8626.0,1000 Metric Tons
09-21-2026,2026,2026,5,8,soybean-meal,vietnam,Soybean Meal Equivalent,8000.0,1000 Metric Tons
09-21-2026,2026,2026,9,12,soybean-meal,canada,Crush,1725.0,1000 Metric Tons
09-21-2026,2026,2026,9,12,soybean-meal,canada,Extraction Rate,0.7977,Percentage (%)
09-21-2026,2026,2026,9,12,soybean-meal,canada,Production,1376.0,1000 Metric Tons
09-21-2026,2026,2026,9,12,soybean-meal,canada,Soybean Meal Equivalent,2400.0,1000 Metric Tons
09-21-2026,2026,2026,9,12,soybean-meal,canada,Imports,1462.0,1000 Metric Tons
09-21-2026,2026,2026,9,12,soybean-meal,canada,Total Supply,2991.0,1000 Metric Tons
09-21-2026,2026,2026,9,12,soybean-meal,canada,Exports,391.0,1000 Metric Tons
09-21-2026,2026,2026,9,12,soybean-meal,canada,Industrial Domestic Consumption,0.0,1000 Metric Tons
09-21-2026,2026,2026,9,12,soybean-meal,canada,Food Use Domestic Consumption,0.0,1000 Metric Tons
09-21-2026,2026,2026,9,12,soybean-meal,canada,Feed Waste Domestic Consumption,2400.0,1000 Metric Tons
09-21-2026,2026,2026,9,12,soybean-meal,canada,Domestic Consumption,2400.0,1000 Metric Tons
09-21-2026,2026,2026,9,12,soybean-meal,canada,Ending Stocks,200.0,1000 Metric Tons
09-21-2026,2026,2026,9,12,soybean-meal,canada,Total Distribution,2991.0,1000 Metric Tons
09-21-2026,2026,2026,8,11,soybean-meal,philippines,Feed Waste Domestic Consumption,3530.0,1000 Metric Tons
09-21-2026,2026,2026,8,11,soybean-meal,philippines,Ending Stocks,256.0,1000 Metric Tons
09-21-2026,2026,2026,8,11,soybean-oil,pakistan,Production,571.0,1000 Metric Tons
09-21-2026,2026,2026,8,11,soybean-meal,thailand,Imports,3250.0,1000 Metric Tons
09-21-2026,2026,2026,9,12,soybean-meal,indonesia,Feed Waste Domestic Consumption,6450.0,1000 Metric Tons
09-21-2026,2026,2026,9,12,soybean-meal,indonesia,Domestic Consumption,6450.0,1000 Metric Tons
09-21-2026,2026,2026,9,12,soybean-meal,indonesia,Ending Stocks,435.0,1000 Metric Tons
09-21-2026,2026,2026,9,12,soybean-meal,indonesia,Total Distribution,6885.0,1000 Metric Tons
09-21-2026,2026,2026,9,12,soybean-meal,indonesia,Soybean Meal Equivalent,6450.0,1000 Metric Tons
09-21-2026,2026,2026,8,11,soybean-meal,thailand,Crush,3000.0,1000 Metric Tons
09-21-2026,2026,2026,8,11,soybean-meal,thailand,Extraction Rate,0.7787,Percentage (%)
09-21-2026,2026,2026,8,11,soybean-meal,thailand,Beginning Stocks,206.0,1000 Metric Tons
09-21-2026,2026,2026,8,11,soybean-meal,thailand,Production,2336.0,1000 Metric Tons
09-21-2026,2026,2026,8,11,soybean-meal,thailand,Total Supply,5792.0,1000 Metric Tons
09-21-2026,2026,2026,9,12,soybean-meal,indonesia,Industrial Domestic Consumption,0.0,1000 Metric Tons
09-21-2026,2026,2026,8,11,soybean-meal,thailand,Exports,125.0,1000 Metric Tons
09-21-2026,2026,2026,8,11,soybean-meal,thailand,Industrial Domestic Consumption,0.0,1000 Metric Tons
09-21-2026,2026,2026,8,11,soybean-meal,thailand,Food Use Domestic Consumption,0.0,1000 Metric Tons
09-21-2026,2026,2026,8,11,soybean-meal,thailand,Feed Waste Domestic Consumption,5400.0,1000 Metric Tons
09-21-2026,2026,2026,8,11,soybean-meal,thailand,Domestic Consumption,5400.0,1000 Metric Tons
09-21-2026,2026,2026,8,11,soybean-meal,thailand,Ending Stocks,267.0,1000 Metric Tons
09-21-2026,2026,2026,8,11,soybean-meal,thailand,Total Distribution,5792.0,1000 Metric Tons
09-21-2026,2026,2026,8,11,soybean-meal,thailand,Soybean Meal Equivalent,5400.0,1000 Metric Tons
09-21-2026,2026,2026,9,12,soybean-meal,china,Crush,109000.0,1000 Metric Tons
09-21-2026,2026,2026,9,12,soybean-meal,indonesia,Food Use Domestic Consumption,0.0,1000 Metric Tons
09-21-2026,2026,2026,9,12,soybean-meal,indonesia,Exports,0.0,1000 Metric Tons
09-21-2026,2026,2026,8,11,soybean-meal,philippines,Total Distribution,3786.0,1000 Metric Tons
09-21-2026,2026,2026,8,11,soybean-meal,nigeria,Food Use Domestic Consumption,0.0,1000 Metric Tons
09-21-2026,2026,2026,8,11,soybean-meal,philippines,Soybean Meal Equivalent,3530.0,1000 Metric Tons
09-21-2026,2026,2026,8,11,soybean-meal,nigeria,Crush,975.0,1000 Metric Tons
09-21-2026,2026,2026,8,11,soybean-meal,nigeria,Extraction Rate,0.7774,Percentage (%)
09-21-2026,2026,2026,8,11,soybean-meal,nigeria,Beginning Stocks,98.0,1000 Metric Tons
09-21-2026,2026,2026,8,11,soybean-meal,nigeria,Production,758.0,1000 Metric Tons
09-21-2026,2026,2026,8,11,soybean-meal,nigeria,Imports,1.0,1000 Metric Tons
09-21-2026,2026,2026,8,11,soybean-meal,nigeria,Total Supply,857.0,1000 Metric Tons
09-21-2026,2026,2026,8,11,soybean-meal,nigeria,Exports,150.0,1000 Metric Tons
09-21-2026,2026,2026,8,11,soybean-meal,nigeria,Industrial Domestic Consumption,0.0,1000 Metric Tons
09-21-2026,2026,2026,8,11,soybean-meal,nigeria,Feed Waste Domestic Consumption,600.0,1000 Metric Tons
09-21-2026,2026,2026,9,12,soybean-meal,indonesia,Total Supply,6885.0,1000 Metric Tons
09-21-2026,2026,2026,8,11,soybean-meal,nigeria,Domestic Consumption,600.0,1000 Metric Tons
09-21-2026,2026,2026,8,11,soybean-meal,nigeria,Ending Stocks,107.0,1000 Metric Tons
09-21-2026,2026,2026,8,11,soybean-meal,nigeria,Total Distribution,857.0,1000 Metric Tons
09-21-2026,2026,2026,8,11,soybean-meal,nigeria,Soybean Meal Equivalent,600.0,1000 Metric Tons
09-21-2026,2026,2026,9,12,soybean-meal,indonesia,Crush,0.0,1000 Metric Tons
09-21-2026,2026,2026,9,12,soybean-meal,indonesia,Extraction Rate,0.0,Percentage (%)
09-21-2026,2026,2026,9,12,soybean-meal,indonesia,Beginning Stocks,385.0,1000 Metric Tons
09-21-2026,2026,2026,9,12,soybean-meal,indonesia,Production,0.0,1000 Metric Tons
09-21-2026,2026,2026,9,12,soybean-meal,indonesia,Imports,6500.0,1000 Metric Tons
09-21-2026,2026,2026,5,8,soybean-meal,vietnam,Exports,60.0,1000 Metric Tons
09-21-2026,2026,2026,5,8,soybean-meal,vietnam,Total Supply,8626.0,1000 Metric Tons
09-21-2026,2026,2026,5,8,soybean-meal,vietnam,Imports,6550.0,1000 Metric Tons
09-21-2026,2026,2026,9,12,soybean-oil,mexico,Crush,6850.0,1000 Metric Tons
09-21-2026,2026,2026,9,12,soybean-oil,united-states,Imports,204.0,1000 Metric Tons
09-21-2026,2026,2026,9,12,soybean-oil,united-states,Total Supply,15044.0,1000 Metric Tons
09-21-2026,2026,2026,9,12,soybean-oil,united-states,Exports,442.0,1000 Metric Tons
09-21-2026,2026,2026,9,12,soybean-oil,united-states,Industrial Domestic Consumption,6713.0,1000 Metric Tons
09-21-2026,2026,2026,9,12,soybean-oil,united-states,Food Use Domestic Consumption,7056.0,1000 Metric Tons
09-21-2026,2026,2026,9,12,soybean-oil,united-states,Feed Waste Domestic Consumption,0.0,1000 Metric Tons
09-21-2026,2026,2026,9,12,soybean-oil,united-states,Domestic Consumption,13769.0,1000 Metric Tons
09-21-2026,2026,2026,9,12,soybean-oil,united-states,Ending Stocks,833.0,1000 Metric Tons
09-21-2026,2026,2026,9,12,soybean-oil,united-states,Total Distribution,15044.0,1000 Metric Tons
09-21-2026,2026,2026,9,12,soybean-oil,mexico,Extraction Rate,0.1845,Percentage (%)
09-21-2026,2026,2026,9,12,soybean-oil,united-states,Beginning Stocks,792.0,1000 Metric Tons
09-21-2026,2026,2026,9,12,soybean-oil,mexico,Beginning Stocks,164.0,1000 Metric Tons
09-21-2026,2026,2026,9,12,soybean-oil,mexico,Production,1264.0,1000 Metric Tons
09-21-2026,2026,2026,9,12,soybean-oil,mexico,Imports,200.0,1000 Metric Tons
09-21-2026,2026,2026,9,12,soybean-oil,mexico,Total Supply,1628.0,1000 Metric Tons
09-21-2026,2026,2026,9,12,soybean-oil,mexico,Exports,40.0,1000 Metric Tons
09-21-2026,2026,2026,9,12,soybean-oil,mexico,Industrial Domestic Consumption,0.0,1000 Metric Tons
09-21-2026,2026,2026,9,12,soybean-oil,mexico,Food Use Domestic Consumption,1400.0,1000 Metric Tons
09-21-2026,2026,2026,9,12,soybean-oil,mexico,Feed Waste Domestic Consumption,0.0,1000 Metric Tons
09-21-2026,2026,2026,9,12,soybean-oil,mexico,Domestic Consumption,1400.0,1000 Metric Tons
09-21-2026,2026,2026,9,12,soybean-oil,united-states,Production,14048.0,1000 Metric Tons
09-21-2026,2026,2026,9,12,soybean-oil,united-states,Extraction Rate,0.1944,Percentage (%)
09-21-2026,2026,2026,5,8,soybean-meal,vietnam,Production,1717.0,1000 Metric Tons
09-21-2026,2026,2026,8,11,soybean-oil,bangladesh,Crush,2300.0,1000 Metric Tons
09-21-2026,2026,2026,8,11,soybean-oil,pakistan,Imports,130.0,1000 Metric Tons
09-21-2026,2026,2026,8,11,soybean-oil,pakistan,Total Supply,780.0,1000 Metric Tons
09-21-2026,2026,2026,8,11,soybean-oil,pakistan,Exports,2.0,1000 Metric Tons
09-21-2026,2026,2026,8,11,soybean-oil,pakistan,Industrial Domestic Consumption,10.0,1000 Metric Tons
09-21-2026,2026,2026,8,11,soybean-oil,pakistan,Food Use Domestic Consumption,660.0,1000 Metric Tons
09-21-2026,2026,2026,8,11,soybean-oil,pakistan,Feed Waste Domestic Consumption,0.0,1000 Metric Tons
09-21-2026,2026,2026,8,11,soybean-oil,pakistan,Domestic Consumption,670.0,1000 Metric Tons
09-21-2026,2026,2026,8,11,soybean-oil,pakistan,Ending Stocks,108.0,1000 Metric Tons
09-21-2026,2026,2026,8,11,soybean-oil,pakistan,Total Distribution,780.0,1000 Metric Tons
09-21-2026,2026,2026,8,11,soybean-oil,bangladesh,Extraction Rate,0.1822,Percentage (%)
09-21-2026,2026,2026,9,12,soybean-oil,united-states,Crush,72257.0,1000 Metric Tons
09-21-2026,2026,2026,8,11,soybean-oil,bangladesh,Beginning Stocks,100.0,1000 Metric Tons
09-21-2026,2026,2026,8,11,soybean-oil,bangladesh,Production,419.0,1000 Metric Tons
09-21-2026,2026,2026,8,11,soybean-oil,bangladesh,Imports,612.0,1000 Metric Tons
09-21-2026,2026,2026,8,11,soybean-oil,bangladesh,Total Supply,1131.0,1000 Metric Tons
09-21-2026,2026,2026,8,11,soybean-oil,bangladesh,Exports,5.0,1000 Metric Tons
09-21-2026,2026,2026,8,11,soybean-oil,bangladesh,Industrial Domestic Consumption,85.0,1000 Metric Tons
09-21-2026,2026,2026,8,11,soybean-oil,bangladesh,Food Use Domestic Consumption,1015.0,1000 Metric Tons
09-21-2026,2026,2026,8,11,soybean-oil,bangladesh,Feed Waste Domestic Consumption,0.0,1000 Metric Tons
09-21-2026,2026,2026,8,11,soybean-oil,bangladesh,Domestic Consumption,1100.0,1000 Metric Tons
09-21-2026,2026,2026,9,12,soybean-oil,mexico,Ending Stocks,188.0,1000 Metric Tons
09-21-2026,2026,2026,9,12,soybean-oil,mexico,Total Distribution,1628.0,1000 Metric Tons
09-21-2026,2026,2026,9,12,soybean-oil,japan,Crush,2450.0,1000 Metric Tons
09-21-2026,2026,2026,8,11,soybean-meal,pakistan,Total Supply,2525.0,1000 Metric Tons
09-21-2026,2026,2026,8,11,soybean-meal,bangladesh,Crush,2300.0,1000 Metric Tons
09-21-2026,2026,2026,8,11,soybean-meal,pakistan,Soybean Meal Equivalent,2300.0,1000 Metric Tons
09-21-2026,2026,2026,8,11,soybean-meal,pakistan,Total Distribution,2525.0,1000 Metric Tons
09-21-2026,2026,2026,8,11,soybean-meal,pakistan,Ending Stocks,215.0,1000 Metric Tons
09-21-2026,2026,2026,8,11,soybean-meal,pakistan,Domestic Consumption,2300.0,1000 Metric Tons
09-21-2026,2026,2026,8,11,soybean-meal,pakistan,Feed Waste Domestic Consumption,2300.0,1000 Metric Tons
09-21-2026,2026,2026,8,11,soybean-meal,pakistan,Food Use Domestic Consumption,0.0,1000 Metric Tons
09-21-2026,2026,2026,8,11,soybean-meal,pakistan,Industrial Domestic Consumption,0.0,1000 Metric Tons
09-21-2026,2026,2026,8,11,soybean-meal,pakistan,Exports,10.0,1000 Metric Tons
09-21-2026,2026,2026,8,11,soybean-meal,pakistan,Imports,50.0,1000 Metric Tons
09-21-2026,2026,2026,9,12,soybean-oil,japan,Extraction Rate,0.1963,Percentage (%)
09-21-2026,2026,2026,8,11,soybean-meal,pakistan,Production,2379.0,1000 Metric Tons
09-21-2026,2026,2026,8,11,soybean-meal,pakistan,Beginning Stocks,96.0,1000 Metric Tons
09-21-2026,2026,2026,8,11,soybean-meal,pakistan,Extraction Rate,0.78,Percentage (%)
09-21-2026,2026,2026,8,11,soybean-meal,pakistan,Crush,3050.0,1000 Metric Tons
09-21-2026,2026,2026,8,11,soybean-meal,egypt,Soybean Meal Equivalent,4200.0,1000 Metric Tons
09-21-2026,2026,2026,8,11,soybean-meal,egypt,Total Distribution,4562.0,1000 Metric Tons
09-21-2026,2026,2026,8,11,soybean-meal,egypt,Ending Stocks,352.0,1000 Metric Tons
09-21-2026,2026,2026,8,11,soybean-meal,egypt,Domestic Consumption,4200.0,1000 Metric Tons
09-21-2026,2026,2026,8,11,soybean-meal,egypt,Feed Waste Domestic Consumption,4200.0,1000 Metric Tons
09-21-2026,2026,2026,8,11,soybean-meal,bangladesh,Extraction Rate,0.7887,Percentage (%)
09-21-2026,2026,2026,8,11,soybean-meal,bangladesh,Beginning Stocks,224.0,1000 Metric Tons
09-21-2026,2026,2026,8,11,soybean-meal,bangladesh,Production,1814.0,1000 Metric Tons
09-21-2026,2026,2026,8,11,soybean-meal,bangladesh,Imports,1416.0,1000 Metric Tons
09-21-2026,2026,2026,9,12,soybean-oil,japan,Beginning Stocks,20.0,1000 Metric Tons
09-21-2026,2026,2026,9,12,soybean-oil,japan,Production,481.0,1000 Metric Tons
09-21-2026,2026,2026,9,12,soybean-oil,japan,Imports,2.0,1000 Metric Tons
09-21-2026,2026,2026,9,12,soybean-oil,japan,Total Supply,503.0,1000 Metric Tons
09-21-2026,2026,2026,9,12,soybean-oil,japan,Exports,1.0,1000 Metric Tons
09-21-2026,2026,2026,9,12,soybean-oil,japan,Industrial Domestic Consumption,40.0,1000 Metric Tons
09-21-2026,2026,2026,9,12,soybean-oil,japan,Food Use Domestic Consumption,440.0,1000 Metric Tons
09-21-2026,2026,2026,9,12,soybean-oil,japan,Feed Waste Domestic Consumption,0.0,1000 Metric Tons
09-21-2026,2026,2026,9,12,soybean-oil,japan,Domestic Consumption,480.0,1000 Metric Tons
09-21-2026,2026,2026,9,12,soybean-oil,japan,Ending Stocks,22.0,1000 Metric Tons
09-21-2026,2026,2026,9,12,soybean-oil,japan,Total Distribution,503.0,1000 Metric Tons
09-21-2026,2026,2026,8,11,soybean-meal,bangladesh,Total Distribution,3454.0,1000 Metric Tons
09-21-2026,2026,2026,8,11,soybean-meal,bangladesh,Ending Stocks,436.0,1000 Metric Tons
09-21-2026,2026,2026,8,11,soybean-meal,bangladesh,Domestic Consumption,2979.0,1000 Metric Tons
09-21-2026,2026,2026,8,11,soybean-meal,bangladesh,Feed Waste Domestic Consumption,2975.0,1000 Metric Tons
09-21-2026,2026,2026,8,11,soybean-meal,bangladesh,Food Use Domestic Consumption,4.0,1000 Metric Tons
09-21-2026,2026,2026,8,11,soybean-meal,bangladesh,Industrial Domestic Consumption,0.0,1000 Metric Tons
09-21-2026,2026,2026,8,11,soybean-meal,bangladesh,Exports,39.0,1000 Metric Tons
09-21-2026,2026,2026,8,11,soybean-meal,bangladesh,Total Supply,3454.0,1000 Metric Tons
09-21-2026,2026,2026,9,12,soybean-meal,canada,Beginning Stocks,153.0,1000 Metric Tons
09-21-2026,2026,2026,9,4,wheat,bangladesh,Yield,3.6207,Yield (Metric Tons per Hectare)
09-21-2026,2026,2026,5,8,soybean-meal,vietnam,Beginning Stocks,359.0,1000 Metric Tons
09-21-2026,2026,2026,9,1,corn,indonesia,Ending Stocks,916.0,1000 Metric Tons
09-21-2026,2026,2026,8,12,corn,thailand,Trade Year Imports,1400.0,1000 Metric Tons
09-21-2026,2026,2026,8,12,corn,thailand,Imports,1248.0,1000 Metric Tons
09-21-2026,2026,2026,8,12,corn,thailand,Production,5400.0,1000 Metric Tons
09-21-2026,2026,2026,8,12,corn,thailand,Beginning Stocks,433.0,1000 Metric Tons
09-21-2026,2026,2026,8,12,corn,thailand,Area Harvested,1220.0,1000 Hectares
09-21-2026,2026,2026,9,1,corn,indonesia,Yield,3.7971,Yield (Metric Tons per Hectare)
09-21-2026,2026,2026,9,1,corn,indonesia,Total Distribution,15021.0,1000 Metric Tons
09-21-2026,2026,2026,9,1,corn,indonesia,Domestic Consumption,14100.0,1000 Metric Tons
09-21-2026,2026,2026,8,12,corn,thailand,Total Supply,7081.0,1000 Metric Tons
09-21-2026,2026,2026,9,1,corn,indonesia,Food Seed and Industrial Consumption,4600.0,1000 Metric Tons
09-21-2026,2026,2026,9,1,corn,indonesia,Feed Domestic Consumption,9500.0,1000 Metric Tons
09-21-2026,2026,2026,9,1,corn,indonesia,Trade Year Exports,5.0,1000 Metric Tons
09-21-2026,2026,2026,9,1,corn,indonesia,Exports,5.0,1000 Metric Tons
09-21-2026,2026,2026,9,1,corn,indonesia,Total Supply,15021.0,1000 Metric Tons
09-21-2026,2026,2026,9,1,corn,indonesia,Trade Year Imports From United States,0.0,1000 Metric Tons
09-21-2026,2026,2026,9,1,corn,indonesia,Trade Year Imports,700.0,1000 Metric Tons
09-21-2026,2026,2026,8,12,corn,thailand,Trade Year Imports From United States,0.0,1000 Metric Tons
09-21-2026,2026,2026,8,12,corn,thailand,Exports,50.0,1000 Metric Tons
09-21-2026,2026,2026,9,1,corn,indonesia,Production,13100.0,1000 Metric Tons
09-21-2026,2026,2026,8,12,corn,china,Production,301240.0,1000 Metric Tons
09-21-2026,2026,2026,8,12,corn,china,Feed Domestic Consumption,238000.0,1000 Metric Tons
09-21-2026,2026,2026,8,12,corn,china,Trade Year Exports,20.0,1000 Metric Tons
09-21-2026,2026,2026,8,12,corn,china,Exports,20.0,1000 Metric Tons
09-21-2026,2026,2026,8,12,corn,china,Total Supply,497168.0,1000 Metric Tons
09-21-2026,2026,2026,8,12,corn,china,Trade Year Imports From United States,0.0,1000 Metric Tons
09-21-2026,2026,2026,8,12,corn,china,Trade Year Imports,4000.0,1000 Metric Tons
09-21-2026,2026,2026,8,12,corn,china,Imports,4000.0,1000 Metric Tons
09-21-2026,2026,2026,8,12,corn,china,Beginning Stocks,191928.0,1000 Metric Tons
09-21-2026,2026,2026,8,12,corn,thailand,Trade Year Exports,50.0,1000 Metric Tons
09-21-2026,2026,2026,8,12,corn,china,Area Harvested,44960.0,1000 Hectares
09-21-2026,2026,2026,8,12,corn,thailand,Yield,4.4262,Yield (Metric Tons per Hectare)
09-21-2026,2026,2026,8,12,corn,thailand,Total Distribution,7081.0,1000 Metric Tons
09-21-2026,2026,2026,8,12,corn,thailand,Ending Stocks,331.0,1000 Metric Tons
09-21-2026,2026,2026,8,12,corn,thailand,Domestic Consumption,6700.0,1000 Metric Tons
09-21-2026,2026,2026,8,12,corn,thailand,Food Seed and Industrial Consumption,100.0,1000 Metric Tons
09-21-2026,2026,2026,8,12,corn,thailand,Feed Domestic Consumption,6600.0,1000 Metric Tons
09-21-2026,2026,2026,9,1,corn,indonesia,Imports,700.0,1000 Metric Tons
09-21-2026,2026,2026,9,1,corn,indonesia,Beginning Stocks,1221.0,1000 Metric Tons
09-21-2026,2026,2026,8,12,corn,china,Domestic Consumption,320000.0,1000 Metric Tons
09-21-2026,2026,2026,9,1,corn,philippines,Production,8200.0,1000 Metric Tons
09-21-2026,2026,2026,9,1,corn,philippines,Feed Domestic Consumption,6550.0,1000 Metric Tons
09-21-2026,2026,2026,9,1,corn,philippines,Trade Year Exports,1.0,1000 Metric Tons
09-21-2026,2026,2026,9,1,corn,philippines,Exports,1.0,1000 Metric Tons
09-21-2026,2026,2026,9,1,corn,philippines,Total Supply,11184.0,1000 Metric Tons
09-21-2026,2026,2026,9,1,corn,philippines,Trade Year Imports From United States,0.0,1000 Metric Tons
09-21-2026,2026,2026,9,1,corn,philippines,Trade Year Imports,3000.0,1000 Metric Tons
09-21-2026,2026,2026,9,1,corn,philippines,Imports,2712.0,1000 Metric Tons
09-21-2026,2026,2026,9,1,corn,philippines,Beginning Stocks,272.0,1000 Metric Tons
09-21-2026,2026,2026,9,1,corn,philippines,Domestic Consumption,10850.0,1000 Metric Tons
09-21-2026,2026,2026,9,1,corn,philippines,Area Harvested,2420.0,1000 Hectares
09-21-2026,2026,2026,9,1,corn,honduras,Yield,1.8649,Yield (Metric Tons per Hectare)
09-21-2026,2026,2026,9,1,corn,honduras,Total Distribution,2064.0,1000 Metric Tons
09-21-2026,2026,2026,9,1,corn,honduras,Ending Stocks,210.0,1000 Metric Tons
09-21-2026,2026,2026,9,1,corn,honduras,Domestic Consumption,1850.0,1000 Metric Tons
09-21-2026,2026,2026,9,1,corn,honduras,Food Seed and Industrial Consumption,825.0,1000 Metric Tons
09-21-2026,2026,2026,9,1,corn,honduras,Feed Domestic Consumption,1025.0,1000 Metric Tons
09-21-2026,2026,2026,9,1,corn,philippines,Food Seed and Industrial Consumption,4300.0,1000 Metric Tons
09-21-2026,2026,2026,9,1,corn,philippines,Ending Stocks,333.0,1000 Metric Tons
09-21-2026,2026,2026,9,1,corn,indonesia,Area Harvested,3450.0,1000 Hectares
09-21-2026,2026,2026,6,10,corn,nigeria,Exports,50.0,1000 Metric Tons
09-21-2026,2026,2026,6,10,corn,nigeria,Yield,2.25,Yield (Metric Tons per Hectare)
09-21-2026,2026,2026,6,10,corn,nigeria,Total Distribution,12181.0,1000 Metric Tons
09-21-2026,2026,2026,6,10,corn,nigeria,Ending Stocks,331.0,1000 Metric Tons
09-21-2026,2026,2026,6,10,corn,nigeria,Domestic Consumption,11800.0,1000 Metric Tons
09-21-2026,2026,2026,6,10,corn,nigeria,Food Seed and Industrial Consumption,7000.0,1000 Metric Tons
09-21-2026,2026,2026,6,10,corn,nigeria,Feed Domestic Consumption,4800.0,1000 Metric Tons
09-21-2026,2026,2026,6,10,corn,nigeria,Trade Year Exports,50.0,1000 Metric Tons
09-21-2026,2026,2026,6,10,corn,nigeria,Total Supply,12181.0,1000 Metric Tons
09-21-2026,2026,2026,9,1,corn,philippines,Total Distribution,11184.0,1000 Metric Tons
09-21-2026,2026,2026,6,10,corn,nigeria,Trade Year Imports From United States,0.0,1000 Metric Tons
09-21-2026,2026,2026,6,10,corn,nigeria,Trade Year Imports,150.0,1000 Metric Tons
09-21-2026,2026,2026,6,10,corn,nigeria,Imports,150.0,1000 Metric Tons
09-21-2026,2026,2026,6,10,corn,nigeria,Production,11700.0,1000 Metric Tons
09-21-2026,2026,2026,6,10,corn,nigeria,Beginning Stocks,331.0,1000 Metric Tons
09-21-2026,2026,2026,6,10,corn,nigeria,Area Harvested,5200.0,1000 Hectares
09-21-2026,2026,2026,9,1,corn,philippines,Yield,3.3884,Yield (Metric Tons per Hectare)
09-21-2026,2026,2026,8,12,corn,china,Food Seed and Industrial Consumption,82000.0,1000 Metric Tons
09-21-2026,2026,2026,8,12,corn,china,Ending Stocks,177148.0,1000 Metric Tons
09-21-2026,2026,2026,5,8,soybean-meal,vietnam,Extraction Rate,0.7805,Percentage (%)
09-21-2026,2026,2026,9,1,soybeans,united-states,Production,115989.0,1000 Metric Tons
09-21-2026,2026,2026,9,1,soybeans,united-states,Domestic Consumption,75296.0,1000 Metric Tons
09-21-2026,2026,2026,9,1,soybeans,united-states,Feed Waste Domestic Consumption,3039.0,1000 Metric Tons
09-21-2026,2026,2026,9,1,soybeans,united-states,Food Use Domestic Consumption,0.0,1000 Metric Tons
09-21-2026,2026,2026,9,1,soybeans,united-states,Crush,72257.0,1000 Metric Tons
09-21-2026,2026,2026,9,1,soybeans,united-states,Exports,41368.0,1000 Metric Tons
09-21-2026,2026,2026,9,1,soybeans,united-states,Total Supply,125509.0,1000 Metric Tons
09-21-2026,2026,2026,9,1,soybeans,united-states,Imports,680.0,1000 Metric Tons
09-21-2026,2026,2026,9,1,soybeans,united-states,Beginning Stocks,8840.0,1000 Metric Tons
09-21-2026,2026,2026,9,1,soybeans,united-states,Total Distribution,125509.0,1000 Metric Tons
09-21-2026,2026,2026,9,1,soybeans,united-states,Area Harvested,32552.0,1000 Hectares
09-21-2026,2026,2026,8,12,corn,bangladesh,Yield,8.7879,Yield (Metric Tons per Hectare)
09-21-2026,2026,2026,8,12,corn,bangladesh,Total Distribution,7674.0,1000 Metric Tons
09-21-2026,2026,2026,8,12,corn,bangladesh,Ending Stocks,174.0,1000 Metric Tons
09-21-2026,2026,2026,8,12,corn,bangladesh,Domestic Consumption,7500.0,1000 Metric Tons
09-21-2026,2026,2026,8,12,corn,bangladesh,Food Seed and Industrial Consumption,400.0,1000 Metric Tons
09-21-2026,2026,2026,8,12,corn,bangladesh,Feed Domestic Consumption,7100.0,1000 Metric Tons
09-21-2026,2026,2026,9,1,soybeans,united-states,Ending Stocks,8845.0,1000 Metric Tons
09-21-2026,2026,2026,9,1,soybeans,united-states,Yield,3.5632,Yield (Metric Tons per Hectare)
09-21-2026,2026,2026,8,12,corn,bangladesh,Exports,0.0,1000 Metric Tons
09-21-2026,2026,2026,9,1,soybeans,mexico,Domestic Consumption,6945.0,1000 Metric Tons
09-21-2026,2026,2026,9,1,soybeans,japan,Imports,3200.0,1000 Metric Tons
09-21-2026,2026,2026,9,1,soybeans,japan,Production,239.0,1000 Metric Tons
09-21-2026,2026,2026,9,1,soybeans,japan,Beginning Stocks,161.0,1000 Metric Tons
09-21-2026,2026,2026,9,1,soybeans,japan,Area Harvested,141.0,1000 Hectares
09-21-2026,2026,2026,9,1,soybeans,mexico,Yield,2.0345,Yield (Metric Tons per Hectare)
09-21-2026,2026,2026,9,1,soybeans,mexico,Total Distribution,7581.0,1000 Metric Tons
09-21-2026,2026,2026,9,1,soybeans,mexico,Ending Stocks,626.0,1000 Metric Tons
09-21-2026,2026,2026,9,1,soybeans,mexico,Feed Waste Domestic Consumption,95.0,1000 Metric Tons
09-21-2026,2026,2026,9,1,soybeans,mexico,Area Harvested,145.0,1000 Hectares
09-21-2026,2026,2026,9,1,soybeans,mexico,Food Use Domestic Consumption,0.0,1000 Metric Tons
09-21-2026,2026,2026,9,1,soybeans,mexico,Crush,6850.0,1000 Metric Tons
09-21-2026,2026,2026,9,1,soybeans,mexico,Exports,10.0,1000 Metric Tons
09-21-2026,2026,2026,9,1,soybeans,mexico,Total Supply,7581.0,1000 Metric Tons
09-21-2026,2026,2026,9,1,soybeans,mexico,Imports,6700.0,1000 Metric Tons
09-21-2026,2026,2026,9,1,soybeans,mexico,Production,295.0,1000 Metric Tons
09-21-2026,2026,2026,9,1,soybeans,mexico,Beginning Stocks,586.0,1000 Metric Tons
09-21-2026,2026,2026,8,12,corn,bangladesh,Trade Year Exports,0.0,1000 Metric Tons
09-21-2026,2026,2026,8,12,corn,bangladesh,Total Supply,7674.0,1000 Metric Tons
09-21-2026,2026,2026,8,12,corn,china,Total Distribution,497168.0,1000 Metric Tons
09-21-2026,2026,2026,8,12,corn,egypt,Exports,1.0,1000 Metric Tons
09-21-2026,2026,2026,8,12,corn,egypt,Yield,7.8824,Yield (Metric Tons per Hectare)
09-21-2026,2026,2026,8,12,corn,egypt,Total Distribution,20892.0,1000 Metric Tons
09-21-2026,2026,2026,8,12,corn,egypt,Ending Stocks,1991.0,1000 Metric Tons
09-21-2026,2026,2026,8,12,corn,egypt,Domestic Consumption,18900.0,1000 Metric Tons
09-21-2026,2026,2026,8,12,corn,egypt,Food Seed and Industrial Consumption,2700.0,1000 Metric Tons
09-21-2026,2026,2026,8,12,corn,egypt,Feed Domestic Consumption,16200.0,1000 Metric Tons
09-21-2026,2026,2026,8,12,corn,egypt,Trade Year Exports,1.0,1000 Metric Tons
09-21-2026,2026,2026,8,12,corn,egypt,Total Supply,20892.0,1000 Metric Tons
09-21-2026,2026,2026,8,12,corn,pakistan,Beginning Stocks,1085.0,1000 Metric Tons
09-21-2026,2026,2026,8,12,corn,egypt,Trade Year Imports From United States,0.0,1000 Metric Tons
09-21-2026,2026,2026,8,12,corn,egypt,Trade Year Imports,12500.0,1000 Metric Tons
09-21-2026,2026,2026,8,12,corn,egypt,Imports,12500.0,1000 Metric Tons
09-21-2026,2026,2026,8,12,corn,egypt,Production,6700.0,1000 Metric Tons
09-21-2026,2026,2026,8,12,corn,egypt,Beginning Stocks,1692.0,1000 Metric Tons
09-21-2026,2026,2026,8,12,corn,egypt,Area Harvested,850.0,1000 Hectares
09-21-2026,2026,2026,8,12,corn,china,Yield,6.7002,Yield (Metric Tons per Hectare)
09-21-2026,2026,2026,8,12,corn,pakistan,Area Harvested,1587.0,1000 Hectares
09-21-2026,2026,2026,8,12,corn,pakistan,Production,8794.0,1000 Metric Tons
09-21-2026,2026,2026,8,12,corn,bangladesh,Trade Year Imports From United States,0.0,1000 Metric Tons
09-21-2026,2026,2026,8,12,corn,pakistan,Ending Stocks,1157.0,1000 Metric Tons
09-21-2026,2026,2026,8,12,corn,bangladesh,Trade Year Imports,1900.0,1000 Metric Tons
09-21-2026,2026,2026,8,12,corn,bangladesh,Imports,1740.0,1000 Metric Tons
09-21-2026,2026,2026,8,12,corn,bangladesh,Production,5800.0,1000 Metric Tons
09-21-2026,2026,2026,8,12,corn,bangladesh,Beginning Stocks,134.0,1000 Metric Tons
09-21-2026,2026,2026,8,12,corn,bangladesh,Area Harvested,660.0,1000 Hectares
09-21-2026,2026,2026,8,12,corn,pakistan,Yield,5.5413,Yield (Metric Tons per Hectare)
09-21-2026,2026,2026,8,12,corn,pakistan,Total Distribution,9912.0,1000 Metric Tons
09-21-2026,2026,2026,8,12,corn,pakistan,Domestic Consumption,8400.0,1000 Metric Tons
09-21-2026,2026,2026,8,12,corn,pakistan,Imports,33.0,1000 Metric Tons
09-21-2026,2026,2026,8,12,corn,pakistan,Food Seed and Industrial Consumption,2400.0,1000 Metric Tons
09-21-2026,2026,2026,8,12,corn,pakistan,Feed Domestic Consumption,6000.0,1000 Metric Tons
09-21-2026,2026,2026,8,12,corn,pakistan,Trade Year Exports,300.0,1000 Metric Tons
09-21-2026,2026,2026,8,12,corn,pakistan,Exports,355.0,1000 Metric Tons
09-21-2026,2026,2026,8,12,corn,pakistan,Total Supply,9912.0,1000 Metric Tons
09-21-2026,2026,2026,8,12,corn,pakistan,Trade Year Imports From United States,0.0,1000 Metric Tons
09-21-2026,2026,2026,8,12,corn,pakistan,Trade Year Imports,35.0,1000 Metric Tons
09-21-2026,2026,2026,9,1,corn,honduras,Trade Year Exports,5.0,1000 Metric Tons
09-21-2026,2026,2026,9,1,corn,honduras,Exports,4.0,1000 Metric Tons
09-21-2026,2026,2026,9,1,corn,honduras,Total Supply,2064.0,1000 Metric Tons
09-21-2026,2026,2026,5,9,corn,south-korea,Imports,11500.0,1000 Metric Tons
09-21-2026,2026,2026,5,9,corn,south-korea,Food Seed and Industrial Consumption,2200.0,1000 Metric Tons
09-21-2026,2026,2026,5,9,corn,south-korea,Feed Domestic Consumption,9400.0,1000 Metric Tons
09-21-2026,2026,2026,5,9,corn,south-korea,Trade Year Exports,0.0,1000 Metric Tons
09-21-2026,2026,2026,5,9,corn,south-korea,Exports,0.0,1000 Metric Tons
09-21-2026,2026,2026,5,9,corn,south-korea,Total Supply,13722.0,1000 Metric Tons
09-21-2026,2026,2026,5,9,corn,south-korea,Trade Year Imports From United States,0.0,1000 Metric Tons
09-21-2026,2026,2026,5,9,corn,south-korea,Trade Year Imports,11500.0,1000 Metric Tons
09-21-2026,2026,2026,5,9,corn,south-korea,Production,94.0,1000 Metric Tons
09-21-2026,2026,2026,5,9,corn,south-korea,Ending Stocks,2122.0,1000 Metric Tons
09-21-2026,2026,2026,5,9,corn,south-korea,Beginning Stocks,2128.0,1000 Metric Tons
09-21-2026,2026,2026,5,9,corn,south-korea,Area Harvested,16.0,1000 Hectares
09-21-2026,2026,2026,4,8,corn,japan,Yield,5.3333,Yield (Metric Tons per Hectare)
09-21-2026,2026,2026,4,8,corn,japan,Total Distribution,16888.0,1000 Metric Tons
09-21-2026,2026,2026,4,8,corn,japan,Ending Stocks,1388.0,1000 Metric Tons
09-21-2026,2026,2026,4,8,corn,japan,Domestic Consumption,15500.0,1000 Metric Tons
09-21-2026,2026,2026,4,8,corn,japan,Food Seed and Industrial Consumption,3300.0,1000 Metric Tons
09-21-2026,2026,2026,5,9,corn,south-korea,Domestic Consumption,11600.0,1000 Metric Tons
09-21-2026,2026,2026,5,9,corn,south-korea,Total Distribution,13722.0,1000 Metric Tons
09-21-2026,2026,2026,4,8,corn,japan,Trade Year Exports,0.0,1000 Metric Tons
09-21-2026,2026,2026,5,9,corn,colombia,Trade Year Exports,5.0,1000 Metric Tons
09-21-2026,2026,2026,9,1,corn,european-union,Area Harvested,8190.0,1000 Hectares
09-21-2026,2026,2026,5,9,corn,colombia,Yield,4.1892,Yield (Metric Tons per Hectare)
09-21-2026,2026,2026,5,9,corn,colombia,Total Distribution,10342.0,1000 Metric Tons
09-21-2026,2026,2026,5,9,corn,colombia,Ending Stocks,387.0,1000 Metric Tons
09-21-2026,2026,2026,5,9,corn,colombia,Domestic Consumption,9950.0,1000 Metric Tons
09-21-2026,2026,2026,5,9,corn,colombia,Food Seed and Industrial Consumption,1600.0,1000 Metric Tons
09-21-2026,2026,2026,5,9,corn,colombia,Feed Domestic Consumption,8350.0,1000 Metric Tons
09-21-2026,2026,2026,5,9,corn,colombia,Exports,5.0,1000 Metric Tons
09-21-2026,2026,2026,5,9,corn,south-korea,Yield,5.875,Yield (Metric Tons per Hectare)
09-21-2026,2026,2026,5,9,corn,colombia,Total Supply,10342.0,1000 Metric Tons
09-21-2026,2026,2026,5,9,corn,colombia,Trade Year Imports From United States,0.0,1000 Metric Tons
09-21-2026,2026,2026,5,9,corn,colombia,Trade Year Imports,8400.0,1000 Metric Tons
09-21-2026,2026,2026,5,9,corn,colombia,Imports,8400.0,1000 Metric Tons
09-21-2026,2026,2026,5,9,corn,colombia,Production,1550.0,1000 Metric Tons
09-21-2026,2026,2026,5,9,corn,colombia,Beginning Stocks,392.0,1000 Metric Tons
09-21-2026,2026,2026,5,9,corn,colombia,Area Harvested,370.0,1000 Hectares
09-21-2026,2026,2026,4,8,corn,japan,Feed Domestic Consumption,12200.0,1000 Metric Tons
09-21-2026,2026,2026,4,8,corn,japan,Exports,0.0,1000 Metric Tons
09-21-2026,2026,2026,9,1,corn,honduras,Trade Year Imports From United States,0.0,1000 Metric Tons
09-21-2026,2026,2026,9,1,corn,united-states,Trade Year Exports,85000.0,1000 Metric Tons
09-21-2026,2026,2026,9,1,corn,mexico,Area Harvested,6700.0,1000 Hectares
09-21-2026,2026,2026,9,1,corn,united-states,Yield,11.7068,Yield (Metric Tons per Hectare)
09-21-2026,2026,2026,9,1,corn,united-states,Total Distribution,472508.0,1000 Metric Tons
09-21-2026,2026,2026,9,1,corn,united-states,Ending Stocks,48817.0,1000 Metric Tons
09-21-2026,2026,2026,9,1,corn,united-states,Domestic Consumption,336692.0,1000 Metric Tons
09-21-2026,2026,2026,9,1,corn,united-states,Food Seed and Industrial Consumption,175395.0,1000 Metric Tons
09-21-2026,2026,2026,9,1,corn,united-states,Feed Domestic Consumption,161297.0,1000 Metric Tons
09-21-2026,2026,2026,9,1,corn,united-states,Exports,86999.0,1000 Metric Tons
09-21-2026,2026,2026,9,1,corn,mexico,Production,24700.0,1000 Metric Tons
09-21-2026,2026,2026,9,1,corn,united-states,Total Supply,472508.0,1000 Metric Tons
09-21-2026,2026,2026,9,1,corn,united-states,Trade Year Imports From United States,0.0,1000 Metric Tons
09-21-2026,2026,2026,9,1,corn,united-states,Trade Year Imports,750.0,1000 Metric Tons
09-21-2026,2026,2026,9,1,corn,united-states,Imports,762.0,1000 Metric Tons
09-21-2026,2026,2026,9,1,corn,united-states,Production,432342.0,1000 Metric Tons
09-21-2026,2026,2026,9,1,corn,united-states,Beginning Stocks,39404.0,1000 Metric Tons
09-21-2026,2026,2026,9,1,corn,united-states,Area Harvested,36931.0,1000 Hectares
09-21-2026,2026,2026,9,1,corn,mexico,Beginning Stocks,5531.0,1000 Metric Tons
09-21-2026,2026,2026,9,1,corn,mexico,Imports,26500.0,1000 Metric Tons
09-21-2026,2026,2026,4,8,corn,japan,Total Supply,16888.0,1000 Metric Tons
09-21-2026,2026,2026,9,1,corn,mexico,Total Distribution,56731.0,1000 Metric Tons
09-21-2026,2026,2026,4,8,corn,japan,Trade Year Imports From United States,0.0,1000 Metric Tons
09-21-2026,2026,2026,4,8,corn,japan,Trade Year Imports,15500.0,1000 Metric Tons
09-21-2026,2026,2026,4,8,corn,japan,Imports,15500.0,1000 Metric Tons
09-21-2026,2026,2026,4,8,corn,japan,Production,16.0,1000 Metric Tons
09-21-2026,2026,2026,4,8,corn,japan,Beginning Stocks,1372.0,1000 Metric Tons
09-21-2026,2026,2026,4,8,corn,japan,Area Harvested,3.0,1000 Hectares
09-21-2026,2026,2026,9,1,corn,mexico,Yield,3.6866,Yield (Metric Tons per Hectare)
09-21-2026,2026,2026,9,1,corn,mexico,Ending Stocks,5701.0,1000 Metric Tons
09-21-2026,2026,2026,9,1,corn,mexico,Trade Year Imports,26500.0,1000 Metric Tons
09-21-2026,2026,2026,9,1,corn,mexico,Domestic Consumption,51000.0,1000 Metric Tons
09-21-2026,2026,2026,9,1,corn,mexico,Food Seed and Industrial Consumption,21800.0,1000 Metric Tons
09-21-2026,2026,2026,9,1,corn,mexico,Feed Domestic Consumption,29200.0,1000 Metric Tons
09-21-2026,2026,2026,9,1,corn,mexico,Trade Year Exports,30.0,1000 Metric Tons
09-21-2026,2026,2026,9,1,corn,mexico,Exports,30.0,1000 Metric Tons
09-21-2026,2026,2026,9,1,corn,mexico,Total Supply,56731.0,1000 Metric Tons
09-21-2026,2026,2026,9,1,corn,mexico,Trade Year Imports From United States,0.0,1000 Metric Tons
09-21-2026,2026,2026,9,1,corn,european-union,Beginning Stocks,6150.0,1000 Metric Tons
09-21-2026,2026,2026,9,1,corn,european-union,Production,56799.0,1000 Metric Tons
09-21-2026,2026,2026,9,1,corn,european-union,Imports,19000.0,1000 Metric Tons
09-21-2026,2026,2026,9,1,corn,vietnam,Exports,500.0,1000 Metric Tons
09-21-2026,2026,2026,9,1,corn,vietnam,Yield,5.0299,Yield (Metric Tons per Hectare)
09-21-2026,2026,2026,9,1,corn,vietnam,Total Distribution,18602.0,1000 Metric Tons
09-21-2026,2026,2026,9,1,corn,vietnam,Ending Stocks,1002.0,1000 Metric Tons
09-21-2026,2026,2026,9,1,corn,vietnam,Domestic Consumption,17100.0,1000 Metric Tons
09-21-2026,2026,2026,9,1,corn,vietnam,Food Seed and Industrial Consumption,1600.0,1000 Metric Tons
09-21-2026,2026,2026,9,1,corn,vietnam,Feed Domestic Consumption,15500.0,1000 Metric Tons
09-21-2026,2026,2026,9,1,corn,vietnam,Trade Year Exports,500.0,1000 Metric Tons
09-21-2026,2026,2026,9,1,corn,vietnam,Total Supply,18602.0,1000 Metric Tons
09-21-2026,2026,2026,9,1,corn,canada,Beginning Stocks,1584.0,1000 Metric Tons
09-21-2026,2026,2026,9,1,corn,vietnam,Trade Year Imports From United States,0.0,1000 Metric Tons
09-21-2026,2026,2026,9,1,corn,vietnam,Trade Year Imports,15000.0,1000 Metric Tons
09-21-2026,2026,2026,9,1,corn,vietnam,Imports,13500.0,1000 Metric Tons
09-21-2026,2026,2026,9,1,corn,vietnam,Production,4200.0,1000 Metric Tons
09-21-2026,2026,2026,9,1,corn,vietnam,Beginning Stocks,902.0,1000 Metric Tons
09-21-2026,2026,2026,9,1,corn,vietnam,Area Harvested,835.0,1000 Hectares
09-21-2026,2026,2026,9,1,corn,guatemala,Yield,1.8324,Yield (Metric Tons per Hectare)
09-21-2026,2026,2026,9,1,corn,canada,Area Harvested,1460.0,1000 Hectares
09-21-2026,2026,2026,9,1,corn,canada,Production,14867.0,1000 Metric Tons
09-21-2026,2026,2026,9,1,corn,european-union,Trade Year Imports,19000.0,1000 Metric Tons
09-21-2026,2026,2026,9,1,corn,canada,Ending Stocks,2001.0,1000 Metric Tons
09-21-2026,2026,2026,9,1,corn,honduras,Trade Year Imports,1150.0,1000 Metric Tons
09-21-2026,2026,2026,9,1,corn,honduras,Imports,1192.0,1000 Metric Tons
09-21-2026,2026,2026,9,1,corn,honduras,Production,690.0,1000 Metric Tons
09-21-2026,2026,2026,9,1,corn,honduras,Beginning Stocks,182.0,1000 Metric Tons
09-21-2026,2026,2026,9,1,corn,honduras,Area Harvested,370.0,1000 Hectares
09-21-2026,2026,2026,9,1,corn,canada,Yield,10.1829,Yield (Metric Tons per Hectare)
09-21-2026,2026,2026,9,1,corn,canada,Total Distribution,18551.0,1000 Metric Tons
09-21-2026,2026,2026,9,1,corn,canada,Domestic Consumption,15300.0,1000 Metric Tons
09-21-2026,2026,2026,9,1,corn,canada,Imports,2100.0,1000 Metric Tons
09-21-2026,2026,2026,9,1,corn,canada,Food Seed and Industrial Consumption,6000.0,1000 Metric Tons
09-21-2026,2026,2026,9,1,corn,canada,Feed Domestic Consumption,9300.0,1000 Metric Tons
09-21-2026,2026,2026,9,1,corn,canada,Trade Year Exports,1350.0,1000 Metric Tons
09-21-2026,2026,2026,9,1,corn,canada,Exports,1250.0,1000 Metric Tons
09-21-2026,2026,2026,9,1,corn,canada,Total Supply,18551.0,1000 Metric Tons
09-21-2026,2026,2026,9,1,corn,canada,Trade Year Imports From United States,0.0,1000 Metric Tons
09-21-2026,2026,2026,9,1,corn,canada,Trade Year Imports,2100.0,1000 Metric Tons
09-21-2026,2026,2026,9,1,corn,guatemala,Total Distribution,4237.0,1000 Metric Tons
09-21-2026,2026,2026,9,1,corn,guatemala,Ending Stocks,473.0,1000 Metric Tons
09-21-2026,2026,2026,9,1,corn,guatemala,Domestic Consumption,3750.0,1000 Metric Tons
09-21-2026,2026,2026,9,1,corn,european-union,Total Distribution,81949.0,1000 Metric Tons
09-21-2026,2026,2026,5,9,corn,taiwan,Trade Year Imports From United States,0.0,1000 Metric Tons
09-21-2026,2026,2026,5,9,corn,taiwan,Trade Year Imports,4650.0,1000 Metric Tons
09-21-2026,2026,2026,5,9,corn,taiwan,Imports,4650.0,1000 Metric Tons
09-21-2026,2026,2026,5,9,corn,taiwan,Production,105.0,1000 Metric Tons
09-21-2026,2026,2026,5,9,corn,taiwan,Beginning Stocks,449.0,1000 Metric Tons
09-21-2026,2026,2026,5,9,corn,taiwan,Area Harvested,25.0,1000 Hectares
09-21-2026,2026,2026,9,1,corn,european-union,Yield,6.9352,Yield (Metric Tons per Hectare)
09-21-2026,2026,2026,9,1,corn,european-union,Ending Stocks,5949.0,1000 Metric Tons
09-21-2026,2026,2026,9,1,corn,guatemala,Food Seed and Industrial Consumption,1700.0,1000 Metric Tons
09-21-2026,2026,2026,9,1,corn,european-union,Domestic Consumption,73800.0,1000 Metric Tons
09-21-2026,2026,2026,9,1,corn,european-union,Food Seed and Industrial Consumption,20100.0,1000 Metric Tons
09-21-2026,2026,2026,9,1,corn,european-union,Feed Domestic Consumption,53700.0,1000 Metric Tons
09-21-2026,2026,2026,9,1,corn,european-union,Trade Year Exports,2200.0,1000 Metric Tons
09-21-2026,2026,2026,9,1,corn,european-union,Exports,2200.0,1000 Metric Tons
09-21-2026,2026,2026,9,1,corn,european-union,Total Supply,81949.0,1000 Metric Tons
09-21-2026,2026,2026,9,1,corn,european-union,Trade Year Imports From United States,0.0,1000 Metric Tons
09-21-2026,2026,2026,5,9,corn,taiwan,Total Supply,5204.0,1000 Metric Tons
09-21-2026,2026,2026,5,9,corn,taiwan,Exports,0.0,1000 Metric Tons
09-21-2026,2026,2026,5,9,corn,taiwan,Trade Year Exports,0.0,1000 Metric Tons
09-21-2026,2026,2026,5,9,corn,taiwan,Feed Domestic Consumption,4600.0,1000 Metric Tons
09-21-2026,2026,2026,9,1,corn,guatemala,Feed Domestic Consumption,2050.0,1000 Metric Tons
09-21-2026,2026,2026,9,1,corn,guatemala,Trade Year Exports,15.0,1000 Metric Tons
09-21-2026,2026,2026,9,1,corn,guatemala,Exports,14.0,1000 Metric Tons
09-21-2026,2026,2026,9,1,corn,guatemala,Total Supply,4237.0,1000 Metric Tons
09-21-2026,2026,2026,9,1,corn,guatemala,Trade Year Imports From United States,0.0,1000 Metric Tons
09-21-2026,2026,2026,9,1,corn,guatemala,Trade Year Imports,2200.0,1000 Metric Tons
09-21-2026,2026,2026,9,1,corn,guatemala,Imports,2261.0,1000 Metric Tons
09-21-2026,2026,2026,9,1,corn,guatemala,Production,1629.0,1000 Metric Tons
09-21-2026,2026,2026,9,1,corn,guatemala,Beginning Stocks,347.0,1000 Metric Tons
09-21-2026,2026,2026,9,1,corn,guatemala,Area Harvested,889.0,1000 Hectares
09-21-2026,2026,2026,5,9,corn,taiwan,Yield,4.2,Yield (Metric Tons per Hectare)
09-21-2026,2026,2026,5,9,corn,taiwan,Total Distribution,5204.0,1000 Metric Tons
09-21-2026,2026,2026,5,9,corn,taiwan,Ending Stocks,404.0,1000 Metric Tons
09-21-2026,2026,2026,5,9,corn,taiwan,Domestic Consumption,4800.0,1000 Metric Tons
09-21-2026,2026,2026,5,9,corn,taiwan,Food Seed and Industrial Consumption,200.0,1000 Metric Tons
09-21-2026,2026,2026,9,1,soybeans,japan,Total Supply,3600.0,1000 Metric Tons
09-21-2026,2026,2026,9,1,soybeans,japan,Exports,0.0,1000 Metric Tons
09-21-2026,2026,2026,9,1,soybeans,japan,Crush,2450.0,1000 Metric Tons
09-21-2026,2026,2026,9,12,soybean-meal,united-states,Exports,18597.0,1000 Metric Tons
09-21-2026,2026,2026,9,12,soybean-meal,united-states,Soybean Meal Equivalent,39668.0,1000 Metric Tons
09-21-2026,2026,2026,9,12,soybean-meal,united-states,Total Distribution,58673.0,1000 Metric Tons
09-21-2026,2026,2026,9,12,soybean-meal,united-states,Ending Stocks,408.0,1000 Metric Tons
09-21-2026,2026,2026,9,12,soybean-meal,united-states,Domestic Consumption,39668.0,1000 Metric Tons
09-21-2026,2026,2026,9,12,soybean-meal,united-states,Feed Waste Domestic Consumption,39668.0,1000 Metric Tons
09-21-2026,2026,2026,9,12,soybean-meal,united-states,Food Use Domestic Consumption,0.0,1000 Metric Tons
09-21-2026,2026,2026,9,12,soybean-meal,united-states,Industrial Domestic Consumption,0.0,1000 Metric Tons
09-21-2026,2026,2026,9,12,soybean-meal,united-states,Total Supply,58673.0,1000 Metric Tons
09-21-2026,2026,2026,9,12,soybean-meal,mexico,Extraction Rate,0.7899,Percentage (%)
09-21-2026,2026,2026,9,12,soybean-meal,united-states,Imports,885.0,1000 Metric Tons
09-21-2026,2026,2026,9,12,soybean-meal,united-states,Production,57427.0,1000 Metric Tons
09-21-2026,2026,2026,9,12,soybean-meal,united-states,Beginning Stocks,361.0,1000 Metric Tons
09-21-2026,2026,2026,9,12,soybean-meal,united-states,Extraction Rate,0.7948,Percentage (%)
09-21-2026,2026,2026,9,12,soybean-meal,united-states,Crush,72257.0,1000 Metric Tons
09-21-2026,2026,2026,8,11,soybean-oil,bangladesh,Total Distribution,1131.0,1000 Metric Tons
09-21-2026,2026,2026,8,12,soybeans,bangladesh,Yield,1.75,Yield (Metric Tons per Hectare)
09-21-2026,2026,2026,9,12,soybean-meal,mexico,Crush,6850.0,1000 Metric Tons
09-21-2026,2026,2026,9,12,soybean-meal,mexico,Beginning Stocks,309.0,1000 Metric Tons
09-21-2026,2026,2026,8,12,soybeans,bangladesh,Ending Stocks,205.0,1000 Metric Tons
09-21-2026,2026,2026,9,12,soybean-meal,mexico,Total Distribution,8670.0,1000 Metric Tons
09-21-2026,2026,2026,9,12,soybean-meal,japan,Total Supply,3484.0,1000 Metric Tons
09-21-2026,2026,2026,9,12,soybean-meal,japan,Imports,1600.0,1000 Metric Tons
09-21-2026,2026,2026,9,12,soybean-meal,japan,Production,1765.0,1000 Metric Tons
09-21-2026,2026,2026,9,12,soybean-meal,japan,Beginning Stocks,119.0,1000 Metric Tons
09-21-2026,2026,2026,9,12,soybean-meal,japan,Extraction Rate,0.7204,Percentage (%)
09-21-2026,2026,2026,9,12,soybean-meal,japan,Crush,2450.0,1000 Metric Tons
09-21-2026,2026,2026,9,12,soybean-meal,mexico,Soybean Meal Equivalent,8250.0,1000 Metric Tons
09-21-2026,2026,2026,9,12,soybean-meal,mexico,Ending Stocks,369.0,1000 Metric Tons
09-21-2026,2026,2026,9,12,soybean-meal,mexico,Production,5411.0,1000 Metric Tons
09-21-2026,2026,2026,9,12,soybean-meal,mexico,Domestic Consumption,8300.0,1000 Metric Tons
09-21-2026,2026,2026,9,12,soybean-meal,mexico,Feed Waste Domestic Consumption,8250.0,1000 Metric Tons
09-21-2026,2026,2026,9,12,soybean-meal,mexico,Food Use Domestic Consumption,50.0,1000 Metric Tons
09-21-2026,2026,2026,9,12,soybean-meal,mexico,Industrial Domestic Consumption,0.0,1000 Metric Tons
09-21-2026,2026,2026,9,12,soybean-meal,mexico,Exports,1.0,1000 Metric Tons
09-21-2026,2026,2026,9,12,soybean-meal,mexico,Total Supply,8670.0,1000 Metric Tons
09-21-2026,2026,2026,9,12,soybean-meal,mexico,Imports,2950.0,1000 Metric Tons
09-21-2026,2026,2026,8,12,soybeans,bangladesh,Total Distribution,2710.0,1000 Metric Tons
09-21-2026,2026,2026,8,12,soybeans,bangladesh,Domestic Consumption,2505.0,1000 Metric Tons
09-21-2026,2026,2026,9,1,soybeans,china,Domestic Consumption,133900.0,1000 Metric Tons
09-21-2026,2026,2026,8,12,soybeans,egypt,Crush,4850.0,1000 Metric Tons
09-21-2026,2026,2026,8,12,soybeans,pakistan,Area Harvested,1.0,1000 Hectares
09-21-2026,2026,2026,8,12,soybeans,egypt,Yield,2.8333,Yield (Metric Tons per Hectare)
09-21-2026,2026,2026,8,12,soybeans,egypt,Total Distribution,5326.0,1000 Metric Tons
09-21-2026,2026,2026,8,12,soybeans,egypt,Ending Stocks,434.0,1000 Metric Tons
09-21-2026,2026,2026,8,12,soybeans,egypt,Domestic Consumption,4892.0,1000 Metric Tons
09-21-2026,2026,2026,8,12,soybeans,egypt,Feed Waste Domestic Consumption,25.0,1000 Metric Tons
09-21-2026,2026,2026,8,12,soybeans,egypt,Food Use Domestic Consumption,17.0,1000 Metric Tons
09-21-2026,2026,2026,8,12,soybeans,egypt,Exports,0.0,1000 Metric Tons
09-21-2026,2026,2026,8,12,soybeans,pakistan,Production,1.0,1000 Metric Tons
09-21-2026,2026,2026,8,12,soybeans,egypt,Total Supply,5326.0,1000 Metric Tons
09-21-2026,2026,2026,8,12,soybeans,egypt,Imports,4900.0,1000 Metric Tons
09-21-2026,2026,2026,8,12,soybeans,egypt,Production,85.0,1000 Metric Tons
09-21-2026,2026,2026,8,12,soybeans,egypt,Beginning Stocks,341.0,1000 Metric Tons
09-21-2026,2026,2026,8,12,soybeans,egypt,Area Harvested,30.0,1000 Hectares
09-21-2026,2026,2026,9,1,soybeans,china,Yield,2.0291,Yield (Metric Tons per Hectare)
09-21-2026,2026,2026,9,1,soybeans,china,Total Distribution,178389.0,1000 Metric Tons
09-21-2026,2026,2026,8,12,soybeans,pakistan,Beginning Stocks,208.0,1000 Metric Tons
09-21-2026,2026,2026,8,12,soybeans,pakistan,Imports,3200.0,1000 Metric Tons
09-21-2026,2026,2026,8,12,soybeans,bangladesh,Feed Waste Domestic Consumption,200.0,1000 Metric Tons
09-21-2026,2026,2026,8,12,soybeans,bangladesh,Area Harvested,100.0,1000 Hectares
09-21-2026,2026,2026,8,12,soybeans,bangladesh,Food Use Domestic Consumption,5.0,1000 Metric Tons
09-21-2026,2026,2026,8,12,soybeans,bangladesh,Crush,2300.0,1000 Metric Tons
09-21-2026,2026,2026,8,12,soybeans,bangladesh,Exports,0.0,1000 Metric Tons
09-21-2026,2026,2026,8,12,soybeans,bangladesh,Total Supply,2710.0,1000 Metric Tons
09-21-2026,2026,2026,8,12,soybeans,bangladesh,Imports,2404.0,1000 Metric Tons
09-21-2026,2026,2026,8,12,soybeans,bangladesh,Production,175.0,1000 Metric Tons
09-21-2026,2026,2026,8,12,soybeans,bangladesh,Beginning Stocks,131.0,1000 Metric Tons
09-21-2026,2026,2026,8,12,soybeans,pakistan,Yield,1.0,Yield (Metric Tons per Hectare)
09-21-2026,2026,2026,8,12,soybeans,pakistan,Total Supply,3409.0,1000 Metric Tons
09-21-2026,2026,2026,8,12,soybeans,pakistan,Total Distribution,3409.0,1000 Metric Tons
09-21-2026,2026,2026,8,12,soybeans,pakistan,Ending Stocks,334.0,1000 Metric Tons
09-21-2026,2026,2026,8,12,soybeans,pakistan,Domestic Consumption,3075.0,1000 Metric Tons
09-21-2026,2026,2026,8,12,soybeans,pakistan,Feed Waste Domestic Consumption,25.0,1000 Metric Tons
09-21-2026,2026,2026,8,12,soybeans,pakistan,Food Use Domestic Consumption,0.0,1000 Metric Tons
09-21-2026,2026,2026,8,12,soybeans,pakistan,Crush,3050.0,1000 Metric Tons
09-21-2026,2026,2026,8,12,soybeans,pakistan,Exports,0.0,1000 Metric Tons
09-21-2026,2026,2026,9,12,soybean-meal,japan,Exports,1.0,1000 Metric Tons
09-21-2026,2026,2026,9,12,soybean-meal,japan,Industrial Domestic Consumption,210.0,1000 Metric Tons
09-21-2026,2026,2026,9,12,soybean-meal,japan,Food Use Domestic Consumption,200.0,1000 Metric Tons
09-21-2026,2026,2026,5,8,soybean-meal,taiwan,Extraction Rate,0.7853,Percentage (%)
09-21-2026,2026,2026,5,8,soybean-meal,taiwan,Food Use Domestic Consumption,0.0,1000 Metric Tons
09-21-2026,2026,2026,5,8,soybean-meal,taiwan,Industrial Domestic Consumption,0.0,1000 Metric Tons
09-21-2026,2026,2026,5,8,soybean-meal,taiwan,Exports,50.0,1000 Metric Tons
09-21-2026,2026,2026,5,8,soybean-meal,taiwan,Total Supply,1778.0,1000 Metric Tons
09-21-2026,2026,2026,5,8,soybean-meal,taiwan,Imports,40.0,1000 Metric Tons
09-21-2026,2026,2026,5,8,soybean-meal,taiwan,Production,1712.0,1000 Metric Tons
09-21-2026,2026,2026,5,8,soybean-meal,taiwan,Beginning Stocks,26.0,1000 Metric Tons
09-21-2026,2026,2026,5,8,soybean-meal,taiwan,Crush,2180.0,1000 Metric Tons
09-21-2026,2026,2026,5,8,soybean-meal,taiwan,Domestic Consumption,1690.0,1000 Metric Tons
09-21-2026,2026,2026,9,12,soybean-meal,european-union,Soybean Meal Equivalent,31500.0,1000 Metric Tons
09-21-2026,2026,2026,9,12,soybean-meal,european-union,Total Distribution,33867.0,1000 Metric Tons
09-21-2026,2026,2026,9,12,soybean-meal,european-union,Ending Stocks,1625.0,1000 Metric Tons
09-21-2026,2026,2026,9,12,soybean-meal,european-union,Domestic Consumption,31542.0,1000 Metric Tons
09-21-2026,2026,2026,9,12,soybean-meal,european-union,Feed Waste Domestic Consumption,31500.0,1000 Metric Tons
09-21-2026,2026,2026,9,12,soybean-meal,european-union,Food Use Domestic Consumption,32.0,1000 Metric Tons
09-21-2026,2026,2026,9,12,soybean-meal,european-union,Industrial Domestic Consumption,10.0,1000 Metric Tons
09-21-2026,2026,2026,5,8,soybean-meal,taiwan,Feed Waste Domestic Consumption,1690.0,1000 Metric Tons
09-21-2026,2026,2026,5,8,soybean-meal,taiwan,Ending Stocks,38.0,1000 Metric Tons
09-21-2026,2026,2026,9,12,soybean-meal,japan,Feed Waste Domestic Consumption,2985.0,1000 Metric Tons
09-21-2026,2026,2026,5,8,soybean-meal,guatemala,Industrial Domestic Consumption,0.0,1000 Metric Tons
09-21-2026,2026,2026,5,8,soybean-meal,vietnam,Crush,2200.0,1000 Metric Tons
09-21-2026,2026,2026,5,8,soybean-meal,guatemala,Soybean Meal Equivalent,770.0,1000 Metric Tons
09-21-2026,2026,2026,5,8,soybean-meal,guatemala,Total Distribution,825.0,1000 Metric Tons
09-21-2026,2026,2026,5,8,soybean-meal,guatemala,Ending Stocks,55.0,1000 Metric Tons
09-21-2026,2026,2026,5,8,soybean-meal,guatemala,Domestic Consumption,770.0,1000 Metric Tons
09-21-2026,2026,2026,5,8,soybean-meal,guatemala,Feed Waste Domestic Consumption,770.0,1000 Metric Tons
09-21-2026,2026,2026,5,8,soybean-meal,guatemala,Food Use Domestic Consumption,0.0,1000 Metric Tons
09-21-2026,2026,2026,5,8,soybean-meal,guatemala,Exports,0.0,1000 Metric Tons
09-21-2026,2026,2026,5,8,soybean-meal,taiwan,Total Distribution,1778.0,1000 Metric Tons
09-21-2026,2026,2026,5,8,soybean-meal,guatemala,Total Supply,825.0,1000 Metric Tons
09-21-2026,2026,2026,5,8,soybean-meal,guatemala,Imports,750.0,1000 Metric Tons
09-21-2026,2026,2026,5,8,soybean-meal,guatemala,Production,27.0,1000 Metric Tons
09-21-2026,2026,2026,5,8,soybean-meal,guatemala,Beginning Stocks,48.0,1000 Metric Tons
09-21-2026,2026,2026,5,8,soybean-meal,guatemala,Extraction Rate,0.7714,Percentage (%)
09-21-2026,2026,2026,5,8,soybean-meal,guatemala,Crush,35.0,1000 Metric Tons
09-21-2026,2026,2026,5,8,soybean-meal,taiwan,Soybean Meal Equivalent,1690.0,1000 Metric Tons
09-21-2026,2026,2026,9,12,soybean-meal,european-union,Exports,700.0,1000 Metric Tons
09-21-2026,2026,2026,9,12,soybean-meal,european-union,Total Supply,33867.0,1000 Metric Tons
09-21-2026,2026,2026,9,12,soybean-meal,european-union,Imports,20300.0,1000 Metric Tons
09-21-2026,2026,2026,9,12,soybean-meal,south-korea,Imports,1725.0,1000 Metric Tons
09-21-2026,2026,2026,9,12,soybean-meal,south-korea,Ending Stocks,202.0,1000 Metric Tons
09-21-2026,2026,2026,9,12,soybean-meal,south-korea,Domestic Consumption,2380.0,1000 Metric Tons
09-21-2026,2026,2026,9,12,soybean-meal,south-korea,Feed Waste Domestic Consumption,2355.0,1000 Metric Tons
09-21-2026,2026,2026,9,12,soybean-meal,south-korea,Food Use Domestic Consumption,25.0,1000 Metric Tons
09-21-2026,2026,2026,9,12,soybean-meal,south-korea,Industrial Domestic Consumption,0.0,1000 Metric Tons
09-21-2026,2026,2026,9,12,soybean-meal,south-korea,Exports,30.0,1000 Metric Tons
09-21-2026,2026,2026,9,12,soybean-meal,south-korea,Total Supply,2612.0,1000 Metric Tons
09-21-2026,2026,2026,9,12,soybean-meal,south-korea,Production,685.0,1000 Metric Tons
09-21-2026,2026,2026,9,12,soybean-meal,european-union,Production,11850.0,1000 Metric Tons
09-21-2026,2026,2026,9,12,soybean-meal,south-korea,Beginning Stocks,202.0,1000 Metric Tons
09-21-2026,2026,2026,9,12,soybean-meal,south-korea,Extraction Rate,0.7965,Percentage (%)
09-21-2026,2026,2026,9,12,soybean-meal,south-korea,Crush,860.0,1000 Metric Tons
09-21-2026,2026,2026,9,12,soybean-meal,japan,Soybean Meal Equivalent,2985.0,1000 Metric Tons
09-21-2026,2026,2026,9,12,soybean-meal,japan,Total Distribution,3484.0,1000 Metric Tons
09-21-2026,2026,2026,9,12,soybean-meal,japan,Ending Stocks,88.0,1000 Metric Tons
09-21-2026,2026,2026,9,12,soybean-meal,japan,Domestic Consumption,3395.0,1000 Metric Tons
09-21-2026,2026,2026,9,12,soybean-meal,south-korea,Total Distribution,2612.0,1000 Metric Tons
09-21-2026,2026,2026,9,12,soybean-meal,south-korea,Soybean Meal Equivalent,2355.0,1000 Metric Tons
09-21-2026,2026,2026,7,10,soybean-meal,colombia,Crush,530.0,1000 Metric Tons
09-21-2026,2026,2026,7,10,soybean-meal,colombia,Extraction Rate,0.7887,Percentage (%)
09-21-2026,2026,2026,9,12,soybean-meal,european-union,Beginning Stocks,1717.0,1000 Metric Tons
09-21-2026,2026,2026,9,12,soybean-meal,european-union,Extraction Rate,0.79,Percentage (%)
09-21-2026,2026,2026,9,12,soybean-meal,european-union,Crush,15000.0,1000 Metric Tons
09-21-2026,2026,2026,7,10,soybean-meal,colombia,Soybean Meal Equivalent,2750.0,1000 Metric Tons
09-21-2026,2026,2026,7,10,soybean-meal,colombia,Total Distribution,2952.0,1000 Metric Tons
09-21-2026,2026,2026,7,10,soybean-meal,colombia,Ending Stocks,200.0,1000 Metric Tons
09-21-2026,2026,2026,7,10,soybean-meal,colombia,Domestic Consumption,2750.0,1000 Metric Tons
09-21-2026,2026,2026,7,10,soybean-meal,colombia,Feed Waste Domestic Consumption,2750.0,1000 Metric Tons
09-21-2026,2026,2026,7,10,soybean-meal,colombia,Food Use Domestic Consumption,0.0,1000 Metric Tons
09-21-2026,2026,2026,7,10,soybean-meal,colombia,Industrial Domestic Consumption,0.0,1000 Metric Tons
09-21-2026,2026,2026,7,10,soybean-meal,colombia,Exports,2.0,1000 Metric Tons
09-21-2026,2026,2026,7,10,soybean-meal,colombia,Total Supply,2952.0,1000 Metric Tons
09-21-2026,2026,2026,7,10,soybean-meal,colombia,Imports,2350.0,1000 Metric Tons
09-21-2026,2026,2026,7,10,soybean-meal,colombia,Production,418.0,1000 Metric Tons
09-21-2026,2026,2026,7,10,soybean-meal,colombia,Beginning Stocks,184.0,1000 Metric Tons
09-21-2026,2026,2026,9,1,soybeans,china,Ending Stocks,44359.0,1000 Metric Tons
09-21-2026,2026,2026,9,1,soybeans,china,Feed Waste Domestic Consumption,6500.0,1000 Metric Tons
09-21-2026,2026,2026,9,1,soybeans,japan,Food Use Domestic Consumption,900.0,1000 Metric Tons
09-21-2026,2026,2026,5,9,soybeans,taiwan,Total Supply,2909.0,1000 Metric Tons
09-21-2026,2026,2026,5,9,soybeans,taiwan,Total Distribution,2909.0,1000 Metric Tons
09-21-2026,2026,2026,5,9,soybeans,taiwan,Ending Stocks,109.0,1000 Metric Tons
09-21-2026,2026,2026,5,9,soybeans,taiwan,Domestic Consumption,2800.0,1000 Metric Tons
09-21-2026,2026,2026,5,9,soybeans,taiwan,Feed Waste Domestic Consumption,300.0,1000 Metric Tons
09-21-2026,2026,2026,5,9,soybeans,taiwan,Food Use Domestic Consumption,320.0,1000 Metric Tons
09-21-2026,2026,2026,5,9,soybeans,taiwan,Crush,2180.0,1000 Metric Tons
09-21-2026,2026,2026,5,9,soybeans,taiwan,Exports,0.0,1000 Metric Tons
09-21-2026,2026,2026,5,9,soybeans,taiwan,Imports,2800.0,1000 Metric Tons
09-21-2026,2026,2026,4,8,soybeans,guatemala,Area Harvested,14.0,1000 Hectares
09-21-2026,2026,2026,5,9,soybeans,taiwan,Production,7.0,1000 Metric Tons
09-21-2026,2026,2026,5,9,soybeans,taiwan,Beginning Stocks,102.0,1000 Metric Tons
09-21-2026,2026,2026,5,9,soybeans,taiwan,Area Harvested,5.0,1000 Hectares
09-21-2026,2026,2026,9,1,soybeans,european-union,Yield,2.6871,Yield (Metric Tons per Hectare)
09-21-2026,2026,2026,9,1,soybeans,european-union,Total Distribution,18415.0,1000 Metric Tons
09-21-2026,2026,2026,9,1,soybeans,european-union,Ending Stocks,1520.0,1000 Metric Tons
09-21-2026,2026,2026,9,1,soybeans,european-union,Domestic Consumption,16570.0,1000 Metric Tons
09-21-2026,2026,2026,5,9,soybeans,taiwan,Yield,1.4,Yield (Metric Tons per Hectare)
09-21-2026,2026,2026,4,8,soybeans,guatemala,Beginning Stocks,0.0,1000 Metric Tons
09-21-2026,2026,2026,9,1,soybeans,european-union,Food Use Domestic Consumption,220.0,1000 Metric Tons
09-21-2026,2026,2026,4,8,soybeans,guatemala,Total Distribution,36.0,1000 Metric Tons
09-21-2026,2026,2026,5,9,soybeans,vietnam,Exports,0.0,1000 Metric Tons
09-21-2026,2026,2026,5,9,soybeans,vietnam,Total Supply,3543.0,1000 Metric Tons
09-21-2026,2026,2026,5,9,soybeans,vietnam,Imports,3050.0,1000 Metric Tons
09-21-2026,2026,2026,5,9,soybeans,vietnam,Production,41.0,1000 Metric Tons
09-21-2026,2026,2026,5,9,soybeans,vietnam,Beginning Stocks,452.0,1000 Metric Tons
09-21-2026,2026,2026,5,9,soybeans,vietnam,Area Harvested,25.0,1000 Hectares
09-21-2026,2026,2026,4,8,soybeans,guatemala,Yield,2.5714,Yield (Metric Tons per Hectare)
09-21-2026,2026,2026,4,8,soybeans,guatemala,Ending Stocks,0.0,1000 Metric Tons
09-21-2026,2026,2026,4,8,soybeans,guatemala,Production,36.0,1000 Metric Tons
09-21-2026,2026,2026,4,8,soybeans,guatemala,Domestic Consumption,36.0,1000 Metric Tons
09-21-2026,2026,2026,4,8,soybeans,guatemala,Feed Waste Domestic Consumption,1.0,1000 Metric Tons
09-21-2026,2026,2026,4,8,soybeans,guatemala,Food Use Domestic Consumption,0.0,1000 Metric Tons
09-21-2026,2026,2026,4,8,soybeans,guatemala,Crush,35.0,1000 Metric Tons
09-21-2026,2026,2026,4,8,soybeans,guatemala,Exports,0.0,1000 Metric Tons
09-21-2026,2026,2026,4,8,soybeans,guatemala,Total Supply,36.0,1000 Metric Tons
09-21-2026,2026,2026,4,8,soybeans,guatemala,Imports,0.0,1000 Metric Tons
09-21-2026,2026,2026,9,1,soybeans,european-union,Feed Waste Domestic Consumption,1350.0,1000 Metric Tons
09-21-2026,2026,2026,9,1,soybeans,european-union,Crush,15000.0,1000 Metric Tons
09-21-2026,2026,2026,9,1,soybeans,china,Food Use Domestic Consumption,18400.0,1000 Metric Tons
09-21-2026,2026,2026,9,1,soybeans,south-korea,Imports,1080.0,1000 Metric Tons
09-21-2026,2026,2026,9,1,soybeans,south-korea,Ending Stocks,54.0,1000 Metric Tons
09-21-2026,2026,2026,9,1,soybeans,south-korea,Domestic Consumption,1265.0,1000 Metric Tons
09-21-2026,2026,2026,9,1,soybeans,south-korea,Feed Waste Domestic Consumption,45.0,1000 Metric Tons
09-21-2026,2026,2026,9,1,soybeans,south-korea,Food Use Domestic Consumption,360.0,1000 Metric Tons
09-21-2026,2026,2026,9,1,soybeans,south-korea,Crush,860.0,1000 Metric Tons
09-21-2026,2026,2026,9,1,soybeans,south-korea,Exports,0.0,1000 Metric Tons
09-21-2026,2026,2026,9,1,soybeans,south-korea,Total Supply,1319.0,1000 Metric Tons
09-21-2026,2026,2026,9,1,soybeans,south-korea,Production,156.0,1000 Metric Tons
09-21-2026,2026,2026,9,1,soybeans,south-korea,Yield,2.1081,Yield (Metric Tons per Hectare)
09-21-2026,2026,2026,9,1,soybeans,south-korea,Beginning Stocks,83.0,1000 Metric Tons
09-21-2026,2026,2026,9,1,soybeans,south-korea,Area Harvested,74.0,1000 Hectares
09-21-2026,2026,2026,9,1,soybeans,japan,Yield,1.695,Yield (Metric Tons per Hectare)
09-21-2026,2026,2026,9,1,soybeans,japan,Total Distribution,3600.0,1000 Metric Tons
09-21-2026,2026,2026,9,1,soybeans,japan,Ending Stocks,160.0,1000 Metric Tons
09-21-2026,2026,2026,9,1,soybeans,japan,Domestic Consumption,3440.0,1000 Metric Tons
09-21-2026,2026,2026,9,1,soybeans,japan,Feed Waste Domestic Consumption,90.0,1000 Metric Tons
09-21-2026,2026,2026,9,1,soybeans,south-korea,Total Distribution,1319.0,1000 Metric Tons
09-21-2026,2026,2026,4,8,soybeans,colombia,Area Harvested,50.0,1000 Hectares
09-21-2026,2026,2026,9,1,soybeans,european-union,Exports,325.0,1000 Metric Tons
09-21-2026,2026,2026,4,8,soybeans,colombia,Ending Stocks,166.0,1000 Metric Tons
09-21-2026,2026,2026,9,1,soybeans,european-union,Total Supply,18415.0,1000 Metric Tons
09-21-2026,2026,2026,9,1,soybeans,european-union,Imports,14000.0,1000 Metric Tons
09-21-2026,2026,2026,9,1,soybeans,european-union,Production,2851.0,1000 Metric Tons
09-21-2026,2026,2026,9,1,soybeans,european-union,Beginning Stocks,1564.0,1000 Metric Tons
09-21-2026,2026,2026,9,1,soybeans,european-union,Area Harvested,1061.0,1000 Hectares
09-21-2026,2026,2026,4,8,soybeans,colombia,Yield,2.7,Yield (Metric Tons per Hectare)
09-21-2026,2026,2026,4,8,soybeans,colombia,Total Distribution,796.0,1000 Metric Tons
09-21-2026,2026,2026,4,8,soybeans,colombia,Domestic Consumption,630.0,1000 Metric Tons
09-21-2026,2026,2026,4,8,soybeans,colombia,Beginning Stocks,131.0,1000 Metric Tons
09-21-2026,2026,2026,4,8,soybeans,colombia,Feed Waste Domestic Consumption,100.0,1000 Metric Tons
09-21-2026,2026,2026,4,8,soybeans,colombia,Food Use Domestic Consumption,0.0,1000 Metric Tons
09-21-2026,2026,2026,4,8,soybeans,colombia,Crush,530.0,1000 Metric Tons
09-21-2026,2026,2026,4,8,soybeans,colombia,Exports,0.0,1000 Metric Tons
09-21-2026,2026,2026,4,8,soybeans,colombia,Total Supply,796.0,1000 Metric Tons
09-21-2026,2026,2026,4,8,soybeans,colombia,Imports,530.0,1000 Metric Tons
09-21-2026,2026,2026,4,8,soybeans,colombia,Production,135.0,1000 Metric Tons
09-21-2026,2026,2026,5,9,soybeans,vietnam,Crush,2200.0,1000 Metric Tons
09-21-2026,2026,2026,5,9,soybeans,vietnam,Food Use Domestic Consumption,555.0,1000 Metric Tons
09-21-2026,2026,2026,5,9,soybeans,vietnam,Feed Waste Domestic Consumption,285.0,1000 Metric Tons
09-21-2026,2026,2026,9,1,soybeans,indonesia,Exports,2.0,1000 Metric Tons
09-21-2026,2026,2026,9,1,soybeans,indonesia,Yield,1.1034,Yield (Metric Tons per Hectare)
09-21-2026,2026,2026,9,1,soybeans,indonesia,Total Distribution,3385.0,1000 Metric Tons
09-21-2026,2026,2026,9,1,soybeans,indonesia,Ending Stocks,298.0,1000 Metric Tons
09-21-2026,2026,2026,9,1,soybeans,indonesia,Domestic Consumption,3085.0,1000 Metric Tons
09-21-2026,2026,2026,9,1,soybeans,indonesia,Feed Waste Domestic Consumption,160.0,1000 Metric Tons
09-21-2026,2026,2026,9,1,soybeans,indonesia,Food Use Domestic Consumption,2925.0,1000 Metric Tons
09-21-2026,2026,2026,9,1,soybeans,indonesia,Crush,0.0,1000 Metric Tons
09-21-2026,2026,2026,9,1,soybeans,indonesia,Total Supply,3385.0,1000 Metric Tons
09-21-2026,2026,2026,5,9,soybeans,thailand,Beginning Stocks,476.0,1000 Metric Tons
09-21-2026,2026,2026,9,1,soybeans,indonesia,Imports,2900.0,1000 Metric Tons
09-21-2026,2026,2026,9,1,soybeans,indonesia,Production,320.0,1000 Metric Tons
09-21-2026,2026,2026,9,1,soybeans,indonesia,Beginning Stocks,165.0,1000 Metric Tons
09-21-2026,2026,2026,9,1,soybeans,indonesia,Area Harvested,290.0,1000 Hectares
09-21-2026,2026,2026,8,12,soybeans,nigeria,Yield,1.0714,Yield (Metric Tons per Hectare)
09-21-2026,2026,2026,8,12,soybeans,nigeria,Total Distribution,1747.0,1000 Metric Tons
09-21-2026,2026,2026,8,12,soybeans,nigeria,Ending Stocks,147.0,1000 Metric Tons
09-21-2026,2026,2026,5,9,soybeans,thailand,Area Harvested,31.0,1000 Hectares
09-21-2026,2026,2026,5,9,soybeans,thailand,Production,51.0,1000 Metric Tons
09-21-2026,2026,2026,5,9,soybeans,vietnam,Domestic Consumption,3040.0,1000 Metric Tons
09-21-2026,2026,2026,5,9,soybeans,thailand,Yield,1.6452,Yield (Metric Tons per Hectare)
09-21-2026,2026,2026,9,1,soybeans,china,Crush,109000.0,1000 Metric Tons
09-21-2026,2026,2026,9,1,soybeans,china,Exports,130.0,1000 Metric Tons
09-21-2026,2026,2026,9,1,soybeans,china,Total Supply,178389.0,1000 Metric Tons
09-21-2026,2026,2026,9,1,soybeans,china,Imports,113000.0,1000 Metric Tons
09-21-2026,2026,2026,9,1,soybeans,china,Production,20900.0,1000 Metric Tons
09-21-2026,2026,2026,9,1,soybeans,china,Beginning Stocks,44489.0,1000 Metric Tons
09-21-2026,2026,2026,9,1,soybeans,china,Area Harvested,10300.0,1000 Hectares
09-21-2026,2026,2026,5,9,soybeans,thailand,Total Distribution,4727.0,1000 Metric Tons
09-21-2026,2026,2026,5,9,soybeans,thailand,Imports,4200.0,1000 Metric Tons
09-21-2026,2026,2026,5,9,soybeans,thailand,Ending Stocks,487.0,1000 Metric Tons
09-21-2026,2026,2026,5,9,soybeans,thailand,Domestic Consumption,4240.0,1000 Metric Tons
09-21-2026,2026,2026,5,9,soybeans,thailand,Feed Waste Domestic Consumption,950.0,1000 Metric Tons
09-21-2026,2026,2026,5,9,soybeans,thailand,Food Use Domestic Consumption,290.0,1000 Metric Tons
09-21-2026,2026,2026,5,9,soybeans,thailand,Crush,3000.0,1000 Metric Tons
09-21-2026,2026,2026,5,9,soybeans,thailand,Exports,0.0,1000 Metric Tons
09-21-2026,2026,2026,5,9,soybeans,thailand,Total Supply,4727.0,1000 Metric Tons
09-21-2026,2026,2026,8,12,soybeans,nigeria,Domestic Consumption,1400.0,1000 Metric Tons
09-21-2026,2026,2026,8,12,soybeans,nigeria,Feed Waste Domestic Consumption,200.0,1000 Metric Tons
09-21-2026,2026,2026,8,12,soybeans,nigeria,Food Use Domestic Consumption,225.0,1000 Metric Tons
09-21-2026,2026,2026,9,1,soybeans,canada,Exports,5287.0,1000 Metric Tons
09-21-2026,2026,2026,9,1,soybeans,canada,Yield,2.9806,Yield (Metric Tons per Hectare)
09-21-2026,2026,2026,9,1,soybeans,canada,Total Distribution,7881.0,1000 Metric Tons
09-21-2026,2026,2026,9,1,soybeans,canada,Ending Stocks,294.0,1000 Metric Tons
09-21-2026,2026,2026,9,1,soybeans,canada,Domestic Consumption,2300.0,1000 Metric Tons
09-21-2026,2026,2026,9,1,soybeans,canada,Feed Waste Domestic Consumption,575.0,1000 Metric Tons
09-21-2026,2026,2026,9,1,soybeans,canada,Food Use Domestic Consumption,0.0,1000 Metric Tons
09-21-2026,2026,2026,9,1,soybeans,canada,Crush,1725.0,1000 Metric Tons
09-21-2026,2026,2026,9,1,soybeans,canada,Total Supply,7881.0,1000 Metric Tons
09-21-2026,2026,2026,8,12,soybeans,nigeria,Crush,975.0,1000 Metric Tons
09-21-2026,2026,2026,9,1,soybeans,canada,Imports,365.0,1000 Metric Tons
09-21-2026,2026,2026,9,1,soybeans,canada,Production,6918.0,1000 Metric Tons
09-21-2026,2026,2026,9,1,soybeans,canada,Beginning Stocks,598.0,1000 Metric Tons
09-21-2026,2026,2026,9,1,soybeans,canada,Area Harvested,2321.0,1000 Hectares
09-21-2026,2026,2026,5,9,soybeans,vietnam,Yield,1.64,Yield (Metric Tons per Hectare)
09-21-2026,2026,2026,5,9,soybeans,vietnam,Total Distribution,3543.0,1000 Metric Tons
09-21-2026,2026,2026,5,9,soybeans,vietnam,Ending Stocks,503.0,1000 Metric Tons
09-21-2026,2026,2026,6,10,soybeans,philippines,Area Harvested,1.0,1000 Hectares
09-21-2026,2026,2026,6,10,soybeans,philippines,Beginning Stocks,10.0,1000 Metric Tons
09-21-2026,2026,2026,6,10,soybeans,philippines,Production,1.0,1000 Metric Tons
09-21-2026,2026,2026,6,10,soybeans,philippines,Imports,150.0,1000 Metric Tons
09-21-2026,2026,2026,8,12,soybeans,nigeria,Exports,200.0,1000 Metric Tons
09-21-2026,2026,2026,8,12,soybeans,nigeria,Total Supply,1747.0,1000 Metric Tons
09-21-2026,2026,2026,8,12,soybeans,nigeria,Imports,1.0,1000 Metric Tons
09-21-2026,2026,2026,8,12,soybeans,nigeria,Production,1500.0,1000 Metric Tons
09-21-2026,2026,2026,8,12,soybeans,nigeria,Beginning Stocks,246.0,1000 Metric Tons
09-21-2026,2026,2026,8,12,soybeans,nigeria,Area Harvested,1400.0,1000 Hectares
09-21-2026,2026,2026,6,10,soybeans,philippines,Yield,1.0,Yield (Metric Tons per Hectare)
09-21-2026,2026,2026,6,10,soybeans,philippines,Total Distribution,161.0,1000 Metric Tons
09-21-2026,2026,2026,6,10,soybeans,philippines,Ending Stocks,10.0,1000 Metric Tons
09-21-2026,2026,2026,6,10,soybeans,philippines,Domestic Consumption,151.0,1000 Metric Tons
09-21-2026,2026,2026,6,10,soybeans,philippines,Feed Waste Domestic Consumption,50.0,1000 Metric Tons
09-21-2026,2026,2026,6,10,soybeans,philippines,Food Use Domestic Consumption,31.0,1000 Metric Tons
09-21-2026,2026,2026,6,10,soybeans,philippines,Crush,70.0,1000 Metric Tons
09-21-2026,2026,2026,6,10,soybeans,philippines,Exports,0.0,1000 Metric Tons
09-21-2026,2026,2026,6,10,soybeans,philippines,Total Supply,161.0,1000 Metric Tons
09-21-2026,2026,2026,8,11,soybean-oil,bangladesh,Ending Stocks,26.0,1000 Metric Tons
09-21-2026,2026,2026,8,11,soybean-meal,bangladesh,Soybean Meal Equivalent,2975.0,1000 Metric Tons
09-21-2026,2026,2026,9,4,wheat,honduras,Area Harvested,0.0,1000 Hectares
09-21-2026,2026,2026,9,4,wheat,philippines,Ending Stocks,1101.0,1000 Metric Tons
09-21-2026,2026,2026,9,4,wheat,canada,Total Supply,45419.0,1000 Metric Tons
09-21-2026,2026,2026,9,4,wheat,canada,Exports,29787.0,1000 Metric Tons
09-21-2026,2026,2026,9,4,wheat,canada,Trade Year Exports,29561.0,1000 Metric Tons
09-21-2026,2026,2026,8,3,wheat,indonesia,Beginning Stocks,1488.0,1000 Metric Tons
09-21-2026,2026,2026,8,3,wheat,indonesia,Production,0.0,1000 Metric Tons
09-21-2026,2026,2026,8,3,wheat,indonesia,Imports,13023.0,1000 Metric Tons
09-21-2026,2026,2026,8,3,wheat,indonesia,Trade Year Imports,13023.0,1000 Metric Tons
09-21-2026,2026,2026,8,3,wheat,indonesia,Trade Year Imports From United States,1090.0,1000 Metric Tons
09-21-2026,2026,2026,8,3,wheat,indonesia,Total Supply,14511.0,1000 Metric Tons
09-21-2026,2026,2026,8,3,wheat,indonesia,Exports,441.0,1000 Metric Tons
09-21-2026,2026,2026,8,3,wheat,indonesia,Trade Year Exports,441.0,1000 Metric Tons
09-21-2026,2026,2026,9,4,wheat,world,Ending Stocks,280604.0,1000 Metric Tons
09-21-2026,2026,2026,9,4,wheat,world,Total Distribution,1326155.0,1000 Metric Tons
09-21-2026,2026,2026,9,4,wheat,world,Yield,3.8342,Yield (Metric Tons per Hectare)
09-21-2026,2026,2026,9,4,wheat,canada,Feed Domestic Consumption,3633.0,1000 Metric Tons
09-21-2026,2026,2026,9,4,wheat,canada,Food Seed and Industrial Consumption,5350.0,1000 Metric Tons
09-21-2026,2026,2026,9,4,wheat,canada,Domestic Consumption,8983.0,1000 Metric Tons
09-21-2026,2026,2026,9,4,wheat,canada,Ending Stocks,6649.0,1000 Metric Tons
09-21-2026,2026,2026,9,4,wheat,philippines,Food Seed and Industrial Consumption,3900.0,1000 Metric Tons
09-21-2026,2026,2026,9,4,wheat,bangladesh,Trade Year Exports,0.0,1000 Metric Tons
09-21-2026,2026,2026,9,4,wheat,bangladesh,Feed Domestic Consumption,300.0,1000 Metric Tons
09-21-2026,2026,2026,9,4,wheat,bangladesh,Food Seed and Industrial Consumption,7500.0,1000 Metric Tons
09-21-2026,2026,2026,9,4,wheat,nigeria,Trade Year Imports From United States,1584.0,1000 Metric Tons
09-21-2026,2026,2026,8,3,wheat,vietnam,Ending Stocks,1090.0,1000 Metric Tons
09-21-2026,2026,2026,8,3,wheat,vietnam,Domestic Consumption,6200.0,1000 Metric Tons
09-21-2026,2026,2026,9,4,wheat,world,Feed Domestic Consumption,168507.0,1000 Metric Tons
09-21-2026,2026,2026,9,4,wheat,world,Food Seed and Industrial Consumption,649409.0,1000 Metric Tons
09-21-2026,2026,2026,9,4,wheat,world,Domestic Consumption,817916.0,1000 Metric Tons
09-21-2026,2026,2026,9,4,wheat,nigeria,Trade Year Exports,400.0,1000 Metric Tons
09-21-2026,2026,2026,9,4,wheat,nigeria,Exports,400.0,1000 Metric Tons
09-21-2026,2026,2026,9,4,wheat,nigeria,Total Supply,6581.0,1000 Metric Tons
09-21-2026,2026,2026,9,4,wheat,nigeria,Trade Year Imports,5934.0,1000 Metric Tons
09-21-2026,2026,2026,8,3,wheat,indonesia,Area Harvested,0.0,1000 Hectares
09-21-2026,2026,2026,9,4,wheat,nigeria,Imports,5934.0,1000 Metric Tons
09-21-2026,2026,2026,9,4,wheat,nigeria,Production,130.0,1000 Metric Tons
09-21-2026,2026,2026,9,4,wheat,nigeria,Beginning Stocks,517.0,1000 Metric Tons
09-21-2026,2026,2026,9,4,wheat,bangladesh,Ending Stocks,1383.0,1000 Metric Tons
09-21-2026,2026,2026,9,4,wheat,bangladesh,Domestic Consumption,7800.0,1000 Metric Tons
09-21-2026,2026,2026,9,4,wheat,nigeria,Ending Stocks,281.0,1000 Metric Tons
09-21-2026,2026,2026,9,4,wheat,nigeria,Total Distribution,6581.0,1000 Metric Tons
09-21-2026,2026,2026,9,4,wheat,nigeria,Yield,1.1304,Yield (Metric Tons per Hectare)
09-21-2026,2026,2026,9,4,wheat,philippines,Domestic Consumption,7400.0,1000 Metric Tons
09-21-2026,2026,2026,9,4,wheat,philippines,Total Distribution,8521.0,1000 Metric Tons
09-21-2026,2026,2026,9,4,wheat,guatemala,Trade Year Exports,46.0,1000 Metric Tons
09-21-2026,2026,2026,9,4,wheat,canada,Total Distribution,45419.0,1000 Metric Tons
09-21-2026,2026,2026,9,12,soybean-oil,world,Extraction Rate,0.196,Percentage (%)
09-21-2026,2026,2026,8,3,wheat,vietnam,Food Seed and Industrial Consumption,2800.0,1000 Metric Tons
09-21-2026,2026,2026,8,3,wheat,vietnam,Feed Domestic Consumption,3400.0,1000 Metric Tons
09-21-2026,2026,2026,8,3,wheat,vietnam,Trade Year Exports,597.0,1000 Metric Tons
09-21-2026,2026,2026,8,3,wheat,vietnam,Exports,597.0,1000 Metric Tons
09-21-2026,2026,2026,9,4,wheat,guatemala,Total Distribution,1292.0,1000 Metric Tons
09-21-2026,2026,2026,9,4,wheat,guatemala,Ending Stocks,346.0,1000 Metric Tons
09-21-2026,2026,2026,9,4,wheat,guatemala,Domestic Consumption,900.0,1000 Metric Tons
09-21-2026,2026,2026,9,4,wheat,guatemala,Food Seed and Industrial Consumption,850.0,1000 Metric Tons
09-21-2026,2026,2026,9,4,wheat,honduras,Imports,383.0,1000 Metric Tons
09-21-2026,2026,2026,9,4,wheat,honduras,Trade Year Imports,383.0,1000 Metric Tons
09-21-2026,2026,2026,9,4,wheat,honduras,Trade Year Imports From United States,329.0,1000 Metric Tons
09-21-2026,2026,2026,9,4,wheat,honduras,Total Supply,390.0,1000 Metric Tons
09-21-2026,2026,2026,9,4,wheat,honduras,Exports,43.0,1000 Metric Tons
09-21-2026,2026,2026,9,4,wheat,honduras,Trade Year Exports,43.0,1000 Metric Tons
09-21-2026,2026,2026,9,4,wheat,honduras,Feed Domestic Consumption,15.0,1000 Metric Tons
09-21-2026,2026,2026,9,4,wheat,honduras,Food Seed and Industrial Consumption,315.0,1000 Metric Tons
09-21-2026,2026,2026,9,4,wheat,egypt,Production,9200.0,1000 Metric Tons
09-21-2026,2026,2026,9,4,wheat,honduras,Ending Stocks,17.0,1000 Metric Tons
09-21-2026,2026,2026,9,12,soybean-oil,world,Crush,374307.0,1000 Metric Tons
09-21-2026,2026,2026,8,3,wheat,indonesia,Feed Domestic Consumption,2200.0,1000 Metric Tons
09-21-2026,2026,2026,8,3,wheat,indonesia,Food Seed and Industrial Consumption,10000.0,1000 Metric Tons
09-21-2026,2026,2026,8,3,wheat,thailand,Imports,3534.0,1000 Metric Tons
09-21-2026,2026,2026,9,4,wheat,bangladesh,Exports,0.0,1000 Metric Tons
09-21-2026,2026,2026,9,4,wheat,bangladesh,Total Supply,9183.0,1000 Metric Tons
09-21-2026,2026,2026,9,4,wheat,bangladesh,Trade Year Imports From United States,745.0,1000 Metric Tons
09-21-2026,2026,2026,9,4,wheat,bangladesh,Trade Year Imports,7350.0,1000 Metric Tons
09-21-2026,2026,2026,9,4,wheat,bangladesh,Imports,7350.0,1000 Metric Tons
09-21-2026,2026,2026,9,4,wheat,bangladesh,Production,1050.0,1000 Metric Tons
09-21-2026,2026,2026,9,4,wheat,bangladesh,Beginning Stocks,783.0,1000 Metric Tons
09-21-2026,2026,2026,9,4,wheat,bangladesh,Area Harvested,290.0,1000 Hectares
09-21-2026,2026,2026,8,3,wheat,thailand,Production,0.0,1000 Metric Tons
09-21-2026,2026,2026,8,3,wheat,indonesia,Domestic Consumption,12200.0,1000 Metric Tons
09-21-2026,2026,2026,8,3,wheat,thailand,Beginning Stocks,1003.0,1000 Metric Tons
09-21-2026,2026,2026,8,3,wheat,thailand,Area Harvested,0.0,1000 Hectares
09-21-2026,2026,2026,8,3,wheat,indonesia,Yield,0.0,Yield (Metric Tons per Hectare)
09-21-2026,2026,2026,9,4,wheat,honduras,Production,0.0,1000 Metric Tons
09-21-2026,2026,2026,9,4,wheat,honduras,Beginning Stocks,7.0,1000 Metric Tons
09-21-2026,2026,2026,9,4,wheat,canada,Yield,3.8212,Yield (Metric Tons per Hectare)
09-21-2026,2026,2026,8,3,wheat,indonesia,Total Distribution,14511.0,1000 Metric Tons
09-21-2026,2026,2026,8,3,wheat,indonesia,Ending Stocks,1870.0,1000 Metric Tons
09-21-2026,2026,2026,8,3,wheat,vietnam,Total Distribution,7887.0,1000 Metric Tons
09-21-2026,2026,2026,8,3,wheat,vietnam,Yield,0.0,Yield (Metric Tons per Hectare)
09-21-2026,2026,2026,9,4,wheat,canada,Area Harvested,10615.0,1000 Hectares
09-21-2026,2026,2026,9,4,wheat,canada,Beginning Stocks,4240.0,1000 Metric Tons
09-21-2026,2026,2026,7,2,wheat,pakistan,Total Supply,33693.0,1000 Metric Tons
09-21-2026,2026,2026,7,2,wheat,pakistan,Trade Year Imports From United States,0.0,1000 Metric Tons
09-21-2026,2026,2026,7,2,wheat,pakistan,Trade Year Imports,10.0,1000 Metric Tons
09-21-2026,2026,2026,7,2,wheat,pakistan,Imports,10.0,1000 Metric Tons
09-21-2026,2026,2026,7,2,wheat,pakistan,Production,28396.0,1000 Metric Tons
09-21-2026,2026,2026,7,2,wheat,pakistan,Beginning Stocks,5287.0,1000 Metric Tons
09-21-2026,2026,2026,9,4,wheat,egypt,Total Distribution,27306.0,1000 Metric Tons
09-21-2026,2026,2026,9,4,wheat,egypt,Yield,6.9173,Yield (Metric Tons per Hectare)
09-21-2026,2026,2026,9,4,wheat,egypt,Beginning Stocks,2911.0,1000 Metric Tons
09-21-2026,2026,2026,9,4,wheat,egypt,Area Harvested,1330.0,1000 Hectares
09-21-2026,2026,2026,8,3,wheat,china,Yield,5.9402,Yield (Metric Tons per Hectare)
09-21-2026,2026,2026,8,3,wheat,china,Total Distribution,273302.0,1000 Metric Tons
09-21-2026,2026,2026,9,4,wheat,nigeria,Domestic Consumption,5900.0,1000 Metric Tons
09-21-2026,2026,2026,9,4,wheat,nigeria,Food Seed and Industrial Consumption,5900.0,1000 Metric Tons
09-21-2026,2026,2026,9,4,wheat,nigeria,Feed Domestic Consumption,0.0,1000 Metric Tons
09-21-2026,2026,2026,9,12,soybean-meal,world,Feed Waste Domestic Consumption,286502.0,1000 Metric Tons
09-21-2026,2026,2026,9,12,soybean-meal,world,Food Use Domestic Consumption,836.0,1000 Metric Tons
09-21-2026,2026,2026,9,12,soybean-meal,world,Industrial Domestic Consumption,1370.0,1000 Metric Tons
09-21-2026,2026,2026,9,12,soybean-meal,world,Exports,85884.0,1000 Metric Tons
09-21-2026,2026,2026,7,2,wheat,pakistan,Exports,200.0,1000 Metric Tons
09-21-2026,2026,2026,7,2,wheat,pakistan,Trade Year Exports,200.0,1000 Metric Tons
09-21-2026,2026,2026,7,2,wheat,pakistan,Feed Domestic Consumption,1500.0,1000 Metric Tons
09-21-2026,2026,2026,9,12,soybean-meal,world,Total Distribution,393860.0,1000 Metric Tons
09-21-2026,2026,2026,9,4,wheat,egypt,Trade Year Imports,15195.0,1000 Metric Tons
09-21-2026,2026,2026,9,4,wheat,egypt,Trade Year Imports From United States,38.0,1000 Metric Tons
09-21-2026,2026,2026,9,4,wheat,egypt,Total Supply,27306.0,1000 Metric Tons
09-21-2026,2026,2026,9,4,wheat,egypt,Exports,1550.0,1000 Metric Tons
09-21-2026,2026,2026,9,4,wheat,egypt,Trade Year Exports,1550.0,1000 Metric Tons
09-21-2026,2026,2026,9,4,wheat,egypt,Feed Domestic Consumption,1300.0,1000 Metric Tons
09-21-2026,2026,2026,9,4,wheat,egypt,Food Seed and Industrial Consumption,19300.0,1000 Metric Tons
09-21-2026,2026,2026,9,12,soybean-meal,world,Soybean Meal Equivalent,286502.0,1000 Metric Tons
09-21-2026,2026,2026,9,12,soybean-meal,world,Ending Stocks,19268.0,1000 Metric Tons
09-21-2026,2026,2026,7,2,wheat,pakistan,Food Seed and Industrial Consumption,29200.0,1000 Metric Tons
09-21-2026,2026,2026,9,12,soybean-meal,world,Domestic Consumption,288708.0,1000 Metric Tons
09-21-2026,2026,2026,9,4,wheat,canada,Trade Year Imports From United States,445.0,1000 Metric Tons
09-21-2026,2026,2026,9,4,wheat,egypt,Domestic Consumption,20600.0,1000 Metric Tons
09-21-2026,2026,2026,9,4,wheat,egypt,Ending Stocks,5156.0,1000 Metric Tons
09-21-2026,2026,2026,7,2,wheat,pakistan,Yield,3.129,Yield (Metric Tons per Hectare)
09-21-2026,2026,2026,7,2,wheat,pakistan,Total Distribution,33693.0,1000 Metric Tons
09-21-2026,2026,2026,7,2,wheat,pakistan,Ending Stocks,2793.0,1000 Metric Tons
09-21-2026,2026,2026,7,2,wheat,pakistan,Domestic Consumption,30700.0,1000 Metric Tons
09-21-2026,2026,2026,9,12,soybean-meal,world,Total Supply,393860.0,1000 Metric Tons
09-21-2026,2026,2026,9,12,soybean-meal,world,Imports,82998.0,1000 Metric Tons
09-21-2026,2026,2026,9,12,soybean-meal,world,Production,292919.0,1000 Metric Tons
09-21-2026,2026,2026,9,4,wheat,world,Exports,227635.0,1000 Metric Tons
09-21-2026,2026,2026,9,1,soybeans,world,Production,429408.0,1000 Metric Tons
09-21-2026,2026,2026,8,3,wheat,china,Total Supply,273302.0,1000 Metric Tons
09-21-2026,2026,2026,8,3,wheat,china,Trade Year Imports From United States,336.0,1000 Metric Tons
09-21-2026,2026,2026,8,3,wheat,china,Trade Year Imports,5457.0,1000 Metric Tons
09-21-2026,2026,2026,9,4,wheat,world,Imports,221576.0,1000 Metric Tons
09-21-2026,2026,2026,9,4,wheat,world,Trade Year Imports,221327.0,1000 Metric Tons
09-21-2026,2026,2026,9,4,wheat,world,Trade Year Imports From United States,23933.0,1000 Metric Tons
09-21-2026,2026,2026,9,4,wheat,world,Total Supply,1326155.0,1000 Metric Tons
09-21-2026,2026,2026,9,4,wheat,world,Trade Year Exports,226565.0,1000 Metric Tons
09-21-2026,2026,2026,9,1,soybeans,world,Total Supply,743128.0,1000 Metric Tons
09-21-2026,2026,2026,9,1,soybeans,world,Beginning Stocks,125945.0,1000 Metric Tons
09-21-2026,2026,2026,9,1,soybeans,world,Area Harvested,142737.0,1000 Hectares
09-21-2026,2026,2026,9,1,corn,world,Yield,6.1878,Yield (Metric Tons per Hectare)
09-21-2026,2026,2026,9,1,corn,world,Total Distribution,1822839.0,1000 Metric Tons
09-21-2026,2026,2026,9,1,corn,world,Ending Stocks,301381.0,1000 Metric Tons
09-21-2026,2026,2026,9,4,wheat,canada,Trade Year Imports,631.0,1000 Metric Tons
09-21-2026,2026,2026,9,4,wheat,canada,Imports,617.0,1000 Metric Tons
09-21-2026,2026,2026,9,4,wheat,canada,Production,40562.0,1000 Metric Tons
09-21-2026,2026,2026,9,1,soybeans,world,Imports,187775.0,1000 Metric Tons
09-21-2026,2026,2026,9,1,soybeans,world,Exports,187225.0,1000 Metric Tons
09-21-2026,2026,2026,9,12,soybean-meal,world,Beginning Stocks,17943.0,1000 Metric Tons
09-21-2026,2026,2026,9,4,wheat,world,Production,843989.0,1000 Metric Tons
09-21-2026,2026,2026,9,12,soybean-meal,world,Extraction Rate,0.7826,Percentage (%)
09-21-2026,2026,2026,9,12,soybean-meal,world,Crush,374307.0,1000 Metric Tons
09-21-2026,2026,2026,9,1,soybeans,world,Yield,3.0084,Yield (Metric Tons per Hectare)
09-21-2026,2026,2026,9,1,soybeans,world,Total Distribution,743128.0,1000 Metric Tons
09-21-2026,2026,2026,9,1,soybeans,world,Ending Stocks,125267.0,1000 Metric Tons
09-21-2026,2026,2026,9,4,wheat,bangladesh,Total Distribution,9183.0,1000 Metric Tons
09-21-2026,2026,2026,9,4,wheat,world,Area Harvested,220122.0,1000 Hectares
09-21-2026,2026,2026,9,4,wheat,world,Beginning Stocks,260590.0,1000 Metric Tons
09-21-2026,2026,2026,8,3,wheat,china,Ending Stocks,122204.0,1000 Metric Tons
09-21-2026,2026,2026,9,1,soybeans,world,Crush,374307.0,1000 Metric Tons
09-21-2026,2026,2026,8,3,wheat,china,Domestic Consumption,150000.0,1000 Metric Tons
09-21-2026,2026,2026,8,3,wheat,china,Food Seed and Industrial Consumption,117000.0,1000 Metric Tons
09-21-2026,2026,2026,8,3,wheat,china,Feed Domestic Consumption,33000.0,1000 Metric Tons
09-21-2026,2026,2026,8,3,wheat,china,Trade Year Exports,1098.0,1000 Metric Tons
09-21-2026,2026,2026,8,3,wheat,china,Exports,1098.0,1000 Metric Tons
09-21-2026,2026,2026,9,1,soybeans,world,Domestic Consumption,430636.0,1000 Metric Tons
09-21-2026,2026,2026,9,1,soybeans,world,Feed Waste Domestic Consumption,30503.0,1000 Metric Tons
09-21-2026,2026,2026,9,1,soybeans,world,Food Use Domestic Consumption,25826.0,1000 Metric Tons
09-21-2026,2026,2026,9,4,wheat,guatemala,Feed Domestic Consumption,50.0,1000 Metric Tons
09-21-2026,2026,2026,9,4,wheat,honduras,Domestic Consumption,330.0,1000 Metric Tons
09-21-2026,2026,2026,9,4,wheat,guatemala,Exports,46.0,1000 Metric Tons
09-21-2026,2026,2026,9,4,wheat,colombia,Yield,3.0,Yield (Metric Tons per Hectare)
09-21-2026,2026,2026,8,3,wheat,south-korea,Trade Year Imports From United States,1975.0,1000 Metric Tons
09-21-2026,2026,2026,8,3,wheat,south-korea,Trade Year Imports,4672.0,1000 Metric Tons
09-21-2026,2026,2026,8,3,wheat,south-korea,Imports,4672.0,1000 Metric Tons
09-21-2026,2026,2026,8,3,wheat,south-korea,Production,38.0,1000 Metric Tons
09-21-2026,2026,2026,8,3,wheat,south-korea,Beginning Stocks,1677.0,1000 Metric Tons
09-21-2026,2026,2026,8,3,wheat,south-korea,Area Harvested,9.0,1000 Hectares
09-21-2026,2026,2026,8,3,wheat,japan,Yield,4.6043,Yield (Metric Tons per Hectare)
09-21-2026,2026,2026,8,3,wheat,japan,Total Distribution,7894.0,1000 Metric Tons
09-21-2026,2026,2026,8,3,wheat,japan,Ending Stocks,1220.0,1000 Metric Tons
09-21-2026,2026,2026,8,3,wheat,japan,Domestic Consumption,6355.0,1000 Metric Tons
09-21-2026,2026,2026,8,3,wheat,japan,Food Seed and Industrial Consumption,5575.0,1000 Metric Tons
09-21-2026,2026,2026,8,3,wheat,japan,Feed Domestic Consumption,780.0,1000 Metric Tons
09-21-2026,2026,2026,8,3,wheat,japan,Trade Year Exports,319.0,1000 Metric Tons
09-21-2026,2026,2026,8,3,wheat,japan,Exports,319.0,1000 Metric Tons
09-21-2026,2026,2026,8,3,wheat,japan,Total Supply,7894.0,1000 Metric Tons
09-21-2026,2026,2026,8,3,wheat,japan,Trade Year Imports From United States,2118.0,1000 Metric Tons
09-21-2026,2026,2026,8,3,wheat,japan,Trade Year Imports,5714.0,1000 Metric Tons
09-21-2026,2026,2026,8,3,wheat,japan,Imports,5714.0,1000 Metric Tons
09-21-2026,2026,2026,8,3,wheat,japan,Production,1059.0,1000 Metric Tons
09-21-2026,2026,2026,8,3,wheat,south-korea,Total Supply,6387.0,1000 Metric Tons
09-21-2026,2026,2026,8,3,wheat,south-korea,Exports,699.0,1000 Metric Tons
09-21-2026,2026,2026,8,3,wheat,south-korea,Trade Year Exports,699.0,1000 Metric Tons
09-21-2026,2026,2026,9,4,wheat,colombia,Trade Year Imports,1926.0,1000 Metric Tons
09-21-2026,2026,2026,9,4,wheat,colombia,Ending Stocks,139.0,1000 Metric Tons
09-21-2026,2026,2026,9,4,wheat,guatemala,Total Supply,1292.0,1000 Metric Tons
09-21-2026,2026,2026,9,4,wheat,colombia,Food Seed and Industrial Consumption,1850.0,1000 Metric Tons
09-21-2026,2026,2026,9,4,wheat,colombia,Feed Domestic Consumption,70.0,1000 Metric Tons
09-21-2026,2026,2026,9,4,wheat,colombia,Trade Year Exports,21.0,1000 Metric Tons
09-21-2026,2026,2026,9,4,wheat,colombia,Exports,21.0,1000 Metric Tons
09-21-2026,2026,2026,9,4,wheat,colombia,Total Supply,2080.0,1000 Metric Tons
09-21-2026,2026,2026,9,4,wheat,colombia,Trade Year Imports From United States,734.0,1000 Metric Tons
09-21-2026,2026,2026,9,4,wheat,colombia,Imports,1926.0,1000 Metric Tons
09-21-2026,2026,2026,8,3,wheat,south-korea,Feed Domestic Consumption,1750.0,1000 Metric Tons
09-21-2026,2026,2026,9,4,wheat,colombia,Production,6.0,1000 Metric Tons
09-21-2026,2026,2026,9,4,wheat,colombia,Beginning Stocks,148.0,1000 Metric Tons
09-21-2026,2026,2026,9,4,wheat,colombia,Area Harvested,2.0,1000 Hectares
09-21-2026,2026,2026,8,3,wheat,south-korea,Yield,4.2222,Yield (Metric Tons per Hectare)
09-21-2026,2026,2026,8,3,wheat,south-korea,Total Distribution,6387.0,1000 Metric Tons
09-21-2026,2026,2026,8,3,wheat,south-korea,Ending Stocks,1488.0,1000 Metric Tons
09-21-2026,2026,2026,8,3,wheat,south-korea,Domestic Consumption,4200.0,1000 Metric Tons
09-21-2026,2026,2026,8,3,wheat,south-korea,Food Seed and Industrial Consumption,2450.0,1000 Metric Tons
09-21-2026,2026,2026,8,3,wheat,japan,Beginning Stocks,1121.0,1000 Metric Tons
09-21-2026,2026,2026,8,3,wheat,japan,Area Harvested,230.0,1000 Hectares
09-21-2026,2026,2026,9,4,wheat,mexico,Yield,5.6452,Yield (Metric Tons per Hectare)
09-21-2026,2026,2026,7,2,wheat,pakistan,Area Harvested,9075.0,1000 Hectares
09-21-2026,2026,2026,8,3,wheat,united-states,Trade Year Imports From United States,0.0,1000 Metric Tons
09-21-2026,2026,2026,8,3,wheat,united-states,Trade Year Imports,3391.0,1000 Metric Tons
09-21-2026,2026,2026,8,3,wheat,united-states,Imports,3398.0,1000 Metric Tons
09-21-2026,2026,2026,8,3,wheat,united-states,Production,54010.0,1000 Metric Tons
09-21-2026,2026,2026,8,3,wheat,united-states,Beginning Stocks,23262.0,1000 Metric Tons
09-21-2026,2026,2026,8,3,wheat,united-states,Area Harvested,15071.0,1000 Hectares
09-21-2026,2026,2026,9,12,soybean-oil,world,Beginning Stocks,6436.0,1000 Metric Tons
09-21-2026,2026,2026,9,12,soybean-oil,world,Production,73356.0,1000 Metric Tons
09-21-2026,2026,2026,9,12,soybean-oil,world,Imports,13500.0,1000 Metric Tons
09-21-2026,2026,2026,8,3,wheat,united-states,Exports,24706.0,1000 Metric Tons
09-21-2026,2026,2026,9,12,soybean-oil,world,Total Supply,93292.0,1000 Metric Tons
09-21-2026,2026,2026,9,12,soybean-oil,world,Exports,14817.0,1000 Metric Tons
09-21-2026,2026,2026,9,12,soybean-oil,world,Industrial Domestic Consumption,17206.0,1000 Metric Tons
09-21-2026,2026,2026,9,12,soybean-oil,world,Food Use Domestic Consumption,54678.0,1000 Metric Tons
09-21-2026,2026,2026,9,12,soybean-oil,world,Feed Waste Domestic Consumption,85.0,1000 Metric Tons
09-21-2026,2026,2026,9,12,soybean-oil,world,Domestic Consumption,71969.0,1000 Metric Tons
09-21-2026,2026,2026,9,12,soybean-oil,world,Ending Stocks,6506.0,1000 Metric Tons
09-21-2026,2026,2026,9,12,soybean-oil,world,Total Distribution,93292.0,1000 Metric Tons
09-21-2026,2026,2026,8,3,wheat,united-states,Total Supply,80670.0,1000 Metric Tons
09-21-2026,2026,2026,8,3,wheat,united-states,Trade Year Exports,24411.0,1000 Metric Tons
09-21-2026,2026,2026,9,4,wheat,mexico,Total Distribution,8101.0,1000 Metric Tons
09-21-2026,2026,2026,9,4,wheat,mexico,Trade Year Imports,5696.0,1000 Metric Tons
09-21-2026,2026,2026,9,4,wheat,mexico,Ending Stocks,332.0,1000 Metric Tons
09-21-2026,2026,2026,9,4,wheat,mexico,Domestic Consumption,7650.0,1000 Metric Tons
09-21-2026,2026,2026,9,4,wheat,mexico,Food Seed and Industrial Consumption,7400.0,1000 Metric Tons
09-21-2026,2026,2026,9,4,wheat,mexico,Feed Domestic Consumption,250.0,1000 Metric Tons
09-21-2026,2026,2026,9,4,wheat,mexico,Trade Year Exports,119.0,1000 Metric Tons
09-21-2026,2026,2026,9,4,wheat,mexico,Exports,119.0,1000 Metric Tons
09-21-2026,2026,2026,9,4,wheat,mexico,Total Supply,8101.0,1000 Metric Tons
09-21-2026,2026,2026,9,4,wheat,mexico,Trade Year Imports From United States,4598.0,1000 Metric Tons
09-21-2026,2026,2026,9,4,wheat,mexico,Imports,5696.0,1000 Metric Tons
09-21-2026,2026,2026,8,3,wheat,united-states,Feed Domestic Consumption,3244.0,1000 Metric Tons
09-21-2026,2026,2026,9,4,wheat,mexico,Production,1750.0,1000 Metric Tons
09-21-2026,2026,2026,9,4,wheat,mexico,Beginning Stocks,655.0,1000 Metric Tons
09-21-2026,2026,2026,9,4,wheat,mexico,Area Harvested,310.0,1000 Hectares
09-21-2026,2026,2026,8,3,wheat,united-states,Yield,3.5837,Yield (Metric Tons per Hectare)
09-21-2026,2026,2026,8,3,wheat,united-states,Total Distribution,80670.0,1000 Metric Tons
09-21-2026,2026,2026,8,3,wheat,united-states,Ending Stocks,25041.0,1000 Metric Tons
09-21-2026,2026,2026,8,3,wheat,united-states,Domestic Consumption,30923.0,1000 Metric Tons
09-21-2026,2026,2026,8,3,wheat,united-states,Food Seed and Industrial Consumption,27679.0,1000 Metric Tons
09-21-2026,2026,2026,9,4,wheat,colombia,Total Distribution,2080.0,1000 Metric Tons
09-21-2026,2026,2026,9,4,wheat,colombia,Domestic Consumption,1920.0,1000 Metric Tons
09-21-2026,2026,2026,9,4,wheat,european-union,Area Harvested,23955.0,1000 Hectares
09-21-2026,2026,2026,8,3,wheat,vietnam,Production,0.0,1000 Metric Tons
09-21-2026,2026,2026,8,3,wheat,china,Beginning Stocks,127775.0,1000 Metric Tons
09-21-2026,2026,2026,8,3,wheat,china,Area Harvested,23580.0,1000 Hectares
09-21-2026,2026,2026,8,3,wheat,thailand,Yield,0.0,Yield (Metric Tons per Hectare)
09-21-2026,2026,2026,9,1,corn,world,Domestic Consumption,1303252.0,1000 Metric Tons
09-21-2026,2026,2026,9,1,corn,world,Food Seed and Industrial Consumption,477137.0,1000 Metric Tons
09-21-2026,2026,2026,9,1,corn,world,Feed Domestic Consumption,826115.0,1000 Metric Tons
09-21-2026,2026,2026,9,1,corn,world,Trade Year Exports,211140.0,1000 Metric Tons
09-21-2026,2026,2026,9,1,corn,world,Exports,218206.0,1000 Metric Tons
09-21-2026,2026,2026,9,1,corn,world,Total Supply,1822839.0,1000 Metric Tons
09-21-2026,2026,2026,9,1,corn,world,Trade Year Imports From United States,0.0,1000 Metric Tons
09-21-2026,2026,2026,9,1,corn,world,Trade Year Imports,198633.0,1000 Metric Tons
09-21-2026,2026,2026,9,1,corn,world,Imports,196326.0,1000 Metric Tons
09-21-2026,2026,2026,9,1,corn,world,Production,1330812.0,1000 Metric Tons
09-21-2026,2026,2026,9,1,corn,world,Beginning Stocks,295701.0,1000 Metric Tons
09-21-2026,2026,2026,9,1,corn,world,Area Harvested,215069.0,1000 Hectares
09-21-2026,2026,2026,8,3,wheat,thailand,Total Distribution,4537.0,1000 Metric Tons
09-21-2026,2026,2026,8,3,wheat,vietnam,Total Supply,7887.0,1000 Metric Tons
09-21-2026,2026,2026,8,3,wheat,vietnam,Trade Year Imports From United States,774.0,1000 Metric Tons
09-21-2026,2026,2026,9,4,wheat,european-union,Beginning Stocks,11772.0,1000 Metric Tons
09-21-2026,2026,2026,9,4,wheat,philippines,Feed Domestic Consumption,3500.0,1000 Metric Tons
09-21-2026,2026,2026,9,4,wheat,philippines,Trade Year Exports,20.0,1000 Metric Tons
09-21-2026,2026,2026,9,4,wheat,philippines,Exports,20.0,1000 Metric Tons
09-21-2026,2026,2026,8,3,wheat,china,Imports,5457.0,1000 Metric Tons
09-21-2026,2026,2026,9,4,wheat,guatemala,Trade Year Imports From United States,335.0,1000 Metric Tons
09-21-2026,2026,2026,9,4,wheat,guatemala,Trade Year Imports,986.0,1000 Metric Tons
09-21-2026,2026,2026,9,4,wheat,guatemala,Imports,986.0,1000 Metric Tons
09-21-2026,2026,2026,9,4,wheat,guatemala,Production,0.0,1000 Metric Tons
09-21-2026,2026,2026,9,4,wheat,guatemala,Beginning Stocks,306.0,1000 Metric Tons
09-21-2026,2026,2026,9,4,wheat,guatemala,Area Harvested,0.0,1000 Hectares
09-21-2026,2026,2026,8,3,wheat,taiwan,Yield,1.0,Yield (Metric Tons per Hectare)
09-21-2026,2026,2026,8,3,wheat,taiwan,Total Distribution,1457.0,1000 Metric Tons
09-21-2026,2026,2026,8,3,wheat,china,Production,140070.0,1000 Metric Tons
09-21-2026,2026,2026,9,4,wheat,philippines,Total Supply,8521.0,1000 Metric Tons
09-21-2026,2026,2026,9,4,wheat,honduras,Total Distribution,390.0,1000 Metric Tons
09-21-2026,2026,2026,9,4,wheat,honduras,Yield,0.0,Yield (Metric Tons per Hectare)
09-21-2026,2026,2026,9,4,wheat,philippines,Area Harvested,0.0,1000 Hectares
09-21-2026,2026,2026,9,4,wheat,philippines,Beginning Stocks,721.0,1000 Metric Tons
09-21-2026,2026,2026,9,4,wheat,philippines,Production,0.0,1000 Metric Tons
09-21-2026,2026,2026,9,4,wheat,philippines,Imports,7800.0,1000 Metric Tons
09-21-2026,2026,2026,9,4,wheat,philippines,Trade Year Imports,7800.0,1000 Metric Tons
09-21-2026,2026,2026,9,4,wheat,philippines,Trade Year Imports From United States,2506.0,1000 Metric Tons
09-21-2026,2026,2026,8,3,wheat,vietnam,Imports,7300.0,1000 Metric Tons
09-21-2026,2026,2026,8,3,wheat,vietnam,Trade Year Imports,7300.0,1000 Metric Tons
09-21-2026,2026,2026,8,3,wheat,vietnam,Beginning Stocks,587.0,1000 Metric Tons
09-21-2026,2026,2026,8,3,wheat,taiwan,Feed Domestic Consumption,75.0,1000 Metric Tons
09-21-2026,2026,2026,8,3,wheat,taiwan,Exports,58.0,1000 Metric Tons
09-21-2026,2026,2026,8,3,wheat,taiwan,Total Supply,1457.0,1000 Metric Tons
09-21-2026,2026,2026,8,3,wheat,taiwan,Trade Year Imports From United States,996.0,1000 Metric Tons
09-21-2026,2026,2026,8,3,wheat,taiwan,Trade Year Imports,1299.0,1000 Metric Tons
09-21-2026,2026,2026,8,3,wheat,taiwan,Imports,1299.0,1000 Metric Tons
09-21-2026,2026,2026,8,3,wheat,taiwan,Production,2.0,1000 Metric Tons
09-21-2026,2026,2026,8,3,wheat,taiwan,Beginning Stocks,156.0,1000 Metric Tons
09-21-2026,2026,2026,8,3,wheat,taiwan,Area Harvested,2.0,1000 Hectares
09-21-2026,2026,2026,9,4,wheat,european-union,Yield,6.0587,Yield (Metric Tons per Hectare)
09-21-2026,2026,2026,9,4,wheat,european-union,Total Distribution,164185.0,1000 Metric Tons
09-21-2026,2026,2026,9,4,wheat,european-union,Ending Stocks,18970.0,1000 Metric Tons
09-21-2026,2026,2026,9,4,wheat,european-union,Domestic Consumption,113500.0,1000 Metric Tons
09-21-2026,2026,2026,9,4,wheat,european-union,Food Seed and Industrial Consumption,63500.0,1000 Metric Tons
09-21-2026,2026,2026,9,4,wheat,european-union,Feed Domestic Consumption,50000.0,1000 Metric Tons
09-21-2026,2026,2026,9,4,wheat,european-union,Trade Year Exports,31715.0,1000 Metric Tons
09-21-2026,2026,2026,9,4,wheat,european-union,Exports,31715.0,1000 Metric Tons
09-21-2026,2026,2026,9,4,wheat,european-union,Total Supply,164185.0,1000 Metric Tons
09-21-2026,2026,2026,9,4,wheat,european-union,Trade Year Imports From United States,0.0,1000 Metric Tons
09-21-2026,2026,2026,9,4,wheat,european-union,Trade Year Imports,7277.0,1000 Metric Tons
09-21-2026,2026,2026,9,4,wheat,european-union,Imports,7277.0,1000 Metric Tons
09-21-2026,2026,2026,9,4,wheat,european-union,Production,145136.0,1000 Metric Tons
09-21-2026,2026,2026,8,3,wheat,vietnam,Area Harvested,0.0,1000 Hectares
09-21-2026,2026,2026,8,3,wheat,taiwan,Trade Year Exports,58.0,1000 Metric Tons
09-21-2026,2026,2026,8,3,wheat,taiwan,Food Seed and Industrial Consumption,1200.0,1000 Metric Tons
09-21-2026,2026,2026,8,3,wheat,thailand,Exports,325.0,1000 Metric Tons
09-21-2026,2026,2026,9,4,wheat,guatemala,Yield,0.0,Yield (Metric Tons per Hectare)
09-21-2026,2026,2026,8,3,wheat,thailand,Ending Stocks,712.0,1000 Metric Tons
09-21-2026,2026,2026,8,3,wheat,thailand,Domestic Consumption,3500.0,1000 Metric Tons
09-21-2026,2026,2026,8,3,wheat,thailand,Food Seed and Industrial Consumption,1500.0,1000 Metric Tons
09-21-2026,2026,2026,8,3,wheat,thailand,Feed Domestic Consumption,2000.0,1000 Metric Tons
09-21-2026,2026,2026,8,3,wheat,taiwan,Domestic Consumption,1275.0,1000 Metric Tons
09-21-2026,2026,2026,8,3,wheat,thailand,Trade Year Exports,325.0,1000 Metric Tons
09-21-2026,2026,2026,8,3,wheat,thailand,Total Supply,4537.0,1000 Metric Tons
09-21-2026,2026,2026,8,3,wheat,thailand,Trade Year Imports From United States,733.0,1000 Metric Tons
09-21-2026,2026,2026,8,3,wheat,thailand,Trade Year Imports,3534.0,1000 Metric Tons
09-21-2026,2026,2026,9,4,wheat,philippines,Yield,0.0,Yield (Metric Tons per Hectare)
09-21-2026,2026,2026,9,4,wheat,nigeria,Area Harvested,115.0,1000 Hectares
09-21-2026,2026,2026,8,3,wheat,taiwan,Ending Stocks,124.0,1000 Metric Tons
09-21-2026,2026,2026,9,4,wheat,egypt,Imports,15195.0,1000 Metric Tons
09-21-2026,2026,2025,5,8,soybean-oil,thailand,Crush,2700.0,1000 Metric Tons
09-21-2026,2026,2025,5,8,soybean-oil,indonesia,Food Use Domestic Consumption,34.0,1000 Metric Tons
09-21-2026,2026,2025,5,8,soybean-oil,indonesia,Total Distribution,34.0,1000 Metric Tons
09-21-2026,2026,2025,5,8,soybean-oil,indonesia,Feed Waste Domestic Consumption,0.0,1000 Metric Tons
09-21-2026,2026,2025,5,8,soybean-oil,indonesia,Domestic Consumption,34.0,1000 Metric Tons
09-21-2026,2026,2025,5,8,soybean-oil,indonesia,Ending Stocks,0.0,1000 Metric Tons
09-21-2026,2026,2025,5,8,soybean-oil,indonesia,Industrial Domestic Consumption,0.0,1000 Metric Tons
09-21-2026,2026,2025,5,8,soybean-oil,indonesia,Exports,0.0,1000 Metric Tons
09-21-2026,2026,2025,5,8,soybean-oil,indonesia,Total Supply,34.0,1000 Metric Tons
09-21-2026,2025,2025,9,4,wheat,honduras,Total Distribution,378.0,1000 Metric Tons
09-21-2026,2026,2025,5,8,soybean-oil,thailand,Extraction Rate,0.1796,Percentage (%)
09-21-2026,2026,2025,4,7,soybean-oil,egypt,Crush,4500.0,1000 Metric Tons
09-21-2026,2026,2025,4,7,soybean-oil,egypt,Beginning Stocks,80.0,1000 Metric Tons
09-21-2026,2026,2025,4,7,soybean-oil,egypt,Production,824.0,1000 Metric Tons
09-21-2026,2026,2025,4,7,soybean-oil,egypt,Imports,50.0,1000 Metric Tons
09-21-2026,2026,2025,4,7,soybean-oil,egypt,Total Supply,954.0,1000 Metric Tons
09-21-2026,2026,2025,4,7,soybean-oil,egypt,Exports,152.0,1000 Metric Tons
09-21-2026,2026,2025,5,8,soybean-oil,indonesia,Production,0.0,1000 Metric Tons
09-21-2026,2026,2025,4,7,soybean-oil,egypt,Industrial Domestic Consumption,10.0,1000 Metric Tons
09-21-2026,2026,2025,4,7,soybean-oil,egypt,Food Use Domestic Consumption,720.0,1000 Metric Tons
09-21-2026,2026,2025,4,7,soybean-oil,egypt,Feed Waste Domestic Consumption,0.0,1000 Metric Tons
09-21-2026,2026,2025,4,7,soybean-oil,egypt,Domestic Consumption,730.0,1000 Metric Tons
09-21-2026,2026,2025,4,7,soybean-oil,egypt,Ending Stocks,72.0,1000 Metric Tons
09-21-2026,2026,2025,4,7,soybean-oil,egypt,Total Distribution,954.0,1000 Metric Tons
09-21-2026,2026,2025,4,7,soybean-oil,pakistan,Crush,1800.0,1000 Metric Tons
09-21-2026,2026,2025,4,7,soybean-oil,pakistan,Extraction Rate,0.1878,Percentage (%)
09-21-2026,2026,2025,4,7,soybean-oil,pakistan,Beginning Stocks,30.0,1000 Metric Tons
09-21-2026,2026,2025,4,7,soybean-oil,pakistan,Production,338.0,1000 Metric Tons
09-21-2026,2026,2025,4,7,soybean-oil,pakistan,Imports,335.0,1000 Metric Tons
09-21-2026,2026,2025,4,7,soybean-oil,pakistan,Total Supply,703.0,1000 Metric Tons
09-21-2026,2026,2025,4,7,soybean-oil,pakistan,Exports,4.0,1000 Metric Tons
09-21-2026,2026,2025,4,7,soybean-oil,pakistan,Industrial Domestic Consumption,10.0,1000 Metric Tons
09-21-2026,2026,2025,4,7,soybean-oil,pakistan,Food Use Domestic Consumption,610.0,1000 Metric Tons
09-21-2026,2026,2025,4,7,soybean-oil,egypt,Extraction Rate,0.1831,Percentage (%)
09-21-2026,2026,2025,5,8,soybean-oil,china,Total Distribution,21564.0,1000 Metric Tons
09-21-2026,2026,2025,5,8,soybean-oil,thailand,Beginning Stocks,22.0,1000 Metric Tons
09-21-2026,2026,2025,5,8,soybean-oil,china,Ending Stocks,746.0,1000 Metric Tons
09-21-2026,2026,2025,5,8,soybean-oil,thailand,Production,485.0,1000 Metric Tons
09-21-2026,2026,2025,5,8,soybean-oil,thailand,Imports,0.0,1000 Metric Tons
09-21-2026,2026,2025,5,8,soybean-oil,thailand,Total Supply,507.0,1000 Metric Tons
09-21-2026,2026,2025,5,8,soybean-oil,thailand,Exports,213.0,1000 Metric Tons
09-21-2026,2026,2025,5,8,soybean-oil,thailand,Industrial Domestic Consumption,50.0,1000 Metric Tons
09-21-2026,2026,2025,5,8,soybean-oil,thailand,Food Use Domestic Consumption,215.0,1000 Metric Tons
09-21-2026,2026,2025,5,8,soybean-oil,thailand,Feed Waste Domestic Consumption,0.0,1000 Metric Tons
09-21-2026,2026,2025,5,8,soybean-oil,thailand,Domestic Consumption,265.0,1000 Metric Tons
09-21-2026,2026,2025,5,8,soybean-oil,thailand,Ending Stocks,29.0,1000 Metric Tons
09-21-2026,2026,2025,5,8,soybean-oil,thailand,Total Distribution,507.0,1000 Metric Tons
09-21-2026,2026,2025,5,8,soybean-oil,china,Crush,103500.0,1000 Metric Tons
09-21-2026,2026,2025,5,8,soybean-oil,china,Extraction Rate,0.1942,Percentage (%)
09-21-2026,2026,2025,5,8,soybean-oil,china,Beginning Stocks,1168.0,1000 Metric Tons
09-21-2026,2026,2025,5,8,soybean-oil,china,Production,20100.0,1000 Metric Tons
09-21-2026,2026,2025,5,8,soybean-oil,china,Imports,296.0,1000 Metric Tons
09-21-2026,2026,2025,5,8,soybean-oil,china,Total Supply,21564.0,1000 Metric Tons
09-21-2026,2026,2025,5,8,soybean-oil,china,Exports,318.0,1000 Metric Tons
09-21-2026,2026,2025,5,8,soybean-oil,china,Industrial Domestic Consumption,0.0,1000 Metric Tons
09-21-2026,2026,2025,5,8,soybean-oil,china,Food Use Domestic Consumption,20500.0,1000 Metric Tons
09-21-2026,2026,2025,5,8,soybean-oil,china,Feed Waste Domestic Consumption,0.0,1000 Metric Tons
09-21-2026,2026,2025,5,8,soybean-oil,china,Domestic Consumption,20500.0,1000 Metric Tons
09-21-2026,2026,2025,5,8,soybean-oil,indonesia,Imports,34.0,1000 Metric Tons
09-21-2026,2026,2025,5,8,soybean-oil,philippines,Extraction Rate,0.2,Percentage (%)
09-21-2026,2026,2025,5,8,soybean-oil,indonesia,Beginning Stocks,0.0,1000 Metric Tons
09-21-2026,2026,2025,5,8,soybean-oil,taiwan,Ending Stocks,29.0,1000 Metric Tons
09-21-2026,2026,2025,8,11,soybean-oil,canada,Crush,1678.0,1000 Metric Tons
09-21-2026,2026,2025,5,8,soybean-oil,vietnam,Total Distribution,538.0,1000 Metric Tons
09-21-2026,2026,2025,5,8,soybean-oil,vietnam,Ending Stocks,60.0,1000 Metric Tons
09-21-2026,2026,2025,5,8,soybean-oil,vietnam,Domestic Consumption,295.0,1000 Metric Tons
09-21-2026,2026,2025,5,8,soybean-oil,vietnam,Feed Waste Domestic Consumption,0.0,1000 Metric Tons
09-21-2026,2026,2025,5,8,soybean-oil,vietnam,Food Use Domestic Consumption,295.0,1000 Metric Tons
09-21-2026,2026,2025,5,8,soybean-oil,vietnam,Industrial Domestic Consumption,0.0,1000 Metric Tons
09-21-2026,2026,2025,5,8,soybean-oil,vietnam,Exports,183.0,1000 Metric Tons
09-21-2026,2026,2025,5,8,soybean-oil,vietnam,Total Supply,538.0,1000 Metric Tons
09-21-2026,2026,2025,5,8,soybean-oil,vietnam,Imports,90.0,1000 Metric Tons
09-21-2026,2026,2025,5,8,soybean-oil,vietnam,Production,380.0,1000 Metric Tons
09-21-2026,2026,2025,5,8,soybean-oil,vietnam,Beginning Stocks,68.0,1000 Metric Tons
09-21-2026,2026,2025,5,8,soybean-oil,vietnam,Extraction Rate,0.2054,Percentage (%)
09-21-2026,2026,2025,5,8,soybean-oil,vietnam,Crush,1850.0,1000 Metric Tons
09-21-2026,2026,2025,5,8,soybean-oil,guatemala,Total Distribution,151.0,1000 Metric Tons
09-21-2026,2026,2025,5,8,soybean-oil,guatemala,Ending Stocks,36.0,1000 Metric Tons
09-21-2026,2026,2025,5,8,soybean-oil,guatemala,Domestic Consumption,110.0,1000 Metric Tons
09-21-2026,2026,2025,5,8,soybean-oil,guatemala,Feed Waste Domestic Consumption,0.0,1000 Metric Tons
09-21-2026,2026,2025,5,8,soybean-oil,guatemala,Food Use Domestic Consumption,110.0,1000 Metric Tons
09-21-2026,2026,2025,5,8,soybean-oil,guatemala,Industrial Domestic Consumption,0.0,1000 Metric Tons
09-21-2026,2026,2025,5,8,soybean-oil,guatemala,Exports,5.0,1000 Metric Tons
09-21-2026,2026,2025,5,8,soybean-oil,guatemala,Total Supply,151.0,1000 Metric Tons
09-21-2026,2026,2025,5,8,soybean-oil,guatemala,Imports,120.0,1000 Metric Tons
09-21-2026,2026,2025,5,8,soybean-oil,guatemala,Production,6.0,1000 Metric Tons
09-21-2026,2026,2025,5,8,soybean-oil,guatemala,Beginning Stocks,25.0,1000 Metric Tons
09-21-2026,2026,2025,5,8,soybean-oil,guatemala,Extraction Rate,0.1714,Percentage (%)
09-21-2026,2026,2025,5,8,soybean-oil,guatemala,Crush,35.0,1000 Metric Tons
09-21-2026,2026,2025,8,11,soybean-oil,canada,Extraction Rate,0.1895,Percentage (%)
09-21-2026,2026,2025,8,11,soybean-oil,canada,Beginning Stocks,142.0,1000 Metric Tons
09-21-2026,2026,2025,8,11,soybean-oil,canada,Production,318.0,1000 Metric Tons
09-21-2026,2026,2025,1,5,corn,japan,Ending Stocks,1372.0,1000 Metric Tons
09-21-2026,2026,2025,5,9,corn,south-korea,Feed Domestic Consumption,9250.0,1000 Metric Tons
09-21-2026,2026,2025,5,9,corn,south-korea,Trade Year Exports,0.0,1000 Metric Tons
09-21-2026,2026,2025,5,9,corn,south-korea,Exports,0.0,1000 Metric Tons
09-21-2026,2026,2025,5,9,corn,south-korea,Total Supply,13578.0,1000 Metric Tons
09-21-2026,2026,2025,5,9,corn,south-korea,Trade Year Imports From United States,6546.0,1000 Metric Tons
09-21-2026,2026,2025,5,9,corn,south-korea,Trade Year Imports,11442.0,1000 Metric Tons
09-21-2026,2026,2025,5,9,corn,south-korea,Imports,11442.0,1000 Metric Tons
09-21-2026,2026,2025,5,9,corn,south-korea,Production,94.0,1000 Metric Tons
09-21-2026,2026,2025,5,9,corn,south-korea,Beginning Stocks,2042.0,1000 Metric Tons
09-21-2026,2026,2025,5,9,corn,south-korea,Area Harvested,16.0,1000 Hectares
09-21-2026,2026,2025,1,5,corn,japan,Yield,5.6667,Yield (Metric Tons per Hectare)
09-21-2026,2026,2025,1,5,corn,japan,Total Distribution,16772.0,1000 Metric Tons
09-21-2026,2026,2025,1,5,corn,japan,Domestic Consumption,15400.0,1000 Metric Tons
09-21-2026,2026,2025,8,11,soybean-oil,canada,Imports,550.0,1000 Metric Tons
09-21-2026,2026,2025,1,5,corn,japan,Food Seed and Industrial Consumption,3300.0,1000 Metric Tons
09-21-2026,2026,2025,1,5,corn,japan,Feed Domestic Consumption,12100.0,1000 Metric Tons
09-21-2026,2026,2025,1,5,corn,japan,Trade Year Exports,0.0,1000 Metric Tons
09-21-2026,2026,2025,1,5,corn,japan,Exports,0.0,1000 Metric Tons
09-21-2026,2026,2025,1,5,corn,japan,Total Supply,16772.0,1000 Metric Tons
09-21-2026,2026,2025,1,5,corn,japan,Trade Year Imports From United States,14124.0,1000 Metric Tons
09-21-2026,2026,2025,1,5,corn,japan,Trade Year Imports,15456.0,1000 Metric Tons
09-21-2026,2026,2025,8,11,soybean-oil,canada,Feed Waste Domestic Consumption,0.0,1000 Metric Tons
09-21-2026,2026,2025,8,11,soybean-oil,canada,Food Use Domestic Consumption,255.0,1000 Metric Tons
09-21-2026,2026,2025,8,11,soybean-oil,canada,Industrial Domestic Consumption,450.0,1000 Metric Tons
09-21-2026,2026,2025,8,11,soybean-oil,canada,Exports,128.0,1000 Metric Tons
09-21-2026,2026,2025,8,11,soybean-oil,canada,Total Supply,1010.0,1000 Metric Tons
09-21-2026,2026,2025,5,8,soybean-oil,taiwan,Total Distribution,406.0,1000 Metric Tons
09-21-2026,2026,2025,5,8,soybean-oil,taiwan,Domestic Consumption,370.0,1000 Metric Tons
09-21-2026,2026,2025,5,9,corn,south-korea,Domestic Consumption,11450.0,1000 Metric Tons
09-21-2026,2026,2025,5,8,soybean-oil,taiwan,Feed Waste Domestic Consumption,0.0,1000 Metric Tons
09-21-2026,2026,2025,5,8,soybean-meal,mexico,Total Distribution,7759.0,1000 Metric Tons
09-21-2026,2026,2025,5,8,soybean-meal,mexico,Soybean Meal Equivalent,7400.0,1000 Metric Tons
09-21-2026,2026,2025,5,8,soybean-meal,japan,Crush,2512.0,1000 Metric Tons
09-21-2026,2026,2025,5,8,soybean-meal,japan,Extraction Rate,0.7532,Percentage (%)
09-21-2026,2026,2025,5,8,soybean-meal,japan,Beginning Stocks,112.0,1000 Metric Tons
09-21-2026,2026,2025,5,8,soybean-meal,japan,Production,1892.0,1000 Metric Tons
09-21-2026,2026,2025,5,8,soybean-meal,japan,Imports,1621.0,1000 Metric Tons
09-21-2026,2026,2025,5,8,soybean-meal,japan,Total Supply,3625.0,1000 Metric Tons
09-21-2026,2026,2025,5,8,soybean-meal,japan,Exports,1.0,1000 Metric Tons
09-21-2026,2026,2025,5,8,soybean-meal,japan,Industrial Domestic Consumption,200.0,1000 Metric Tons
09-21-2026,2026,2025,5,8,soybean-meal,japan,Food Use Domestic Consumption,205.0,1000 Metric Tons
09-21-2026,2026,2025,5,8,soybean-meal,japan,Feed Waste Domestic Consumption,3100.0,1000 Metric Tons
09-21-2026,2026,2025,5,8,soybean-meal,japan,Domestic Consumption,3505.0,1000 Metric Tons
09-21-2026,2026,2025,5,8,soybean-meal,japan,Ending Stocks,119.0,1000 Metric Tons
09-21-2026,2026,2025,5,8,soybean-meal,japan,Total Distribution,3625.0,1000 Metric Tons
09-21-2026,2026,2025,5,8,soybean-meal,japan,Soybean Meal Equivalent,3100.0,1000 Metric Tons
09-21-2026,2026,2025,5,8,soybean-meal,south-korea,Crush,950.0,1000 Metric Tons
09-21-2026,2026,2025,5,8,soybean-meal,south-korea,Extraction Rate,0.7221,Percentage (%)
09-21-2026,2026,2025,5,8,soybean-meal,south-korea,Beginning Stocks,200.0,1000 Metric Tons
09-21-2026,2026,2025,5,8,soybean-meal,south-korea,Production,686.0,1000 Metric Tons
09-21-2026,2026,2025,5,8,soybean-meal,south-korea,Imports,1725.0,1000 Metric Tons
09-21-2026,2026,2025,5,8,soybean-meal,south-korea,Total Supply,2611.0,1000 Metric Tons
09-21-2026,2026,2025,5,8,soybean-meal,south-korea,Exports,14.0,1000 Metric Tons
09-21-2026,2026,2025,5,8,soybean-meal,south-korea,Industrial Domestic Consumption,0.0,1000 Metric Tons
09-21-2026,2026,2025,5,8,soybean-meal,south-korea,Food Use Domestic Consumption,25.0,1000 Metric Tons
09-21-2026,2026,2025,5,8,soybean-meal,south-korea,Feed Waste Domestic Consumption,2370.0,1000 Metric Tons
09-21-2026,2026,2025,5,8,soybean-meal,south-korea,Domestic Consumption,2395.0,1000 Metric Tons
09-21-2026,2026,2025,5,8,soybean-meal,mexico,Ending Stocks,309.0,1000 Metric Tons
09-21-2026,2026,2025,5,8,soybean-meal,mexico,Domestic Consumption,7450.0,1000 Metric Tons
09-21-2026,2026,2025,5,8,soybean-meal,mexico,Feed Waste Domestic Consumption,7400.0,1000 Metric Tons
09-21-2026,2026,2025,7,10,soybean-meal,united-states,Food Use Domestic Consumption,0.0,1000 Metric Tons
09-21-2026,2026,2025,5,8,soybean-oil,taiwan,Food Use Domestic Consumption,350.0,1000 Metric Tons
09-21-2026,2026,2025,5,8,soybean-oil,taiwan,Industrial Domestic Consumption,20.0,1000 Metric Tons
09-21-2026,2026,2025,5,8,soybean-oil,taiwan,Exports,7.0,1000 Metric Tons
09-21-2026,2026,2025,1,5,corn,japan,Imports,15456.0,1000 Metric Tons
09-21-2026,2026,2025,7,10,soybean-meal,united-states,Crush,66546.0,1000 Metric Tons
09-21-2026,2026,2025,7,10,soybean-meal,united-states,Extraction Rate,0.7967,Percentage (%)
09-21-2026,2026,2025,7,10,soybean-meal,united-states,Beginning Stocks,411.0,1000 Metric Tons
09-21-2026,2026,2025,7,10,soybean-meal,united-states,Production,53019.0,1000 Metric Tons
09-21-2026,2026,2025,7,10,soybean-meal,united-states,Imports,732.0,1000 Metric Tons
09-21-2026,2026,2025,7,10,soybean-meal,united-states,Total Supply,54162.0,1000 Metric Tons
09-21-2026,2026,2025,7,10,soybean-meal,united-states,Exports,16396.0,1000 Metric Tons
09-21-2026,2026,2025,7,10,soybean-meal,united-states,Industrial Domestic Consumption,0.0,1000 Metric Tons
09-21-2026,2026,2025,7,10,soybean-meal,united-states,Feed Waste Domestic Consumption,37405.0,1000 Metric Tons
09-21-2026,2026,2025,5,8,soybean-meal,mexico,Food Use Domestic Consumption,50.0,1000 Metric Tons
09-21-2026,2026,2025,7,10,soybean-meal,united-states,Domestic Consumption,37405.0,1000 Metric Tons
09-21-2026,2026,2025,7,10,soybean-meal,united-states,Ending Stocks,361.0,1000 Metric Tons
09-21-2026,2026,2025,7,10,soybean-meal,united-states,Total Distribution,54162.0,1000 Metric Tons
09-21-2026,2026,2025,7,10,soybean-meal,united-states,Soybean Meal Equivalent,37405.0,1000 Metric Tons
09-21-2026,2026,2025,5,8,soybean-meal,mexico,Crush,6650.0,1000 Metric Tons
09-21-2026,2026,2025,5,8,soybean-meal,mexico,Extraction Rate,0.7902,Percentage (%)
09-21-2026,2026,2025,5,8,soybean-meal,mexico,Beginning Stocks,159.0,1000 Metric Tons
09-21-2026,2026,2025,5,8,soybean-meal,mexico,Production,5255.0,1000 Metric Tons
09-21-2026,2026,2025,5,8,soybean-meal,mexico,Imports,2345.0,1000 Metric Tons
09-21-2026,2026,2025,5,8,soybean-meal,mexico,Total Supply,7759.0,1000 Metric Tons
09-21-2026,2026,2025,5,8,soybean-meal,mexico,Exports,0.0,1000 Metric Tons
09-21-2026,2026,2025,5,8,soybean-meal,mexico,Industrial Domestic Consumption,0.0,1000 Metric Tons
09-21-2026,2026,2025,5,9,corn,south-korea,Food Seed and Industrial Consumption,2200.0,1000 Metric Tons
09-21-2026,2026,2025,5,9,corn,south-korea,Ending Stocks,2128.0,1000 Metric Tons
09-21-2026,2026,2025,5,8,soybean-oil,indonesia,Extraction Rate,0.0,Percentage (%)
09-21-2026,2026,2025,4,8,corn,taiwan,Ending Stocks,449.0,1000 Metric Tons
09-21-2026,2026,2025,9,4,wheat,egypt,Exports,2352.0,1000 Metric Tons
09-21-2026,2026,2025,9,4,wheat,egypt,Trade Year Exports,2352.0,1000 Metric Tons
09-21-2026,2026,2025,9,4,wheat,egypt,Feed Domestic Consumption,1000.0,1000 Metric Tons
09-21-2026,2026,2025,9,4,wheat,egypt,Food Seed and Industrial Consumption,19000.0,1000 Metric Tons
09-21-2026,2026,2025,9,4,wheat,egypt,Domestic Consumption,20000.0,1000 Metric Tons
09-21-2026,2026,2025,9,4,wheat,egypt,Ending Stocks,2911.0,1000 Metric Tons
09-21-2026,2026,2025,9,4,wheat,egypt,Total Distribution,25263.0,1000 Metric Tons
09-21-2026,2026,2025,9,4,wheat,egypt,Yield,6.9231,Yield (Metric Tons per Hectare)
09-21-2026,2026,2025,8,12,corn,vietnam,Production,4402.0,1000 Metric Tons
09-21-2026,2026,2025,8,12,corn,vietnam,Beginning Stocks,800.0,1000 Metric Tons
09-21-2026,2026,2025,8,12,corn,vietnam,Area Harvested,872.0,1000 Hectares
09-21-2026,2026,2025,5,9,corn,guatemala,Yield,1.8352,Yield (Metric Tons per Hectare)
09-21-2026,2026,2025,5,9,corn,guatemala,Total Distribution,3876.0,1000 Metric Tons
09-21-2026,2026,2025,5,9,corn,guatemala,Ending Stocks,347.0,1000 Metric Tons
09-21-2026,2026,2025,5,9,corn,guatemala,Domestic Consumption,3525.0,1000 Metric Tons
09-21-2026,2026,2025,5,9,corn,guatemala,Food Seed and Industrial Consumption,1650.0,1000 Metric Tons
09-21-2026,2026,2025,5,9,corn,guatemala,Feed Domestic Consumption,1875.0,1000 Metric Tons
09-21-2026,2026,2025,5,9,corn,guatemala,Trade Year Exports,7.0,1000 Metric Tons
09-21-2026,2026,2025,5,9,corn,guatemala,Exports,4.0,1000 Metric Tons
09-21-2026,2026,2025,5,9,corn,guatemala,Total Supply,3876.0,1000 Metric Tons
09-21-2026,2026,2025,5,9,corn,guatemala,Trade Year Imports From United States,1673.0,1000 Metric Tons
09-21-2026,2026,2025,5,9,corn,guatemala,Trade Year Imports,1966.0,1000 Metric Tons
09-21-2026,2026,2025,5,9,corn,guatemala,Imports,1954.0,1000 Metric Tons
09-21-2026,2026,2025,5,9,corn,guatemala,Production,1626.0,1000 Metric Tons
09-21-2026,2026,2025,5,9,corn,guatemala,Beginning Stocks,296.0,1000 Metric Tons
09-21-2026,2026,2025,5,9,corn,guatemala,Area Harvested,886.0,1000 Hectares
09-21-2026,2026,2025,4,8,corn,taiwan,Yield,4.6,Yield (Metric Tons per Hectare)
09-21-2026,2026,2025,8,11,soybean-oil,canada,Domestic Consumption,705.0,1000 Metric Tons
09-21-2026,2026,2025,8,11,soybean-oil,canada,Ending Stocks,177.0,1000 Metric Tons
09-21-2026,2026,2025,8,11,soybean-oil,canada,Total Distribution,1010.0,1000 Metric Tons
09-21-2026,2026,2025,5,8,soybean-oil,nigeria,Extraction Rate,0.1821,Percentage (%)
09-21-2026,2026,2025,5,8,soybean-oil,indonesia,Crush,0.0,1000 Metric Tons
09-21-2026,2026,2025,5,8,soybean-oil,nigeria,Total Distribution,295.0,1000 Metric Tons
09-21-2026,2026,2025,5,8,soybean-oil,nigeria,Ending Stocks,95.0,1000 Metric Tons
09-21-2026,2026,2025,5,8,soybean-oil,nigeria,Domestic Consumption,200.0,1000 Metric Tons
09-21-2026,2026,2025,5,8,soybean-oil,nigeria,Feed Waste Domestic Consumption,0.0,1000 Metric Tons
09-21-2026,2026,2025,5,8,soybean-oil,nigeria,Food Use Domestic Consumption,200.0,1000 Metric Tons
09-21-2026,2026,2025,5,8,soybean-oil,nigeria,Industrial Domestic Consumption,0.0,1000 Metric Tons
09-21-2026,2026,2025,5,8,soybean-oil,nigeria,Exports,0.0,1000 Metric Tons
09-21-2026,2026,2025,5,8,soybean-oil,nigeria,Total Supply,295.0,1000 Metric Tons
09-21-2026,2026,2025,5,8,soybean-oil,nigeria,Imports,93.0,1000 Metric Tons
09-21-2026,2026,2025,5,8,soybean-oil,nigeria,Production,173.0,1000 Metric Tons
09-21-2026,2026,2025,5,8,soybean-oil,nigeria,Beginning Stocks,29.0,1000 Metric Tons
09-21-2026,2026,2025,5,8,soybean-oil,nigeria,Crush,950.0,1000 Metric Tons
09-21-2026,2026,2025,5,8,soybean-oil,philippines,Crush,60.0,1000 Metric Tons
09-21-2026,2026,2025,5,8,soybean-oil,philippines,Total Distribution,74.0,1000 Metric Tons
09-21-2026,2026,2025,5,8,soybean-oil,philippines,Ending Stocks,5.0,1000 Metric Tons
09-21-2026,2026,2025,5,8,soybean-oil,philippines,Domestic Consumption,69.0,1000 Metric Tons
09-21-2026,2026,2025,5,8,soybean-oil,philippines,Feed Waste Domestic Consumption,0.0,1000 Metric Tons
09-21-2026,2026,2025,5,8,soybean-oil,philippines,Food Use Domestic Consumption,65.0,1000 Metric Tons
09-21-2026,2026,2025,5,8,soybean-oil,philippines,Industrial Domestic Consumption,4.0,1000 Metric Tons
09-21-2026,2026,2025,5,8,soybean-oil,philippines,Exports,0.0,1000 Metric Tons
09-21-2026,2026,2025,5,8,soybean-oil,philippines,Total Supply,74.0,1000 Metric Tons
09-21-2026,2026,2025,5,8,soybean-oil,philippines,Imports,60.0,1000 Metric Tons
09-21-2026,2026,2025,5,8,soybean-oil,philippines,Production,12.0,1000 Metric Tons
09-21-2026,2026,2025,5,8,soybean-oil,philippines,Beginning Stocks,2.0,1000 Metric Tons
09-21-2026,2026,2025,4,7,soybean-oil,pakistan,Domestic Consumption,620.0,1000 Metric Tons
09-21-2026,2026,2025,4,8,corn,taiwan,Total Distribution,4999.0,1000 Metric Tons
09-21-2026,2026,2025,4,8,corn,taiwan,Domestic Consumption,4550.0,1000 Metric Tons
09-21-2026,2026,2025,5,9,corn,south-korea,Total Distribution,13578.0,1000 Metric Tons
09-21-2026,2026,2025,4,8,corn,taiwan,Food Seed and Industrial Consumption,200.0,1000 Metric Tons
09-21-2026,2026,2025,8,12,corn,european-union,Food Seed and Industrial Consumption,20900.0,1000 Metric Tons
09-21-2026,2026,2025,8,12,corn,european-union,Feed Domestic Consumption,55800.0,1000 Metric Tons
09-21-2026,2026,2025,8,12,corn,european-union,Trade Year Exports,2761.0,1000 Metric Tons
09-21-2026,2026,2025,8,12,corn,european-union,Exports,2761.0,1000 Metric Tons
09-21-2026,2026,2025,8,12,corn,european-union,Total Supply,85611.0,1000 Metric Tons
09-21-2026,2026,2025,8,12,corn,european-union,Trade Year Imports From United States,3824.0,1000 Metric Tons
09-21-2026,2026,2025,8,12,corn,european-union,Trade Year Imports,18761.0,1000 Metric Tons
09-21-2026,2026,2025,8,12,corn,european-union,Imports,18761.0,1000 Metric Tons
09-21-2026,2026,2025,8,12,corn,european-union,Production,59591.0,1000 Metric Tons
09-21-2026,2026,2025,8,12,corn,european-union,Beginning Stocks,7259.0,1000 Metric Tons
09-21-2026,2026,2025,8,12,corn,european-union,Area Harvested,8602.0,1000 Hectares
09-21-2026,2026,2025,1,5,corn,colombia,Yield,4.0541,Yield (Metric Tons per Hectare)
09-21-2026,2026,2025,1,5,corn,colombia,Total Distribution,9353.0,1000 Metric Tons
09-21-2026,2026,2025,1,5,corn,colombia,Ending Stocks,392.0,1000 Metric Tons
09-21-2026,2026,2025,1,5,corn,colombia,Domestic Consumption,8950.0,1000 Metric Tons
09-21-2026,2026,2025,1,5,corn,colombia,Food Seed and Industrial Consumption,1600.0,1000 Metric Tons
09-21-2026,2026,2025,1,5,corn,colombia,Feed Domestic Consumption,7350.0,1000 Metric Tons
09-21-2026,2026,2025,1,5,corn,colombia,Trade Year Exports,11.0,1000 Metric Tons
09-21-2026,2026,2025,1,5,corn,colombia,Exports,11.0,1000 Metric Tons
09-21-2026,2026,2025,1,5,corn,colombia,Total Supply,9353.0,1000 Metric Tons
09-21-2026,2026,2025,1,5,corn,colombia,Trade Year Imports From United States,7628.0,1000 Metric Tons
09-21-2026,2026,2025,1,5,corn,colombia,Trade Year Imports,7463.0,1000 Metric Tons
09-21-2026,2026,2025,1,5,corn,colombia,Imports,7463.0,1000 Metric Tons
09-21-2026,2026,2025,1,5,corn,colombia,Production,1500.0,1000 Metric Tons
09-21-2026,2026,2025,1,5,corn,colombia,Beginning Stocks,390.0,1000 Metric Tons
09-21-2026,2026,2025,1,5,corn,colombia,Area Harvested,370.0,1000 Hectares
09-21-2026,2026,2025,5,9,corn,south-korea,Yield,5.875,Yield (Metric Tons per Hectare)
09-21-2026,2026,2025,8,12,corn,european-union,Domestic Consumption,76700.0,1000 Metric Tons
09-21-2026,2026,2025,8,12,corn,european-union,Ending Stocks,6150.0,1000 Metric Tons
09-21-2026,2026,2025,8,12,corn,european-union,Total Distribution,85611.0,1000 Metric Tons
09-21-2026,2026,2025,9,4,wheat,european-union,Exports,27917.0,1000 Metric Tons
09-21-2026,2026,2025,4,8,corn,taiwan,Feed Domestic Consumption,4350.0,1000 Metric Tons
09-21-2026,2026,2025,4,8,corn,taiwan,Trade Year Exports,0.0,1000 Metric Tons
09-21-2026,2026,2025,4,8,corn,taiwan,Exports,0.0,1000 Metric Tons
09-21-2026,2026,2025,4,8,corn,taiwan,Total Supply,4999.0,1000 Metric Tons
09-21-2026,2026,2025,4,8,corn,taiwan,Trade Year Imports From United States,2573.0,1000 Metric Tons
09-21-2026,2026,2025,9,4,wheat,european-union,Area Harvested,22714.0,1000 Hectares
09-21-2026,2026,2025,9,4,wheat,european-union,Beginning Stocks,15919.0,1000 Metric Tons
09-21-2026,2026,2025,9,4,wheat,european-union,Production,121055.0,1000 Metric Tons
09-21-2026,2026,2025,9,4,wheat,european-union,Imports,10715.0,1000 Metric Tons
09-21-2026,2026,2025,9,4,wheat,european-union,Trade Year Imports,10715.0,1000 Metric Tons
09-21-2026,2026,2025,9,4,wheat,european-union,Trade Year Imports From United States,631.0,1000 Metric Tons
09-21-2026,2026,2025,9,4,wheat,european-union,Total Supply,147689.0,1000 Metric Tons
09-21-2026,2026,2025,9,4,wheat,european-union,Trade Year Exports,27917.0,1000 Metric Tons
09-21-2026,2026,2025,8,12,corn,european-union,Yield,6.9276,Yield (Metric Tons per Hectare)
09-21-2026,2026,2025,9,4,wheat,european-union,Feed Domestic Consumption,44500.0,1000 Metric Tons
09-21-2026,2026,2025,9,4,wheat,european-union,Food Seed and Industrial Consumption,63500.0,1000 Metric Tons
09-21-2026,2026,2025,9,4,wheat,european-union,Domestic Consumption,108000.0,1000 Metric Tons
09-21-2026,2026,2025,9,4,wheat,european-union,Ending Stocks,11772.0,1000 Metric Tons
09-21-2026,2026,2025,9,4,wheat,european-union,Total Distribution,147689.0,1000 Metric Tons
09-21-2026,2026,2025,9,4,wheat,european-union,Yield,5.3295,Yield (Metric Tons per Hectare)
09-21-2026,2026,2025,8,3,wheat,thailand,Yield,0.0,Yield (Metric Tons per Hectare)
09-21-2026,2026,2025,4,8,corn,taiwan,Trade Year Imports,4348.0,1000 Metric Tons
09-21-2026,2026,2025,4,8,corn,taiwan,Imports,4348.0,1000 Metric Tons
09-21-2026,2026,2025,4,8,corn,taiwan,Production,115.0,1000 Metric Tons
09-21-2026,2026,2025,4,8,corn,taiwan,Beginning Stocks,536.0,1000 Metric Tons
09-21-2026,2026,2025,4,8,corn,taiwan,Area Harvested,25.0,1000 Hectares
09-21-2026,2026,2025,4,7,soybean-oil,pakistan,Feed Waste Domestic Consumption,0.0,1000 Metric Tons
09-21-2026,2026,2025,2,6,corn,canada,Area Harvested,1449.0,1000 Hectares
09-21-2026,2026,2025,4,7,soybean-oil,pakistan,Ending Stocks,79.0,1000 Metric Tons
09-21-2026,2026,2025,8,12,corn,indonesia,Total Distribution,15729.0,1000 Metric Tons
09-21-2026,2026,2025,1,5,corn,thailand,Total Supply,7612.0,1000 Metric Tons
09-21-2026,2026,2025,1,5,corn,thailand,Trade Year Imports From United States,4.0,1000 Metric Tons
09-21-2026,2026,2025,1,5,corn,thailand,Trade Year Imports,1461.0,1000 Metric Tons
09-21-2026,2026,2025,1,5,corn,thailand,Imports,1838.0,1000 Metric Tons
09-21-2026,2026,2025,1,5,corn,thailand,Production,5300.0,1000 Metric Tons
09-21-2026,2026,2025,1,5,corn,thailand,Beginning Stocks,474.0,1000 Metric Tons
09-21-2026,2026,2025,1,5,corn,thailand,Area Harvested,1210.0,1000 Hectares
09-21-2026,2026,2025,8,12,corn,indonesia,Yield,3.7429,Yield (Metric Tons per Hectare)
09-21-2026,2026,2025,8,12,corn,indonesia,Ending Stocks,1221.0,1000 Metric Tons
09-21-2026,2026,2025,8,12,corn,indonesia,Production,13100.0,1000 Metric Tons
09-21-2026,2026,2025,8,12,corn,indonesia,Domestic Consumption,14500.0,1000 Metric Tons
09-21-2026,2026,2025,8,12,corn,indonesia,Food Seed and Industrial Consumption,5000.0,1000 Metric Tons
09-21-2026,2026,2025,8,12,corn,indonesia,Feed Domestic Consumption,9500.0,1000 Metric Tons
09-21-2026,2026,2025,8,12,corn,indonesia,Trade Year Exports,8.0,1000 Metric Tons
09-21-2026,2026,2025,8,12,corn,indonesia,Exports,8.0,1000 Metric Tons
09-21-2026,2026,2025,8,12,corn,indonesia,Total Supply,15729.0,1000 Metric Tons
09-21-2026,2026,2025,8,12,corn,indonesia,Trade Year Imports From United States,264.0,1000 Metric Tons
09-21-2026,2026,2025,8,12,corn,indonesia,Trade Year Imports,1284.0,1000 Metric Tons
09-21-2026,2026,2025,1,5,corn,thailand,Exports,29.0,1000 Metric Tons
09-21-2026,2026,2025,1,5,corn,thailand,Trade Year Exports,34.0,1000 Metric Tons
09-21-2026,2026,2025,1,5,corn,thailand,Feed Domestic Consumption,7050.0,1000 Metric Tons
09-21-2026,2026,2025,1,5,corn,thailand,Food Seed and Industrial Consumption,100.0,1000 Metric Tons
09-21-2026,2026,2025,1,5,corn,china,Trade Year Exports,4.0,1000 Metric Tons
09-21-2026,2026,2025,1,5,corn,china,Exports,4.0,1000 Metric Tons
09-21-2026,2026,2025,1,5,corn,china,Total Supply,507932.0,1000 Metric Tons
09-21-2026,2026,2025,1,5,corn,china,Trade Year Imports From United States,27.0,1000 Metric Tons
09-21-2026,2026,2025,1,5,corn,china,Trade Year Imports,1823.0,1000 Metric Tons
09-21-2026,2026,2025,1,5,corn,china,Imports,1823.0,1000 Metric Tons
09-21-2026,2026,2025,1,5,corn,china,Production,294917.0,1000 Metric Tons
09-21-2026,2026,2025,1,5,corn,china,Beginning Stocks,211192.0,1000 Metric Tons
09-21-2026,2026,2025,1,5,corn,china,Area Harvested,44741.0,1000 Hectares
09-21-2026,2026,2025,1,5,corn,thailand,Yield,4.3802,Yield (Metric Tons per Hectare)
09-21-2026,2026,2025,1,5,corn,thailand,Total Distribution,7612.0,1000 Metric Tons
09-21-2026,2026,2025,1,5,corn,thailand,Ending Stocks,433.0,1000 Metric Tons
09-21-2026,2026,2025,1,5,corn,thailand,Domestic Consumption,7150.0,1000 Metric Tons
09-21-2026,2025,2025,12,4,corn,bangladesh,Imports,1380.0,1000 Metric Tons
09-21-2026,2025,2025,12,4,corn,bangladesh,Trade Year Imports,1176.0,1000 Metric Tons
09-21-2026,2025,2025,12,4,corn,bangladesh,Trade Year Imports From United States,0.0,1000 Metric Tons
09-21-2026,2025,2025,12,4,corn,bangladesh,Total Supply,7234.0,1000 Metric Tons
09-21-2026,2026,2025,8,12,corn,indonesia,Imports,1284.0,1000 Metric Tons
09-21-2026,2026,2025,8,12,corn,indonesia,Beginning Stocks,1345.0,1000 Metric Tons
09-21-2026,2026,2025,1,5,corn,china,Food Seed and Industrial Consumption,82000.0,1000 Metric Tons
09-21-2026,2025,2025,9,4,wheat,bangladesh,Yield,3.5484,Yield (Metric Tons per Hectare)
09-21-2026,2025,2025,12,4,corn,bangladesh,Ending Stocks,134.0,1000 Metric Tons
09-21-2026,2025,2025,12,4,corn,bangladesh,Total Distribution,7234.0,1000 Metric Tons
09-21-2026,2025,2025,12,4,corn,bangladesh,Yield,8.7692,Yield (Metric Tons per Hectare)
09-21-2026,2026,2025,4,8,corn,philippines,Total Distribution,10222.0,1000 Metric Tons
09-21-2026,2026,2025,4,8,corn,philippines,Ending Stocks,272.0,1000 Metric Tons
09-21-2026,2026,2025,4,8,corn,philippines,Domestic Consumption,9950.0,1000 Metric Tons
09-21-2026,2026,2025,4,8,corn,philippines,Food Seed and Industrial Consumption,4200.0,1000 Metric Tons
09-21-2026,2026,2025,4,8,corn,philippines,Feed Domestic Consumption,5750.0,1000 Metric Tons
09-21-2026,2025,2025,9,4,wheat,bangladesh,Total Distribution,8183.0,1000 Metric Tons
09-21-2026,2026,2025,8,12,corn,indonesia,Area Harvested,3500.0,1000 Hectares
09-21-2026,2025,2025,9,4,wheat,bangladesh,Ending Stocks,783.0,1000 Metric Tons
09-21-2026,2025,2025,9,4,wheat,bangladesh,Domestic Consumption,7400.0,1000 Metric Tons
09-21-2026,2025,2025,9,4,wheat,bangladesh,Food Seed and Industrial Consumption,7200.0,1000 Metric Tons
09-21-2026,2025,2025,9,4,wheat,bangladesh,Feed Domestic Consumption,200.0,1000 Metric Tons
09-21-2026,2025,2025,9,4,wheat,bangladesh,Trade Year Exports,0.0,1000 Metric Tons
09-21-2026,2025,2025,9,4,wheat,bangladesh,Exports,0.0,1000 Metric Tons
09-21-2026,2025,2025,9,4,wheat,bangladesh,Total Supply,8183.0,1000 Metric Tons
09-21-2026,2025,2025,9,4,wheat,bangladesh,Trade Year Imports From United States,1.0,1000 Metric Tons
09-21-2026,2025,2025,12,4,corn,bangladesh,Domestic Consumption,7100.0,1000 Metric Tons
09-21-2026,2025,2025,12,4,corn,bangladesh,Food Seed and Industrial Consumption,400.0,1000 Metric Tons
09-21-2026,2025,2025,12,4,corn,bangladesh,Feed Domestic Consumption,6700.0,1000 Metric Tons
09-21-2026,2025,2025,12,4,corn,bangladesh,Trade Year Exports,0.0,1000 Metric Tons
09-21-2026,2026,2025,1,5,corn,nigeria,Yield,2.2155,Yield (Metric Tons per Hectare)
09-21-2026,2026,2025,1,5,corn,nigeria,Total Distribution,12206.0,1000 Metric Tons
09-21-2026,2026,2025,1,5,corn,nigeria,Ending Stocks,331.0,1000 Metric Tons
09-21-2026,2026,2025,1,5,corn,nigeria,Domestic Consumption,11800.0,1000 Metric Tons
09-21-2026,2026,2025,1,5,corn,nigeria,Food Seed and Industrial Consumption,7000.0,1000 Metric Tons
09-21-2026,2026,2025,1,5,corn,nigeria,Feed Domestic Consumption,4800.0,1000 Metric Tons
09-21-2026,2026,2025,1,5,corn,nigeria,Trade Year Exports,75.0,1000 Metric Tons
09-21-2026,2026,2025,1,5,corn,nigeria,Exports,75.0,1000 Metric Tons
09-21-2026,2026,2025,1,5,corn,nigeria,Total Supply,12206.0,1000 Metric Tons
09-21-2026,2026,2025,1,5,corn,nigeria,Trade Year Imports From United States,85.0,1000 Metric Tons
09-21-2026,2026,2025,1,5,corn,nigeria,Trade Year Imports,425.0,1000 Metric Tons
09-21-2026,2026,2025,1,5,corn,nigeria,Imports,425.0,1000 Metric Tons
09-21-2026,2026,2025,1,5,corn,nigeria,Production,11217.0,1000 Metric Tons
09-21-2026,2026,2025,1,5,corn,nigeria,Beginning Stocks,564.0,1000 Metric Tons
09-21-2026,2026,2025,1,5,corn,nigeria,Area Harvested,5063.0,1000 Hectares
09-21-2026,2026,2025,4,8,corn,philippines,Yield,3.3962,Yield (Metric Tons per Hectare)
09-21-2026,2025,2025,12,4,corn,bangladesh,Exports,0.0,1000 Metric Tons
09-21-2026,2026,2025,1,5,corn,china,Feed Domestic Consumption,234000.0,1000 Metric Tons
09-21-2026,2026,2025,1,5,corn,china,Domestic Consumption,316000.0,1000 Metric Tons
09-21-2026,2025,2025,9,4,wheat,bangladesh,Imports,5800.0,1000 Metric Tons
09-21-2026,2026,2025,7,11,corn,pakistan,Total Distribution,10628.0,1000 Metric Tons
09-21-2026,2026,2025,9,1,corn,world,Trade Year Imports,187461.0,1000 Metric Tons
09-21-2026,2026,2025,9,1,corn,world,Imports,186553.0,1000 Metric Tons
09-21-2026,2026,2025,9,1,corn,world,Production,1235033.0,1000 Metric Tons
09-21-2026,2026,2025,9,1,corn,world,Beginning Stocks,313842.0,1000 Metric Tons
09-21-2026,2026,2025,9,1,corn,world,Area Harvested,206660.0,1000 Hectares
09-21-2026,2025,2025,12,4,corn,bangladesh,Beginning Stocks,154.0,1000 Metric Tons
09-21-2026,2025,2025,12,4,corn,bangladesh,Area Harvested,650.0,1000 Hectares
09-21-2026,2026,2025,7,11,corn,pakistan,Yield,5.6908,Yield (Metric Tons per Hectare)
09-21-2026,2026,2025,7,11,corn,pakistan,Ending Stocks,1085.0,1000 Metric Tons
09-21-2026,2026,2025,7,11,corn,pakistan,Production,9037.0,1000 Metric Tons
09-21-2026,2026,2025,7,11,corn,pakistan,Domestic Consumption,8900.0,1000 Metric Tons
09-21-2026,2026,2025,7,11,corn,pakistan,Food Seed and Industrial Consumption,2400.0,1000 Metric Tons
09-21-2026,2026,2025,7,11,corn,pakistan,Feed Domestic Consumption,6500.0,1000 Metric Tons
09-21-2026,2026,2025,7,11,corn,pakistan,Trade Year Exports,522.0,1000 Metric Tons
09-21-2026,2026,2025,7,11,corn,pakistan,Exports,643.0,1000 Metric Tons
09-21-2026,2026,2025,7,11,corn,pakistan,Total Supply,10628.0,1000 Metric Tons
09-21-2026,2026,2025,7,11,corn,pakistan,Trade Year Imports From United States,11.0,1000 Metric Tons
09-21-2026,2026,2025,7,11,corn,pakistan,Trade Year Imports,34.0,1000 Metric Tons
09-21-2026,2026,2025,9,1,corn,world,Trade Year Imports From United States,75124.0,1000 Metric Tons
09-21-2026,2026,2025,9,1,corn,world,Total Supply,1735428.0,1000 Metric Tons
09-21-2026,2026,2025,9,1,corn,world,Exports,187583.0,1000 Metric Tons
09-21-2026,2026,2025,9,1,corn,world,Trade Year Exports,191438.0,1000 Metric Tons
09-21-2026,2026,2025,9,1,soybeans,mexico,Production,277.0,1000 Metric Tons
09-21-2026,2026,2025,9,1,soybeans,mexico,Imports,6434.0,1000 Metric Tons
09-21-2026,2026,2025,9,1,soybeans,mexico,Total Supply,7321.0,1000 Metric Tons
09-21-2026,2026,2025,9,1,soybeans,mexico,Exports,0.0,1000 Metric Tons
09-21-2026,2026,2025,9,1,soybeans,mexico,Crush,6650.0,1000 Metric Tons
09-21-2026,2026,2025,9,1,soybeans,mexico,Food Use Domestic Consumption,0.0,1000 Metric Tons
09-21-2026,2026,2025,9,1,soybeans,mexico,Feed Waste Domestic Consumption,85.0,1000 Metric Tons
09-21-2026,2026,2025,9,1,soybeans,mexico,Domestic Consumption,6735.0,1000 Metric Tons
09-21-2026,2026,2025,9,1,soybeans,mexico,Ending Stocks,586.0,1000 Metric Tons
09-21-2026,2026,2025,9,1,soybeans,mexico,Total Distribution,7321.0,1000 Metric Tons
09-21-2026,2026,2025,9,1,soybeans,mexico,Yield,2.0672,Yield (Metric Tons per Hectare)
09-21-2026,2026,2025,9,1,corn,world,Yield,5.9762,Yield (Metric Tons per Hectare)
09-21-2026,2026,2025,9,1,corn,world,Total Distribution,1735428.0,1000 Metric Tons
09-21-2026,2026,2025,9,1,corn,world,Ending Stocks,295701.0,1000 Metric Tons
09-21-2026,2026,2025,9,1,corn,world,Domestic Consumption,1252144.0,1000 Metric Tons
09-21-2026,2026,2025,9,1,corn,world,Food Seed and Industrial Consumption,466344.0,1000 Metric Tons
09-21-2026,2026,2025,9,1,corn,world,Feed Domestic Consumption,785800.0,1000 Metric Tons
09-21-2026,2026,2025,7,11,corn,pakistan,Imports,34.0,1000 Metric Tons
09-21-2026,2026,2025,7,11,corn,pakistan,Beginning Stocks,1557.0,1000 Metric Tons
09-21-2026,2026,2025,1,5,corn,china,Ending Stocks,191928.0,1000 Metric Tons
09-21-2026,2026,2025,9,4,wheat,canada,Production,35939.0,1000 Metric Tons
09-21-2026,2026,2025,1,5,corn,egypt,Exports,1.0,1000 Metric Tons
09-21-2026,2026,2025,1,5,corn,egypt,Total Supply,18993.0,1000 Metric Tons
09-21-2026,2026,2025,1,5,corn,egypt,Trade Year Imports From United States,738.0,1000 Metric Tons
09-21-2026,2026,2025,1,5,corn,egypt,Trade Year Imports,10564.0,1000 Metric Tons
09-21-2026,2026,2025,1,5,corn,egypt,Imports,10564.0,1000 Metric Tons
09-21-2026,2026,2025,1,5,corn,egypt,Production,7000.0,1000 Metric Tons
09-21-2026,2026,2025,9,4,wheat,canada,Area Harvested,10652.0,1000 Hectares
09-21-2026,2026,2025,9,4,wheat,canada,Beginning Stocks,5309.0,1000 Metric Tons
09-21-2026,2026,2025,9,4,wheat,canada,Imports,610.0,1000 Metric Tons
09-21-2026,2026,2025,7,11,corn,pakistan,Area Harvested,1588.0,1000 Hectares
09-21-2026,2026,2025,9,4,wheat,canada,Trade Year Imports,596.0,1000 Metric Tons
09-21-2026,2026,2025,9,4,wheat,canada,Trade Year Imports From United States,383.0,1000 Metric Tons
09-21-2026,2026,2025,9,4,wheat,canada,Total Supply,41858.0,1000 Metric Tons
09-21-2026,2026,2025,9,4,wheat,canada,Exports,29354.0,1000 Metric Tons
09-21-2026,2026,2025,1,5,corn,egypt,Beginning Stocks,1429.0,1000 Metric Tons
09-21-2026,2026,2025,1,5,corn,egypt,Area Harvested,920.0,1000 Hectares
09-21-2026,2026,2025,1,5,corn,china,Yield,6.5916,Yield (Metric Tons per Hectare)
09-21-2026,2026,2025,1,5,corn,china,Total Distribution,507932.0,1000 Metric Tons
09-21-2026,2026,2025,1,5,corn,egypt,Trade Year Exports,1.0,1000 Metric Tons
09-21-2026,2025,2025,12,4,corn,bangladesh,Production,5700.0,1000 Metric Tons
09-21-2026,2026,2025,9,1,soybeans,european-union,Area Harvested,1118.0,1000 Hectares
09-21-2026,2026,2025,9,1,soybeans,european-union,Beginning Stocks,1297.0,1000 Metric Tons
09-21-2026,2026,2025,1,5,corn,egypt,Yield,7.6087,Yield (Metric Tons per Hectare)
09-21-2026,2026,2025,1,5,corn,egypt,Total Distribution,18993.0,1000 Metric Tons
09-21-2026,2026,2025,1,5,corn,egypt,Ending Stocks,1692.0,1000 Metric Tons
09-21-2026,2026,2025,1,5,corn,egypt,Domestic Consumption,17300.0,1000 Metric Tons
09-21-2026,2026,2025,1,5,corn,egypt,Food Seed and Industrial Consumption,2600.0,1000 Metric Tons
09-21-2026,2026,2025,1,5,corn,egypt,Feed Domestic Consumption,14700.0,1000 Metric Tons
09-21-2026,2026,2025,9,1,soybeans,european-union,Yield,2.6038,Yield (Metric Tons per Hectare)
09-21-2026,2026,2025,9,1,soybeans,european-union,Total Distribution,18917.0,1000 Metric Tons
09-21-2026,2026,2025,9,1,soybeans,european-union,Ending Stocks,1564.0,1000 Metric Tons
09-21-2026,2026,2025,9,1,soybeans,european-union,Domestic Consumption,17020.0,1000 Metric Tons
09-21-2026,2026,2025,9,1,soybeans,european-union,Feed Waste Domestic Consumption,1400.0,1000 Metric Tons
09-21-2026,2026,2025,9,1,soybeans,european-union,Food Use Domestic Consumption,220.0,1000 Metric Tons
09-21-2026,2026,2025,9,1,soybeans,european-union,Crush,15400.0,1000 Metric Tons
09-21-2026,2026,2025,9,1,soybeans,european-union,Exports,333.0,1000 Metric Tons
09-21-2026,2026,2025,9,1,soybeans,european-union,Total Supply,18917.0,1000 Metric Tons
09-21-2026,2026,2025,9,1,soybeans,european-union,Imports,14709.0,1000 Metric Tons
09-21-2026,2026,2025,9,1,soybeans,european-union,Production,2911.0,1000 Metric Tons
09-21-2026,2025,2025,9,4,wheat,bangladesh,Trade Year Imports,5800.0,1000 Metric Tons
09-21-2026,2025,2025,9,4,wheat,bangladesh,Production,1100.0,1000 Metric Tons
09-21-2026,2026,2025,4,7,soybean-oil,pakistan,Total Distribution,703.0,1000 Metric Tons
09-21-2026,2026,2025,7,2,wheat,united-states,Trade Year Imports From United States,0.0,1000 Metric Tons
09-21-2026,2026,2025,7,2,wheat,united-states,Total Distribution,76877.0,1000 Metric Tons
09-21-2026,2026,2025,7,2,wheat,united-states,Ending Stocks,23262.0,1000 Metric Tons
09-21-2026,2026,2025,7,2,wheat,united-states,Domestic Consumption,31058.0,1000 Metric Tons
09-21-2026,2026,2025,7,2,wheat,united-states,Food Seed and Industrial Consumption,28041.0,1000 Metric Tons
09-21-2026,2026,2025,7,2,wheat,united-states,Feed Domestic Consumption,3017.0,1000 Metric Tons
09-21-2026,2026,2025,7,2,wheat,united-states,Trade Year Exports,22803.0,1000 Metric Tons
09-21-2026,2026,2025,7,2,wheat,united-states,Exports,22557.0,1000 Metric Tons
09-21-2026,2026,2025,7,2,wheat,united-states,Total Supply,76877.0,1000 Metric Tons
09-21-2026,2026,2025,7,2,wheat,united-states,Trade Year Imports,4093.0,1000 Metric Tons
09-21-2026,2026,2025,2,6,corn,canada,Feed Domestic Consumption,8575.0,1000 Metric Tons
09-21-2026,2026,2025,7,2,wheat,united-states,Imports,4072.0,1000 Metric Tons
09-21-2026,2026,2025,7,2,wheat,united-states,Production,53851.0,1000 Metric Tons
09-21-2026,2026,2025,7,2,wheat,united-states,Beginning Stocks,18954.0,1000 Metric Tons
09-21-2026,2026,2025,7,2,wheat,united-states,Area Harvested,15634.0,1000 Hectares
09-21-2026,2026,2025,2,6,corn,canada,Yield,10.5901,Yield (Metric Tons per Hectare)
09-21-2026,2026,2025,2,6,corn,canada,Total Distribution,19026.0,1000 Metric Tons
09-21-2026,2026,2025,2,6,corn,canada,Ending Stocks,1584.0,1000 Metric Tons
09-21-2026,2026,2025,2,6,corn,canada,Domestic Consumption,14439.0,1000 Metric Tons
09-21-2026,2026,2025,7,2,wheat,united-states,Yield,3.4445,Yield (Metric Tons per Hectare)
09-21-2026,2026,2025,9,4,wheat,colombia,Yield,2.0,Yield (Metric Tons per Hectare)
09-21-2026,2026,2025,9,4,wheat,colombia,Total Distribution,2124.0,1000 Metric Tons
09-21-2026,2026,2025,9,4,wheat,colombia,Ending Stocks,148.0,1000 Metric Tons
09-21-2026,2026,2025,3,7,corn,honduras,Trade Year Imports,1126.0,1000 Metric Tons
09-21-2026,2026,2025,3,7,corn,honduras,Imports,1034.0,1000 Metric Tons
09-21-2026,2026,2025,3,7,corn,honduras,Production,700.0,1000 Metric Tons
09-21-2026,2026,2025,3,7,corn,honduras,Beginning Stocks,151.0,1000 Metric Tons
09-21-2026,2026,2025,3,7,corn,honduras,Area Harvested,380.0,1000 Hectares
09-21-2026,2026,2025,9,4,wheat,colombia,Area Harvested,3.0,1000 Hectares
09-21-2026,2026,2025,9,4,wheat,colombia,Beginning Stocks,219.0,1000 Metric Tons
09-21-2026,2026,2025,9,4,wheat,colombia,Production,6.0,1000 Metric Tons
09-21-2026,2026,2025,9,4,wheat,colombia,Imports,1899.0,1000 Metric Tons
09-21-2026,2026,2025,9,4,wheat,colombia,Trade Year Imports,1899.0,1000 Metric Tons
09-21-2026,2026,2025,9,4,wheat,colombia,Trade Year Imports From United States,728.0,1000 Metric Tons
09-21-2026,2026,2025,9,4,wheat,colombia,Total Supply,2124.0,1000 Metric Tons
09-21-2026,2026,2025,9,4,wheat,colombia,Exports,26.0,1000 Metric Tons
09-21-2026,2026,2025,9,4,wheat,colombia,Trade Year Exports,26.0,1000 Metric Tons
09-21-2026,2026,2025,9,4,wheat,colombia,Feed Domestic Consumption,100.0,1000 Metric Tons
09-21-2026,2026,2025,9,4,wheat,colombia,Food Seed and Industrial Consumption,1850.0,1000 Metric Tons
09-21-2026,2026,2025,9,4,wheat,colombia,Domestic Consumption,1950.0,1000 Metric Tons
09-21-2026,2026,2025,2,6,corn,canada,Food Seed and Industrial Consumption,5864.0,1000 Metric Tons
09-21-2026,2026,2025,2,6,corn,canada,Trade Year Exports,2885.0,1000 Metric Tons
09-21-2026,2026,2025,3,7,corn,honduras,Total Supply,1885.0,1000 Metric Tons
09-21-2026,2026,2025,4,7,soybean-oil,bangladesh,Feed Waste Domestic Consumption,0.0,1000 Metric Tons
09-21-2026,2026,2025,9,4,wheat,egypt,Production,9000.0,1000 Metric Tons
09-21-2026,2026,2025,9,4,wheat,egypt,Imports,12467.0,1000 Metric Tons
09-21-2026,2026,2025,9,4,wheat,egypt,Trade Year Imports,12467.0,1000 Metric Tons
09-21-2026,2026,2025,9,4,wheat,egypt,Trade Year Imports From United States,134.0,1000 Metric Tons
09-21-2026,2026,2025,9,4,wheat,egypt,Total Supply,25263.0,1000 Metric Tons
09-21-2026,2026,2025,4,7,soybean-oil,bangladesh,Total Distribution,1301.0,1000 Metric Tons
09-21-2026,2026,2025,4,7,soybean-oil,bangladesh,Ending Stocks,100.0,1000 Metric Tons
09-21-2026,2026,2025,4,7,soybean-oil,bangladesh,Domestic Consumption,1200.0,1000 Metric Tons
09-21-2026,2026,2025,4,7,soybean-oil,bangladesh,Food Use Domestic Consumption,1100.0,1000 Metric Tons
09-21-2026,2026,2025,2,6,corn,canada,Exports,3003.0,1000 Metric Tons
09-21-2026,2026,2025,4,7,soybean-oil,bangladesh,Industrial Domestic Consumption,100.0,1000 Metric Tons
09-21-2026,2026,2025,4,7,soybean-oil,bangladesh,Exports,1.0,1000 Metric Tons
09-21-2026,2026,2025,4,7,soybean-oil,bangladesh,Total Supply,1301.0,1000 Metric Tons
09-21-2026,2026,2025,4,7,soybean-oil,bangladesh,Imports,943.0,1000 Metric Tons
09-21-2026,2026,2025,4,7,soybean-oil,bangladesh,Production,337.0,1000 Metric Tons
09-21-2026,2026,2025,4,7,soybean-oil,bangladesh,Beginning Stocks,21.0,1000 Metric Tons
09-21-2026,2026,2025,4,7,soybean-oil,bangladesh,Extraction Rate,0.1822,Percentage (%)
09-21-2026,2026,2025,4,7,soybean-oil,bangladesh,Crush,1850.0,1000 Metric Tons
09-21-2026,2026,2025,9,4,wheat,egypt,Beginning Stocks,3796.0,1000 Metric Tons
09-21-2026,2026,2025,9,4,wheat,egypt,Area Harvested,1300.0,1000 Hectares
09-21-2026,2026,2025,8,12,corn,vietnam,Imports,12000.0,1000 Metric Tons
09-21-2026,2026,2025,8,12,corn,vietnam,Trade Year Imports,12700.0,1000 Metric Tons
09-21-2026,2026,2025,2,6,corn,canada,Total Supply,19026.0,1000 Metric Tons
09-21-2026,2026,2025,2,6,corn,canada,Trade Year Imports From United States,1581.0,1000 Metric Tons
09-21-2026,2026,2025,2,6,corn,canada,Trade Year Imports,1683.0,1000 Metric Tons
09-21-2026,2026,2025,2,6,corn,canada,Imports,1685.0,1000 Metric Tons
09-21-2026,2026,2025,2,6,corn,canada,Production,15345.0,1000 Metric Tons
09-21-2026,2026,2025,2,6,corn,canada,Beginning Stocks,1996.0,1000 Metric Tons
09-21-2026,2026,2025,5,8,soybean-meal,south-korea,Total Distribution,2611.0,1000 Metric Tons
09-21-2026,2026,2025,8,12,corn,vietnam,Yield,5.0482,Yield (Metric Tons per Hectare)
09-21-2026,2026,2025,8,12,corn,vietnam,Total Distribution,17202.0,1000 Metric Tons
09-21-2026,2026,2025,8,12,corn,vietnam,Ending Stocks,902.0,1000 Metric Tons
09-21-2026,2026,2025,8,12,corn,vietnam,Domestic Consumption,15800.0,1000 Metric Tons
09-21-2026,2026,2025,8,12,corn,vietnam,Food Seed and Industrial Consumption,1500.0,1000 Metric Tons
09-21-2026,2026,2025,8,12,corn,vietnam,Feed Domestic Consumption,14300.0,1000 Metric Tons
09-21-2026,2026,2025,8,12,corn,vietnam,Trade Year Exports,500.0,1000 Metric Tons
09-21-2026,2026,2025,8,12,corn,vietnam,Exports,500.0,1000 Metric Tons
09-21-2026,2026,2025,8,12,corn,vietnam,Total Supply,17202.0,1000 Metric Tons
09-21-2026,2026,2025,8,12,corn,vietnam,Trade Year Imports From United States,1096.0,1000 Metric Tons
09-21-2026,2026,2025,3,7,corn,honduras,Trade Year Imports From United States,1116.0,1000 Metric Tons
09-21-2026,2026,2025,3,7,corn,honduras,Exports,3.0,1000 Metric Tons
09-21-2026,2025,2025,9,4,wheat,bangladesh,Beginning Stocks,1283.0,1000 Metric Tons
09-21-2026,2025,2025,9,4,wheat,honduras,Beginning Stocks,4.0,1000 Metric Tons
09-21-2026,2025,2025,9,4,wheat,honduras,Feed Domestic Consumption,15.0,1000 Metric Tons
09-21-2026,2025,2025,9,4,wheat,honduras,Trade Year Exports,46.0,1000 Metric Tons
09-21-2026,2025,2025,9,4,wheat,honduras,Exports,46.0,1000 Metric Tons
09-21-2026,2025,2025,9,4,wheat,honduras,Total Supply,378.0,1000 Metric Tons
09-21-2026,2025,2025,9,4,wheat,honduras,Trade Year Imports From United States,326.0,1000 Metric Tons
09-21-2026,2025,2025,9,4,wheat,honduras,Trade Year Imports,374.0,1000 Metric Tons
09-21-2026,2025,2025,9,4,wheat,honduras,Imports,374.0,1000 Metric Tons
09-21-2026,2025,2025,9,4,wheat,honduras,Production,0.0,1000 Metric Tons
09-21-2026,2025,2025,9,4,wheat,honduras,Area Harvested,0.0,1000 Hectares
09-21-2026,2026,2025,3,10,wheat,vietnam,Trade Year Imports From United States,599.0,1000 Metric Tons
09-21-2026,2026,2025,3,10,wheat,vietnam,Yield,0.0,Yield (Metric Tons per Hectare)
09-21-2026,2026,2025,3,10,wheat,vietnam,Total Distribution,6195.0,1000 Metric Tons
09-21-2026,2026,2025,3,10,wheat,vietnam,Ending Stocks,587.0,1000 Metric Tons
09-21-2026,2026,2025,3,10,wheat,vietnam,Domestic Consumption,5100.0,1000 Metric Tons
09-21-2026,2026,2025,3,10,wheat,vietnam,Food Seed and Industrial Consumption,2550.0,1000 Metric Tons
09-21-2026,2026,2025,3,10,wheat,vietnam,Feed Domestic Consumption,2550.0,1000 Metric Tons
09-21-2026,2026,2025,3,10,wheat,vietnam,Trade Year Exports,508.0,1000 Metric Tons
09-21-2026,2026,2025,3,10,wheat,vietnam,Exports,508.0,1000 Metric Tons
09-21-2026,2025,2025,9,4,wheat,honduras,Food Seed and Industrial Consumption,310.0,1000 Metric Tons
09-21-2026,2025,2025,9,4,wheat,honduras,Domestic Consumption,325.0,1000 Metric Tons
09-21-2026,2025,2025,9,4,wheat,honduras,Ending Stocks,7.0,1000 Metric Tons
09-21-2026,2026,2025,4,8,corn,philippines,Trade Year Exports,1.0,1000 Metric Tons
09-21-2026,2025,2025,9,4,wheat,bangladesh,Area Harvested,310.0,1000 Hectares
09-21-2026,2026,2025,1,8,wheat,philippines,Yield,0.0,Yield (Metric Tons per Hectare)
09-21-2026,2026,2025,1,8,wheat,philippines,Total Distribution,7245.0,1000 Metric Tons
09-21-2026,2026,2025,1,8,wheat,philippines,Ending Stocks,721.0,1000 Metric Tons
09-21-2026,2026,2025,1,8,wheat,philippines,Domestic Consumption,6500.0,1000 Metric Tons
09-21-2026,2026,2025,1,8,wheat,philippines,Food Seed and Industrial Consumption,3600.0,1000 Metric Tons
09-21-2026,2026,2025,1,8,wheat,philippines,Feed Domestic Consumption,2900.0,1000 Metric Tons
09-21-2026,2026,2025,1,8,wheat,philippines,Trade Year Exports,24.0,1000 Metric Tons
09-21-2026,2026,2025,1,8,wheat,philippines,Exports,24.0,1000 Metric Tons
09-21-2026,2026,2025,1,8,wheat,philippines,Total Supply,7245.0,1000 Metric Tons
09-21-2026,2026,2025,1,8,wheat,philippines,Trade Year Imports From United States,2532.0,1000 Metric Tons
09-21-2026,2026,2025,1,8,wheat,philippines,Trade Year Imports,6351.0,1000 Metric Tons
09-21-2026,2026,2025,1,8,wheat,philippines,Imports,6351.0,1000 Metric Tons
09-21-2026,2026,2025,1,8,wheat,philippines,Production,0.0,1000 Metric Tons
09-21-2026,2026,2025,1,8,wheat,philippines,Beginning Stocks,894.0,1000 Metric Tons
09-21-2026,2026,2025,1,8,wheat,philippines,Area Harvested,0.0,1000 Hectares
09-21-2026,2025,2025,9,4,wheat,honduras,Yield,0.0,Yield (Metric Tons per Hectare)
09-21-2026,2026,2025,3,10,wheat,vietnam,Total Supply,6195.0,1000 Metric Tons
09-21-2026,2026,2025,3,10,wheat,vietnam,Trade Year Imports,5700.0,1000 Metric Tons
09-21-2026,2026,2025,3,7,corn,honduras,Trade Year Exports,5.0,1000 Metric Tons
09-21-2026,2026,2025,4,8,corn,philippines,Imports,1588.0,1000 Metric Tons
09-21-2026,2026,2025,4,11,wheat,china,Domestic Consumption,150000.0,1000 Metric Tons
09-21-2026,2026,2025,4,11,wheat,china,Ending Stocks,127775.0,1000 Metric Tons
09-21-2026,2026,2025,4,11,wheat,china,Total Distribution,278791.0,1000 Metric Tons
09-21-2026,2026,2025,4,11,wheat,china,Yield,5.9397,Yield (Metric Tons per Hectare)
09-21-2026,2026,2025,4,8,corn,philippines,Exports,0.0,1000 Metric Tons
09-21-2026,2026,2025,4,8,corn,philippines,Total Supply,10222.0,1000 Metric Tons
09-21-2026,2026,2025,4,8,corn,philippines,Trade Year Imports From United States,24.0,1000 Metric Tons
09-21-2026,2026,2025,4,8,corn,philippines,Trade Year Imports,1340.0,1000 Metric Tons
09-21-2026,2026,2025,4,8,corn,philippines,Production,8331.0,1000 Metric Tons
09-21-2026,2026,2025,3,10,wheat,vietnam,Imports,5700.0,1000 Metric Tons
09-21-2026,2026,2025,4,8,corn,philippines,Beginning Stocks,303.0,1000 Metric Tons
09-21-2026,2026,2025,4,8,corn,philippines,Area Harvested,2453.0,1000 Hectares
09-21-2026,2026,2025,3,7,corn,honduras,Yield,1.8421,Yield (Metric Tons per Hectare)
09-21-2026,2026,2025,3,7,corn,honduras,Total Distribution,1885.0,1000 Metric Tons
09-21-2026,2026,2025,3,7,corn,honduras,Ending Stocks,182.0,1000 Metric Tons
09-21-2026,2026,2025,3,7,corn,honduras,Domestic Consumption,1700.0,1000 Metric Tons
09-21-2026,2026,2025,3,7,corn,honduras,Food Seed and Industrial Consumption,775.0,1000 Metric Tons
09-21-2026,2026,2025,3,7,corn,honduras,Feed Domestic Consumption,925.0,1000 Metric Tons
09-21-2026,2026,2025,4,11,wheat,china,Food Seed and Industrial Consumption,117000.0,1000 Metric Tons
09-21-2026,2026,2025,4,11,wheat,china,Feed Domestic Consumption,33000.0,1000 Metric Tons
09-21-2026,2026,2025,4,11,wheat,china,Trade Year Exports,1016.0,1000 Metric Tons
09-21-2026,2026,2025,4,11,wheat,china,Exports,1016.0,1000 Metric Tons
09-21-2026,2026,2025,3,10,wheat,vietnam,Production,0.0,1000 Metric Tons
09-21-2026,2026,2025,3,10,wheat,vietnam,Beginning Stocks,495.0,1000 Metric Tons
09-21-2026,2026,2025,3,10,wheat,vietnam,Area Harvested,0.0,1000 Hectares
09-21-2026,2026,2025,9,4,wheat,canada,Trade Year Exports,28586.0,1000 Metric Tons
09-21-2026,2026,2025,9,4,wheat,canada,Feed Domestic Consumption,3064.0,1000 Metric Tons
09-21-2026,2026,2025,9,4,wheat,canada,Food Seed and Industrial Consumption,5200.0,1000 Metric Tons
09-21-2026,2026,2025,9,4,wheat,canada,Domestic Consumption,8264.0,1000 Metric Tons
09-21-2026,2026,2025,9,4,wheat,canada,Ending Stocks,4240.0,1000 Metric Tons
09-21-2026,2026,2025,9,4,wheat,canada,Total Distribution,41858.0,1000 Metric Tons
09-21-2026,2026,2025,9,4,wheat,canada,Yield,3.3739,Yield (Metric Tons per Hectare)
09-21-2026,2026,2025,4,11,wheat,china,Area Harvested,23587.0,1000 Hectares
09-21-2026,2026,2025,4,11,wheat,china,Beginning Stocks,134523.0,1000 Metric Tons
09-21-2026,2026,2025,4,11,wheat,china,Production,140099.0,1000 Metric Tons
09-21-2026,2026,2025,4,11,wheat,china,Imports,4169.0,1000 Metric Tons
09-21-2026,2026,2025,4,11,wheat,china,Trade Year Imports,4169.0,1000 Metric Tons
09-21-2026,2026,2025,4,11,wheat,china,Trade Year Imports From United States,160.0,1000 Metric Tons
09-21-2026,2026,2025,4,11,wheat,china,Total Supply,278791.0,1000 Metric Tons
09-21-2026,2026,2025,5,8,soybean-meal,south-korea,Ending Stocks,202.0,1000 Metric Tons
09-21-2026,2026,2025,5,8,soybean-meal,european-union,Total Distribution,33611.0,1000 Metric Tons
09-21-2026,2026,2025,5,8,soybean-meal,south-korea,Soybean Meal Equivalent,2370.0,1000 Metric Tons
09-21-2026,2026,2025,4,8,soybeans,egypt,Imports,4543.0,1000 Metric Tons
09-21-2026,2026,2025,7,11,soybeans,bangladesh,Imports,1815.0,1000 Metric Tons
09-21-2026,2026,2025,7,11,soybeans,bangladesh,Total Supply,2116.0,1000 Metric Tons
09-21-2026,2026,2025,7,11,soybeans,bangladesh,Exports,0.0,1000 Metric Tons
09-21-2026,2026,2025,7,11,soybeans,bangladesh,Crush,1850.0,1000 Metric Tons
09-21-2026,2026,2025,7,11,soybeans,bangladesh,Food Use Domestic Consumption,5.0,1000 Metric Tons
09-21-2026,2026,2025,7,11,soybeans,bangladesh,Feed Waste Domestic Consumption,130.0,1000 Metric Tons
09-21-2026,2026,2025,7,11,soybeans,bangladesh,Domestic Consumption,1985.0,1000 Metric Tons
09-21-2026,2026,2025,7,11,soybeans,bangladesh,Ending Stocks,131.0,1000 Metric Tons
09-21-2026,2026,2025,7,11,soybeans,bangladesh,Total Distribution,2116.0,1000 Metric Tons
09-21-2026,2026,2025,7,11,soybeans,bangladesh,Yield,1.7708,Yield (Metric Tons per Hectare)
09-21-2026,2026,2025,3,7,corn,mexico,Area Harvested,6500.0,1000 Hectares
09-21-2026,2026,2025,7,11,corn,united-states,Yield,11.2553,Yield (Metric Tons per Hectare)
09-21-2026,2026,2025,7,11,corn,united-states,Total Distribution,423610.0,1000 Metric Tons
09-21-2026,2026,2025,7,11,corn,united-states,Ending Stocks,39404.0,1000 Metric Tons
09-21-2026,2026,2025,7,11,corn,united-states,Domestic Consumption,311240.0,1000 Metric Tons
09-21-2026,2026,2025,7,11,corn,united-states,Food Seed and Industrial Consumption,173121.0,1000 Metric Tons
09-21-2026,2026,2025,7,11,corn,united-states,Feed Domestic Consumption,138119.0,1000 Metric Tons
09-21-2026,2026,2025,7,11,corn,united-states,Trade Year Exports,75680.0,1000 Metric Tons
09-21-2026,2026,2025,7,11,corn,united-states,Exports,72966.0,1000 Metric Tons
09-21-2026,2026,2025,7,11,corn,united-states,Total Supply,423610.0,1000 Metric Tons
09-21-2026,2026,2025,7,11,corn,united-states,Trade Year Imports From United States,0.0,1000 Metric Tons
09-21-2026,2026,2025,7,11,soybeans,bangladesh,Production,170.0,1000 Metric Tons
09-21-2026,2026,2025,7,11,soybeans,bangladesh,Beginning Stocks,131.0,1000 Metric Tons
09-21-2026,2026,2025,7,11,soybeans,bangladesh,Area Harvested,96.0,1000 Hectares
09-21-2026,2026,2025,4,8,soybeans,pakistan,Beginning Stocks,88.0,1000 Metric Tons
09-21-2026,2026,2025,4,8,soybeans,egypt,Exports,0.0,1000 Metric Tons
09-21-2026,2026,2025,4,8,soybeans,egypt,Crush,4500.0,1000 Metric Tons
09-21-2026,2026,2025,4,8,soybeans,egypt,Food Use Domestic Consumption,17.0,1000 Metric Tons
09-21-2026,2026,2025,4,8,soybeans,egypt,Feed Waste Domestic Consumption,25.0,1000 Metric Tons
09-21-2026,2026,2025,4,8,soybeans,egypt,Domestic Consumption,4542.0,1000 Metric Tons
09-21-2026,2026,2025,4,8,soybeans,egypt,Ending Stocks,341.0,1000 Metric Tons
09-21-2026,2026,2025,4,8,soybeans,egypt,Total Distribution,4883.0,1000 Metric Tons
09-21-2026,2026,2025,4,8,soybeans,egypt,Yield,2.8333,Yield (Metric Tons per Hectare)
09-21-2026,2026,2025,4,8,soybeans,pakistan,Area Harvested,1.0,1000 Hectares
09-21-2026,2026,2025,4,8,soybeans,pakistan,Production,1.0,1000 Metric Tons
09-21-2026,2026,2025,4,8,soybeans,pakistan,Yield,1.0,Yield (Metric Tons per Hectare)
09-21-2026,2026,2025,4,8,soybeans,pakistan,Imports,1939.0,1000 Metric Tons
09-21-2026,2026,2025,4,8,soybeans,pakistan,Total Supply,2028.0,1000 Metric Tons
09-21-2026,2026,2025,4,8,soybeans,pakistan,Exports,0.0,1000 Metric Tons
09-21-2026,2026,2025,4,8,soybeans,pakistan,Crush,1800.0,1000 Metric Tons
09-21-2026,2026,2025,4,8,soybeans,pakistan,Food Use Domestic Consumption,0.0,1000 Metric Tons
09-21-2026,2026,2025,4,8,soybeans,pakistan,Feed Waste Domestic Consumption,20.0,1000 Metric Tons
09-21-2026,2026,2025,4,8,soybeans,pakistan,Domestic Consumption,1820.0,1000 Metric Tons
09-21-2026,2026,2025,4,8,soybeans,pakistan,Ending Stocks,208.0,1000 Metric Tons
09-21-2026,2026,2025,4,8,soybeans,pakistan,Total Distribution,2028.0,1000 Metric Tons
09-21-2026,2026,2025,7,11,corn,united-states,Trade Year Imports,520.0,1000 Metric Tons
09-21-2026,2026,2025,7,11,corn,united-states,Imports,550.0,1000 Metric Tons
09-21-2026,2026,2025,7,11,corn,united-states,Production,378268.0,1000 Metric Tons
09-21-2026,2026,2025,9,12,soybean-meal,world,Industrial Domestic Consumption,1360.0,1000 Metric Tons
09-21-2026,2026,2025,9,12,soybean-meal,world,Total Distribution,373952.0,1000 Metric Tons
09-21-2026,2026,2025,9,12,soybean-meal,world,Ending Stocks,17943.0,1000 Metric Tons
09-21-2026,2026,2025,9,12,soybean-meal,world,Domestic Consumption,273121.0,1000 Metric Tons
09-21-2026,2026,2025,9,1,soybeans,world,Domestic Consumption,412078.0,1000 Metric Tons
09-21-2026,2026,2025,9,1,soybeans,world,Ending Stocks,125945.0,1000 Metric Tons
09-21-2026,2026,2025,9,1,soybeans,world,Total Distribution,722353.0,1000 Metric Tons
09-21-2026,2026,2025,9,1,soybeans,world,Yield,2.9297,Yield (Metric Tons per Hectare)
09-21-2026,2026,2025,9,12,soybean-meal,world,Feed Waste Domestic Consumption,270875.0,1000 Metric Tons
09-21-2026,2026,2025,9,12,soybean-meal,world,Food Use Domestic Consumption,886.0,1000 Metric Tons
09-21-2026,2026,2025,9,12,soybean-meal,world,Exports,82888.0,1000 Metric Tons
09-21-2026,2026,2025,9,12,soybean-oil,world,Crush,359161.0,1000 Metric Tons
09-21-2026,2026,2025,9,12,soybean-meal,world,Total Supply,373952.0,1000 Metric Tons
09-21-2026,2026,2025,9,12,soybean-meal,world,Imports,77881.0,1000 Metric Tons
09-21-2026,2026,2025,9,12,soybean-meal,world,Production,281754.0,1000 Metric Tons
09-21-2026,2026,2025,9,12,soybean-meal,world,Beginning Stocks,14317.0,1000 Metric Tons
09-21-2026,2026,2025,9,12,soybean-meal,world,Extraction Rate,0.7845,Percentage (%)
09-21-2026,2026,2025,9,12,soybean-meal,world,Crush,359161.0,1000 Metric Tons
09-21-2026,2026,2025,8,3,wheat,thailand,Trade Year Exports,353.0,1000 Metric Tons
09-21-2026,2026,2025,8,3,wheat,thailand,Exports,353.0,1000 Metric Tons
09-21-2026,2026,2025,8,3,wheat,thailand,Total Supply,5356.0,1000 Metric Tons
09-21-2026,2026,2025,9,12,soybean-meal,world,Soybean Meal Equivalent,270875.0,1000 Metric Tons
09-21-2026,2026,2025,9,12,soybean-oil,world,Extraction Rate,0.1951,Percentage (%)
09-21-2026,2026,2025,7,11,corn,united-states,Beginning Stocks,44792.0,1000 Metric Tons
09-21-2026,2026,2025,9,1,soybeans,world,Crush,359161.0,1000 Metric Tons
09-21-2026,2026,2025,7,11,corn,united-states,Area Harvested,33608.0,1000 Hectares
09-21-2026,2026,2025,9,1,soybeans,world,Area Harvested,146128.0,1000 Hectares
09-21-2026,2026,2025,9,1,soybeans,world,Beginning Stocks,115096.0,1000 Metric Tons
09-21-2026,2026,2025,9,1,soybeans,world,Production,428112.0,1000 Metric Tons
09-21-2026,2026,2025,9,1,soybeans,world,Imports,179145.0,1000 Metric Tons
09-21-2026,2026,2025,9,1,soybeans,world,Total Supply,722353.0,1000 Metric Tons
09-21-2026,2026,2025,9,1,soybeans,world,Exports,184330.0,1000 Metric Tons
09-21-2026,2026,2025,9,12,soybean-oil,world,Total Distribution,89962.0,1000 Metric Tons
09-21-2026,2026,2025,9,12,soybean-oil,world,Ending Stocks,6436.0,1000 Metric Tons
09-21-2026,2026,2025,9,1,soybeans,world,Food Use Domestic Consumption,24597.0,1000 Metric Tons
09-21-2026,2026,2025,9,12,soybean-oil,world,Beginning Stocks,5713.0,1000 Metric Tons
09-21-2026,2026,2025,9,1,soybeans,world,Feed Waste Domestic Consumption,28320.0,1000 Metric Tons
09-21-2026,2026,2025,9,12,soybean-oil,world,Domestic Consumption,68268.0,1000 Metric Tons
09-21-2026,2026,2025,9,12,soybean-oil,world,Feed Waste Domestic Consumption,85.0,1000 Metric Tons
09-21-2026,2026,2025,9,12,soybean-oil,world,Food Use Domestic Consumption,52742.0,1000 Metric Tons
09-21-2026,2026,2025,9,12,soybean-oil,world,Industrial Domestic Consumption,15441.0,1000 Metric Tons
09-21-2026,2026,2025,9,12,soybean-oil,world,Exports,15258.0,1000 Metric Tons
09-21-2026,2026,2025,9,12,soybean-oil,world,Total Supply,89962.0,1000 Metric Tons
09-21-2026,2026,2025,9,12,soybean-oil,world,Imports,14184.0,1000 Metric Tons
09-21-2026,2026,2025,9,12,soybean-oil,world,Production,70065.0,1000 Metric Tons
09-21-2026,2026,2025,4,8,soybeans,egypt,Total Supply,4883.0,1000 Metric Tons
09-21-2026,2026,2025,4,8,soybeans,egypt,Production,85.0,1000 Metric Tons
09-21-2026,2026,2025,8,3,wheat,thailand,Trade Year Imports,4684.0,1000 Metric Tons
09-21-2026,2026,2025,4,8,soybeans,egypt,Beginning Stocks,255.0,1000 Metric Tons
09-21-2026,2026,2025,7,11,soybeans,canada,Ending Stocks,598.0,1000 Metric Tons
09-21-2026,2026,2025,7,11,soybeans,canada,Total Distribution,8530.0,1000 Metric Tons
09-21-2026,2026,2025,7,11,soybeans,canada,Yield,3.3747,Yield (Metric Tons per Hectare)
09-21-2026,2026,2025,4,8,soybeans,philippines,Area Harvested,1.0,1000 Hectares
09-21-2026,2026,2025,4,8,soybeans,philippines,Beginning Stocks,14.0,1000 Metric Tons
09-21-2026,2026,2025,4,8,soybeans,philippines,Production,1.0,1000 Metric Tons
09-21-2026,2026,2025,4,8,soybeans,philippines,Imports,136.0,1000 Metric Tons
09-21-2026,2026,2025,4,8,soybeans,philippines,Total Supply,151.0,1000 Metric Tons
09-21-2026,2026,2025,4,8,soybeans,philippines,Exports,0.0,1000 Metric Tons
09-21-2026,2026,2025,4,8,soybeans,philippines,Crush,60.0,1000 Metric Tons
09-21-2026,2026,2025,4,8,soybeans,philippines,Food Use Domestic Consumption,31.0,1000 Metric Tons
09-21-2026,2026,2025,4,8,soybeans,philippines,Feed Waste Domestic Consumption,50.0,1000 Metric Tons
09-21-2026,2026,2025,4,8,soybeans,philippines,Domestic Consumption,141.0,1000 Metric Tons
09-21-2026,2026,2025,4,8,soybeans,philippines,Ending Stocks,10.0,1000 Metric Tons
09-21-2026,2026,2025,4,8,soybeans,philippines,Total Distribution,151.0,1000 Metric Tons
09-21-2026,2026,2025,4,8,soybeans,philippines,Yield,1.0,Yield (Metric Tons per Hectare)
09-21-2026,2026,2025,4,8,soybeans,nigeria,Area Harvested,1350.0,1000 Hectares
09-21-2026,2026,2025,4,8,soybeans,nigeria,Beginning Stocks,83.0,1000 Metric Tons
09-21-2026,2026,2025,4,8,soybeans,nigeria,Production,1400.0,1000 Metric Tons
09-21-2026,2026,2025,4,8,soybeans,nigeria,Imports,193.0,1000 Metric Tons
09-21-2026,2026,2025,4,8,soybeans,nigeria,Total Supply,1676.0,1000 Metric Tons
09-21-2026,2026,2025,7,11,soybeans,canada,Domestic Consumption,2381.0,1000 Metric Tons
09-21-2026,2026,2025,7,11,soybeans,canada,Feed Waste Domestic Consumption,703.0,1000 Metric Tons
09-21-2026,2026,2025,7,11,soybeans,canada,Food Use Domestic Consumption,0.0,1000 Metric Tons
09-21-2026,2026,2025,5,9,soybeans,vietnam,Feed Waste Domestic Consumption,270.0,1000 Metric Tons
09-21-2026,2026,2025,4,8,soybeans,guatemala,Yield,2.5714,Yield (Metric Tons per Hectare)
09-21-2026,2026,2025,5,9,soybeans,vietnam,Area Harvested,26.0,1000 Hectares
09-21-2026,2026,2025,5,9,soybeans,vietnam,Beginning Stocks,460.0,1000 Metric Tons
09-21-2026,2026,2025,5,9,soybeans,vietnam,Production,43.0,1000 Metric Tons
09-21-2026,2026,2025,5,9,soybeans,vietnam,Imports,2609.0,1000 Metric Tons
09-21-2026,2026,2025,5,9,soybeans,vietnam,Total Supply,3112.0,1000 Metric Tons
09-21-2026,2026,2025,5,9,soybeans,vietnam,Exports,0.0,1000 Metric Tons
09-21-2026,2026,2025,5,9,soybeans,vietnam,Crush,1850.0,1000 Metric Tons
09-21-2026,2026,2025,5,9,soybeans,vietnam,Food Use Domestic Consumption,540.0,1000 Metric Tons
09-21-2026,2026,2025,5,9,soybeans,vietnam,Domestic Consumption,2660.0,1000 Metric Tons
09-21-2026,2026,2025,7,11,soybeans,canada,Crush,1678.0,1000 Metric Tons
09-21-2026,2026,2025,5,9,soybeans,vietnam,Ending Stocks,452.0,1000 Metric Tons
09-21-2026,2026,2025,5,9,soybeans,vietnam,Total Distribution,3112.0,1000 Metric Tons
09-21-2026,2026,2025,5,9,soybeans,vietnam,Yield,1.6538,Yield (Metric Tons per Hectare)
09-21-2026,2026,2025,7,11,soybeans,canada,Area Harvested,2290.0,1000 Hectares
09-21-2026,2026,2025,7,11,soybeans,canada,Beginning Stocks,552.0,1000 Metric Tons
09-21-2026,2026,2025,7,11,soybeans,canada,Production,7728.0,1000 Metric Tons
09-21-2026,2026,2025,7,11,soybeans,canada,Imports,250.0,1000 Metric Tons
09-21-2026,2026,2025,7,11,soybeans,canada,Total Supply,8530.0,1000 Metric Tons
09-21-2026,2026,2025,7,11,soybeans,canada,Exports,5551.0,1000 Metric Tons
09-21-2026,2026,2025,4,8,soybeans,nigeria,Exports,5.0,1000 Metric Tons
09-21-2026,2026,2025,4,8,soybeans,nigeria,Crush,950.0,1000 Metric Tons
09-21-2026,2026,2025,4,8,soybeans,nigeria,Food Use Domestic Consumption,225.0,1000 Metric Tons
09-21-2026,2026,2025,4,8,soybeans,china,Imports,108000.0,1000 Metric Tons
09-21-2026,2026,2025,4,8,soybeans,thailand,Food Use Domestic Consumption,280.0,1000 Metric Tons
09-21-2026,2026,2025,4,8,soybeans,thailand,Feed Waste Domestic Consumption,940.0,1000 Metric Tons
09-21-2026,2026,2025,4,8,soybeans,thailand,Domestic Consumption,3920.0,1000 Metric Tons
09-21-2026,2026,2025,4,8,soybeans,thailand,Ending Stocks,476.0,1000 Metric Tons
09-21-2026,2026,2025,4,8,soybeans,thailand,Total Distribution,4396.0,1000 Metric Tons
09-21-2026,2026,2025,4,8,soybeans,thailand,Yield,1.625,Yield (Metric Tons per Hectare)
09-21-2026,2026,2025,4,8,soybeans,china,Area Harvested,10333.0,1000 Hectares
09-21-2026,2026,2025,4,8,soybeans,china,Beginning Stocks,43311.0,1000 Metric Tons
09-21-2026,2026,2025,4,8,soybeans,china,Production,20650.0,1000 Metric Tons
09-21-2026,2026,2025,5,8,soybean-meal,colombia,Crush,530.0,1000 Metric Tons
09-21-2026,2026,2025,4,8,soybeans,thailand,Exports,0.0,1000 Metric Tons
09-21-2026,2026,2025,4,8,soybeans,china,Exports,72.0,1000 Metric Tons
09-21-2026,2026,2025,4,8,soybeans,china,Crush,103500.0,1000 Metric Tons
09-21-2026,2026,2025,4,8,soybeans,china,Food Use Domestic Consumption,17600.0,1000 Metric Tons
09-21-2026,2026,2025,4,8,soybeans,china,Feed Waste Domestic Consumption,6300.0,1000 Metric Tons
09-21-2026,2026,2025,4,8,soybeans,china,Domestic Consumption,127400.0,1000 Metric Tons
09-21-2026,2026,2025,4,8,soybeans,china,Ending Stocks,44489.0,1000 Metric Tons
09-21-2026,2026,2025,4,8,soybeans,china,Total Distribution,171961.0,1000 Metric Tons
09-21-2026,2026,2025,4,8,soybeans,china,Yield,1.9985,Yield (Metric Tons per Hectare)
09-21-2026,2026,2025,4,8,soybeans,egypt,Area Harvested,30.0,1000 Hectares
09-21-2026,2026,2025,4,8,soybeans,thailand,Crush,2700.0,1000 Metric Tons
09-21-2026,2026,2025,4,8,soybeans,thailand,Total Supply,4396.0,1000 Metric Tons
09-21-2026,2026,2025,4,8,soybeans,nigeria,Feed Waste Domestic Consumption,250.0,1000 Metric Tons
09-21-2026,2026,2025,4,8,soybeans,indonesia,Exports,3.0,1000 Metric Tons
09-21-2026,2026,2025,4,8,soybeans,nigeria,Domestic Consumption,1425.0,1000 Metric Tons
09-21-2026,2026,2025,4,8,soybeans,nigeria,Ending Stocks,246.0,1000 Metric Tons
09-21-2026,2026,2025,4,8,soybeans,nigeria,Total Distribution,1676.0,1000 Metric Tons
09-21-2026,2026,2025,4,8,soybeans,nigeria,Yield,1.037,Yield (Metric Tons per Hectare)
09-21-2026,2026,2025,4,8,soybeans,indonesia,Area Harvested,310.0,1000 Hectares
09-21-2026,2026,2025,4,8,soybeans,indonesia,Beginning Stocks,129.0,1000 Metric Tons
09-21-2026,2026,2025,4,8,soybeans,indonesia,Production,350.0,1000 Metric Tons
09-21-2026,2026,2025,4,8,soybeans,indonesia,Imports,2439.0,1000 Metric Tons
09-21-2026,2026,2025,4,8,soybeans,indonesia,Total Supply,2918.0,1000 Metric Tons
09-21-2026,2026,2025,4,8,soybeans,indonesia,Crush,0.0,1000 Metric Tons
09-21-2026,2026,2025,4,8,soybeans,thailand,Imports,4190.0,1000 Metric Tons
09-21-2026,2026,2025,4,8,soybeans,indonesia,Food Use Domestic Consumption,2600.0,1000 Metric Tons
09-21-2026,2026,2025,4,8,soybeans,indonesia,Feed Waste Domestic Consumption,150.0,1000 Metric Tons
09-21-2026,2026,2025,4,8,soybeans,indonesia,Domestic Consumption,2750.0,1000 Metric Tons
09-21-2026,2026,2025,4,8,soybeans,indonesia,Ending Stocks,165.0,1000 Metric Tons
09-21-2026,2026,2025,4,8,soybeans,indonesia,Total Distribution,2918.0,1000 Metric Tons
09-21-2026,2026,2025,4,8,soybeans,indonesia,Yield,1.129,Yield (Metric Tons per Hectare)
09-21-2026,2026,2025,4,8,soybeans,thailand,Area Harvested,32.0,1000 Hectares
09-21-2026,2026,2025,4,8,soybeans,thailand,Beginning Stocks,154.0,1000 Metric Tons
09-21-2026,2026,2025,4,8,soybeans,thailand,Production,52.0,1000 Metric Tons
09-21-2026,2026,2025,8,3,wheat,thailand,Trade Year Imports From United States,882.0,1000 Metric Tons
09-21-2026,2026,2025,8,3,wheat,thailand,Imports,4684.0,1000 Metric Tons
09-21-2026,2026,2025,4,8,soybeans,guatemala,Ending Stocks,0.0,1000 Metric Tons
09-21-2026,2026,2025,4,11,wheat,japan,Food Seed and Industrial Consumption,5550.0,1000 Metric Tons
09-21-2026,2026,2025,9,4,wheat,mexico,Total Supply,8840.0,1000 Metric Tons
09-21-2026,2026,2025,9,4,wheat,mexico,Exports,135.0,1000 Metric Tons
09-21-2026,2026,2025,9,4,wheat,mexico,Trade Year Exports,135.0,1000 Metric Tons
09-21-2026,2026,2025,9,4,wheat,mexico,Feed Domestic Consumption,650.0,1000 Metric Tons
09-21-2026,2026,2025,9,4,wheat,mexico,Food Seed and Industrial Consumption,7400.0,1000 Metric Tons
09-21-2026,2026,2025,9,4,wheat,mexico,Domestic Consumption,8050.0,1000 Metric Tons
09-21-2026,2026,2025,9,4,wheat,mexico,Ending Stocks,655.0,1000 Metric Tons
09-21-2026,2026,2025,9,4,wheat,mexico,Total Distribution,8840.0,1000 Metric Tons
09-21-2026,2026,2025,9,4,wheat,mexico,Yield,5.6581,Yield (Metric Tons per Hectare)
09-21-2026,2026,2025,9,4,wheat,nigeria,Area Harvested,110.0,1000 Hectares
09-21-2026,2026,2025,9,4,wheat,nigeria,Beginning Stocks,445.0,1000 Metric Tons
09-21-2026,2026,2025,9,4,wheat,nigeria,Production,125.0,1000 Metric Tons
09-21-2026,2026,2025,9,4,wheat,nigeria,Imports,6227.0,1000 Metric Tons
09-21-2026,2026,2025,9,4,wheat,nigeria,Trade Year Imports,6227.0,1000 Metric Tons
09-21-2026,2026,2025,9,4,wheat,nigeria,Trade Year Imports From United States,916.0,1000 Metric Tons
09-21-2026,2026,2025,9,4,wheat,nigeria,Total Supply,6797.0,1000 Metric Tons
09-21-2026,2026,2025,9,4,wheat,nigeria,Exports,380.0,1000 Metric Tons
09-21-2026,2026,2025,9,4,wheat,nigeria,Trade Year Exports,380.0,1000 Metric Tons
09-21-2026,2026,2025,9,4,wheat,nigeria,Feed Domestic Consumption,0.0,1000 Metric Tons
09-21-2026,2026,2025,9,4,wheat,nigeria,Food Seed and Industrial Consumption,5900.0,1000 Metric Tons
09-21-2026,2026,2025,9,4,wheat,nigeria,Domestic Consumption,5900.0,1000 Metric Tons
09-21-2026,2026,2025,9,4,wheat,mexico,Trade Year Imports From United States,4209.0,1000 Metric Tons
09-21-2026,2026,2025,9,4,wheat,mexico,Trade Year Imports,5642.0,1000 Metric Tons
09-21-2026,2026,2025,9,4,wheat,mexico,Imports,5642.0,1000 Metric Tons
09-21-2026,2026,2025,9,4,wheat,world,Trade Year Exports,204984.0,1000 Metric Tons
09-21-2026,2026,2025,4,11,wheat,japan,Ending Stocks,1121.0,1000 Metric Tons
09-21-2026,2026,2025,4,11,wheat,japan,Total Distribution,7736.0,1000 Metric Tons
09-21-2026,2026,2025,4,11,wheat,japan,Yield,4.6078,Yield (Metric Tons per Hectare)
09-21-2026,2026,2025,9,4,wheat,world,Yield,3.5975,Yield (Metric Tons per Hectare)
09-21-2026,2026,2025,9,4,wheat,world,Total Distribution,1270896.0,1000 Metric Tons
09-21-2026,2026,2025,9,4,wheat,world,Ending Stocks,260590.0,1000 Metric Tons
09-21-2026,2026,2025,9,4,wheat,world,Domestic Consumption,799403.0,1000 Metric Tons
09-21-2026,2026,2025,9,4,wheat,world,Food Seed and Industrial Consumption,642123.0,1000 Metric Tons
09-21-2026,2026,2025,9,4,wheat,world,Feed Domestic Consumption,157280.0,1000 Metric Tons
09-21-2026,2026,2025,9,4,wheat,world,Exports,210903.0,1000 Metric Tons
09-21-2026,2026,2025,9,4,wheat,mexico,Production,2648.0,1000 Metric Tons
09-21-2026,2026,2025,9,4,wheat,world,Total Supply,1270896.0,1000 Metric Tons
09-21-2026,2026,2025,9,4,wheat,world,Trade Year Imports From United States,22645.0,1000 Metric Tons
09-21-2026,2026,2025,9,4,wheat,world,Trade Year Imports,201723.0,1000 Metric Tons
09-21-2026,2026,2025,9,4,wheat,world,Imports,201853.0,1000 Metric Tons
09-21-2026,2026,2025,9,4,wheat,world,Production,799099.0,1000 Metric Tons
09-21-2026,2026,2025,9,4,wheat,world,Beginning Stocks,269944.0,1000 Metric Tons
09-21-2026,2026,2025,9,4,wheat,world,Area Harvested,222129.0,1000 Hectares
09-21-2026,2026,2025,9,4,wheat,mexico,Area Harvested,468.0,1000 Hectares
09-21-2026,2026,2025,9,4,wheat,mexico,Beginning Stocks,550.0,1000 Metric Tons
09-21-2026,2026,2025,9,4,wheat,nigeria,Ending Stocks,517.0,1000 Metric Tons
09-21-2026,2026,2025,9,4,wheat,nigeria,Total Distribution,6797.0,1000 Metric Tons
09-21-2026,2026,2025,9,4,wheat,nigeria,Yield,1.1364,Yield (Metric Tons per Hectare)
09-21-2026,2026,2025,8,3,wheat,taiwan,Trade Year Imports,1376.0,1000 Metric Tons
09-21-2026,2026,2025,8,3,wheat,south-korea,Food Seed and Industrial Consumption,2395.0,1000 Metric Tons
09-21-2026,2026,2025,8,3,wheat,south-korea,Domestic Consumption,4084.0,1000 Metric Tons
09-21-2026,2026,2025,8,3,wheat,south-korea,Ending Stocks,1677.0,1000 Metric Tons
09-21-2026,2026,2025,8,3,wheat,south-korea,Total Distribution,6351.0,1000 Metric Tons
09-21-2026,2026,2025,8,3,wheat,south-korea,Yield,3.7,Yield (Metric Tons per Hectare)
09-21-2026,2026,2025,8,3,wheat,taiwan,Area Harvested,2.0,1000 Hectares
09-21-2026,2026,2025,8,3,wheat,taiwan,Beginning Stocks,119.0,1000 Metric Tons
09-21-2026,2026,2025,8,3,wheat,taiwan,Production,2.0,1000 Metric Tons
09-21-2026,2026,2025,8,3,wheat,taiwan,Imports,1376.0,1000 Metric Tons
09-21-2026,2026,2025,8,3,wheat,taiwan,Trade Year Imports From United States,1094.0,1000 Metric Tons
09-21-2026,2026,2025,8,3,wheat,south-korea,Trade Year Exports,590.0,1000 Metric Tons
09-21-2026,2026,2025,8,3,wheat,taiwan,Total Supply,1497.0,1000 Metric Tons
09-21-2026,2026,2025,8,3,wheat,taiwan,Exports,66.0,1000 Metric Tons
09-21-2026,2026,2025,8,3,wheat,taiwan,Trade Year Exports,66.0,1000 Metric Tons
09-21-2026,2026,2025,8,3,wheat,taiwan,Feed Domestic Consumption,75.0,1000 Metric Tons
09-21-2026,2026,2025,8,3,wheat,taiwan,Food Seed and Industrial Consumption,1200.0,1000 Metric Tons
09-21-2026,2026,2025,8,3,wheat,taiwan,Domestic Consumption,1275.0,1000 Metric Tons
09-21-2026,2026,2025,8,3,wheat,taiwan,Ending Stocks,156.0,1000 Metric Tons
09-21-2026,2026,2025,8,3,wheat,taiwan,Total Distribution,1497.0,1000 Metric Tons
09-21-2026,2026,2025,8,3,wheat,taiwan,Yield,1.0,Yield (Metric Tons per Hectare)
09-21-2026,2026,2025,8,3,wheat,south-korea,Feed Domestic Consumption,1689.0,1000 Metric Tons
09-21-2026,2026,2025,8,3,wheat,south-korea,Exports,590.0,1000 Metric Tons
09-21-2026,2026,2025,7,2,wheat,pakistan,Area Harvested,9734.0,1000 Hectares
09-21-2026,2026,2025,7,2,wheat,pakistan,Food Seed and Industrial Consumption,28800.0,1000 Metric Tons
09-21-2026,2026,2025,7,2,wheat,pakistan,Beginning Stocks,4970.0,1000 Metric Tons
09-21-2026,2026,2025,7,2,wheat,pakistan,Production,31814.0,1000 Metric Tons
09-21-2026,2026,2025,7,2,wheat,pakistan,Imports,3.0,1000 Metric Tons
09-21-2026,2026,2025,7,2,wheat,pakistan,Trade Year Imports,3.0,1000 Metric Tons
09-21-2026,2026,2025,7,2,wheat,pakistan,Trade Year Imports From United States,0.0,1000 Metric Tons
09-21-2026,2026,2025,7,2,wheat,pakistan,Total Supply,36787.0,1000 Metric Tons
09-21-2026,2026,2025,7,2,wheat,pakistan,Exports,500.0,1000 Metric Tons
09-21-2026,2026,2025,7,2,wheat,pakistan,Trade Year Exports,500.0,1000 Metric Tons
09-21-2026,2026,2025,7,2,wheat,pakistan,Feed Domestic Consumption,2200.0,1000 Metric Tons
09-21-2026,2026,2025,7,2,wheat,pakistan,Domestic Consumption,31000.0,1000 Metric Tons
09-21-2026,2026,2025,8,3,wheat,south-korea,Total Supply,6351.0,1000 Metric Tons
09-21-2026,2026,2025,7,2,wheat,pakistan,Ending Stocks,5287.0,1000 Metric Tons
09-21-2026,2026,2025,7,2,wheat,pakistan,Total Distribution,36787.0,1000 Metric Tons
09-21-2026,2026,2025,7,2,wheat,pakistan,Yield,3.2683,Yield (Metric Tons per Hectare)
09-21-2026,2026,2025,8,3,wheat,south-korea,Area Harvested,10.0,1000 Hectares
09-21-2026,2026,2025,8,3,wheat,south-korea,Beginning Stocks,1718.0,1000 Metric Tons
09-21-2026,2026,2025,8,3,wheat,south-korea,Production,37.0,1000 Metric Tons
09-21-2026,2026,2025,8,3,wheat,south-korea,Imports,4596.0,1000 Metric Tons
09-21-2026,2026,2025,8,3,wheat,south-korea,Trade Year Imports,4596.0,1000 Metric Tons
09-21-2026,2026,2025,8,3,wheat,south-korea,Trade Year Imports From United States,2283.0,1000 Metric Tons
09-21-2026,2026,2025,4,11,wheat,japan,Domestic Consumption,6280.0,1000 Metric Tons
09-21-2026,2026,2025,4,11,wheat,japan,Feed Domestic Consumption,730.0,1000 Metric Tons
09-21-2026,2026,2025,8,3,wheat,thailand,Production,0.0,1000 Metric Tons
09-21-2026,2026,2025,4,11,wheat,japan,Trade Year Exports,335.0,1000 Metric Tons
09-21-2026,2026,2025,5,8,soybean-oil,mexico,Feed Waste Domestic Consumption,0.0,1000 Metric Tons
09-21-2026,2026,2025,5,8,soybean-oil,mexico,Domestic Consumption,1310.0,1000 Metric Tons
09-21-2026,2026,2025,5,8,soybean-oil,mexico,Ending Stocks,164.0,1000 Metric Tons
09-21-2026,2026,2025,5,8,soybean-oil,mexico,Total Distribution,1514.0,1000 Metric Tons
09-21-2026,2026,2025,5,8,soybean-oil,japan,Crush,2512.0,1000 Metric Tons
09-21-2026,2026,2025,5,8,soybean-oil,japan,Extraction Rate,0.2018,Percentage (%)
09-21-2026,2026,2025,5,8,soybean-oil,japan,Beginning Stocks,21.0,1000 Metric Tons
09-21-2026,2026,2025,5,8,soybean-oil,japan,Production,507.0,1000 Metric Tons
09-21-2026,2026,2025,5,8,soybean-oil,japan,Imports,1.0,1000 Metric Tons
09-21-2026,2026,2025,5,8,soybean-oil,japan,Total Supply,529.0,1000 Metric Tons
09-21-2026,2026,2025,5,8,soybean-oil,japan,Exports,0.0,1000 Metric Tons
09-21-2026,2026,2025,5,8,soybean-oil,japan,Industrial Domestic Consumption,35.0,1000 Metric Tons
09-21-2026,2026,2025,5,8,soybean-oil,japan,Food Use Domestic Consumption,474.0,1000 Metric Tons
09-21-2026,2026,2025,5,8,soybean-oil,japan,Feed Waste Domestic Consumption,0.0,1000 Metric Tons
09-21-2026,2026,2025,5,8,soybean-oil,japan,Domestic Consumption,509.0,1000 Metric Tons
09-21-2026,2026,2025,5,8,soybean-oil,japan,Ending Stocks,20.0,1000 Metric Tons
09-21-2026,2026,2025,5,8,soybean-oil,japan,Total Distribution,529.0,1000 Metric Tons
09-21-2026,2026,2025,5,8,soybean-oil,south-korea,Crush,950.0,1000 Metric Tons
09-21-2026,2026,2025,5,8,soybean-oil,south-korea,Extraction Rate,0.2021,Percentage (%)
09-21-2026,2026,2025,5,8,soybean-oil,south-korea,Beginning Stocks,94.0,1000 Metric Tons
09-21-2026,2026,2025,5,8,soybean-oil,south-korea,Production,192.0,1000 Metric Tons
09-21-2026,2026,2025,5,8,soybean-oil,mexico,Food Use Domestic Consumption,1310.0,1000 Metric Tons
09-21-2026,2026,2025,5,8,soybean-oil,mexico,Industrial Domestic Consumption,0.0,1000 Metric Tons
09-21-2026,2026,2025,5,8,soybean-oil,mexico,Exports,40.0,1000 Metric Tons
09-21-2026,2026,2025,7,10,soybean-oil,united-states,Industrial Domestic Consumption,5333.0,1000 Metric Tons
09-21-2026,2026,2025,8,3,wheat,thailand,Beginning Stocks,672.0,1000 Metric Tons
09-21-2026,2026,2025,8,3,wheat,thailand,Area Harvested,0.0,1000 Hectares
09-21-2026,2026,2025,7,10,soybean-oil,united-states,Crush,66546.0,1000 Metric Tons
09-21-2026,2026,2025,7,10,soybean-oil,united-states,Extraction Rate,0.1992,Percentage (%)
09-21-2026,2026,2025,7,10,soybean-oil,united-states,Beginning Stocks,703.0,1000 Metric Tons
09-21-2026,2026,2025,7,10,soybean-oil,united-states,Production,13253.0,1000 Metric Tons
09-21-2026,2026,2025,7,10,soybean-oil,united-states,Imports,164.0,1000 Metric Tons
09-21-2026,2026,2025,7,10,soybean-oil,united-states,Total Supply,14120.0,1000 Metric Tons
09-21-2026,2026,2025,7,10,soybean-oil,united-states,Exports,1121.0,1000 Metric Tons
09-21-2026,2026,2025,7,10,soybean-oil,united-states,Food Use Domestic Consumption,6874.0,1000 Metric Tons
09-21-2026,2026,2025,5,8,soybean-oil,mexico,Total Supply,1514.0,1000 Metric Tons
09-21-2026,2026,2025,7,10,soybean-oil,united-states,Feed Waste Domestic Consumption,0.0,1000 Metric Tons
09-21-2026,2026,2025,7,10,soybean-oil,united-states,Domestic Consumption,12207.0,1000 Metric Tons
09-21-2026,2026,2025,7,10,soybean-oil,united-states,Ending Stocks,792.0,1000 Metric Tons
09-21-2026,2026,2025,7,10,soybean-oil,united-states,Total Distribution,14120.0,1000 Metric Tons
09-21-2026,2026,2025,5,8,soybean-oil,mexico,Crush,6650.0,1000 Metric Tons
09-21-2026,2026,2025,5,8,soybean-oil,mexico,Extraction Rate,0.1845,Percentage (%)
09-21-2026,2026,2025,5,8,soybean-oil,mexico,Beginning Stocks,114.0,1000 Metric Tons
09-21-2026,2026,2025,5,8,soybean-oil,mexico,Production,1227.0,1000 Metric Tons
09-21-2026,2026,2025,5,8,soybean-oil,mexico,Imports,173.0,1000 Metric Tons
09-21-2026,2026,2025,5,8,soybean-oil,south-korea,Imports,482.0,1000 Metric Tons
09-21-2026,2026,2025,5,8,soybean-oil,south-korea,Total Supply,768.0,1000 Metric Tons
09-21-2026,2026,2025,5,8,soybean-oil,south-korea,Exports,2.0,1000 Metric Tons
09-21-2026,2026,2025,5,12,wheat,indonesia,Ending Stocks,1488.0,1000 Metric Tons
09-21-2026,2026,2025,5,12,wheat,indonesia,Imports,10452.0,1000 Metric Tons
09-21-2026,2026,2025,5,12,wheat,indonesia,Trade Year Imports,10452.0,1000 Metric Tons
09-21-2026,2026,2025,5,12,wheat,indonesia,Trade Year Imports From United States,752.0,1000 Metric Tons
09-21-2026,2026,2025,5,12,wheat,indonesia,Total Supply,12691.0,1000 Metric Tons
09-21-2026,2026,2025,5,12,wheat,indonesia,Exports,403.0,1000 Metric Tons
09-21-2026,2026,2025,5,12,wheat,indonesia,Trade Year Exports,403.0,1000 Metric Tons
09-21-2026,2026,2025,5,12,wheat,indonesia,Feed Domestic Consumption,1400.0,1000 Metric Tons
09-21-2026,2026,2025,5,12,wheat,indonesia,Food Seed and Industrial Consumption,9400.0,1000 Metric Tons
09-21-2026,2026,2025,5,12,wheat,indonesia,Domestic Consumption,10800.0,1000 Metric Tons
09-21-2026,2026,2025,5,12,wheat,indonesia,Total Distribution,12691.0,1000 Metric Tons
09-21-2026,2026,2025,5,12,wheat,indonesia,Beginning Stocks,2239.0,1000 Metric Tons
09-21-2026,2026,2025,5,12,wheat,indonesia,Yield,0.0,Yield (Metric Tons per Hectare)
09-21-2026,2026,2025,4,11,wheat,japan,Area Harvested,232.0,1000 Hectares
09-21-2026,2026,2025,4,11,wheat,japan,Beginning Stocks,1094.0,1000 Metric Tons
09-21-2026,2026,2025,4,11,wheat,japan,Production,1069.0,1000 Metric Tons
09-21-2026,2026,2025,4,11,wheat,japan,Imports,5573.0,1000 Metric Tons
09-21-2026,2026,2025,4,11,wheat,japan,Trade Year Imports,5573.0,1000 Metric Tons
09-21-2026,2026,2025,4,11,wheat,japan,Trade Year Imports From United States,2148.0,1000 Metric Tons
09-21-2026,2026,2025,4,11,wheat,japan,Total Supply,7736.0,1000 Metric Tons
09-21-2026,2026,2025,4,11,wheat,japan,Exports,335.0,1000 Metric Tons
09-21-2026,2026,2025,5,12,wheat,indonesia,Production,0.0,1000 Metric Tons
09-21-2026,2026,2025,5,12,wheat,indonesia,Area Harvested,0.0,1000 Hectares
09-21-2026,2026,2025,5,8,soybean-oil,south-korea,Industrial Domestic Consumption,50.0,1000 Metric Tons
09-21-2026,2026,2025,5,8,soybean-oil,colombia,Imports,384.0,1000 Metric Tons
09-21-2026,2026,2025,5,8,soybean-oil,south-korea,Food Use Domestic Consumption,600.0,1000 Metric Tons
09-21-2026,2026,2025,5,8,soybean-oil,south-korea,Feed Waste Domestic Consumption,0.0,1000 Metric Tons
09-21-2026,2026,2025,5,8,soybean-oil,south-korea,Domestic Consumption,650.0,1000 Metric Tons
09-21-2026,2026,2025,5,8,soybean-oil,south-korea,Ending Stocks,116.0,1000 Metric Tons
09-21-2026,2026,2025,5,8,soybean-oil,south-korea,Total Distribution,768.0,1000 Metric Tons
09-21-2026,2026,2025,5,8,soybean-oil,colombia,Crush,530.0,1000 Metric Tons
09-21-2026,2026,2025,5,8,soybean-oil,colombia,Extraction Rate,0.1887,Percentage (%)
09-21-2026,2026,2025,5,8,soybean-oil,colombia,Beginning Stocks,67.0,1000 Metric Tons
09-21-2026,2026,2025,5,8,soybean-oil,colombia,Production,100.0,1000 Metric Tons
09-21-2026,2026,2025,5,8,soybean-oil,colombia,Total Supply,551.0,1000 Metric Tons
09-21-2026,2026,2025,5,8,soybean-oil,european-union,Beginning Stocks,659.0,1000 Metric Tons
09-21-2026,2026,2025,5,8,soybean-oil,colombia,Exports,85.0,1000 Metric Tons
09-21-2026,2026,2025,5,8,soybean-oil,colombia,Industrial Domestic Consumption,0.0,1000 Metric Tons
09-21-2026,2026,2025,5,8,soybean-oil,colombia,Food Use Domestic Consumption,400.0,1000 Metric Tons
09-21-2026,2026,2025,5,8,soybean-oil,colombia,Feed Waste Domestic Consumption,0.0,1000 Metric Tons
09-21-2026,2026,2025,5,8,soybean-oil,colombia,Domestic Consumption,400.0,1000 Metric Tons
09-21-2026,2026,2025,5,8,soybean-oil,colombia,Ending Stocks,66.0,1000 Metric Tons
09-21-2026,2026,2025,5,8,soybean-oil,colombia,Total Distribution,551.0,1000 Metric Tons
09-21-2026,2026,2025,5,8,soybean-oil,european-union,Crush,15400.0,1000 Metric Tons
09-21-2026,2026,2025,5,8,soybean-oil,european-union,Extraction Rate,0.19,Percentage (%)
09-21-2026,2026,2025,4,8,soybeans,guatemala,Total Distribution,36.0,1000 Metric Tons
09-21-2026,2026,2025,4,8,soybeans,china,Total Supply,171961.0,1000 Metric Tons
09-21-2026,2026,2025,4,8,soybeans,guatemala,Domestic Consumption,36.0,1000 Metric Tons
09-21-2026,2026,2025,5,8,soybean-meal,thailand,Total Supply,5165.0,1000 Metric Tons
09-21-2026,2026,2025,5,8,soybean-meal,nigeria,Ending Stocks,98.0,1000 Metric Tons
09-21-2026,2026,2025,5,8,soybean-meal,nigeria,Total Distribution,758.0,1000 Metric Tons
09-21-2026,2026,2025,5,8,soybean-meal,nigeria,Soybean Meal Equivalent,540.0,1000 Metric Tons
09-21-2026,2026,2025,5,8,soybean-meal,indonesia,Crush,0.0,1000 Metric Tons
09-21-2026,2026,2025,5,8,soybean-meal,indonesia,Extraction Rate,0.0,Percentage (%)
09-21-2026,2026,2025,5,8,soybean-meal,indonesia,Beginning Stocks,106.0,1000 Metric Tons
09-21-2026,2026,2025,5,8,soybean-meal,indonesia,Production,0.0,1000 Metric Tons
09-21-2026,2026,2025,5,8,soybean-meal,indonesia,Imports,6179.0,1000 Metric Tons
09-21-2026,2026,2025,5,8,soybean-meal,indonesia,Total Supply,6285.0,1000 Metric Tons
09-21-2026,2026,2025,5,8,soybean-meal,indonesia,Exports,0.0,1000 Metric Tons
09-21-2026,2026,2025,5,8,soybean-meal,indonesia,Industrial Domestic Consumption,0.0,1000 Metric Tons
09-21-2026,2026,2025,5,8,soybean-meal,indonesia,Food Use Domestic Consumption,0.0,1000 Metric Tons
09-21-2026,2026,2025,5,8,soybean-meal,indonesia,Feed Waste Domestic Consumption,5900.0,1000 Metric Tons
09-21-2026,2026,2025,5,8,soybean-meal,indonesia,Domestic Consumption,5900.0,1000 Metric Tons
09-21-2026,2026,2025,5,8,soybean-meal,indonesia,Ending Stocks,385.0,1000 Metric Tons
09-21-2026,2026,2025,5,8,soybean-meal,indonesia,Total Distribution,6285.0,1000 Metric Tons
09-21-2026,2026,2025,5,8,soybean-meal,indonesia,Soybean Meal Equivalent,5900.0,1000 Metric Tons
09-21-2026,2026,2025,5,8,soybean-meal,thailand,Crush,2700.0,1000 Metric Tons
09-21-2026,2026,2025,5,8,soybean-meal,thailand,Extraction Rate,0.7785,Percentage (%)
09-21-2026,2026,2025,5,8,soybean-meal,thailand,Beginning Stocks,124.0,1000 Metric Tons
09-21-2026,2026,2025,5,8,soybean-meal,thailand,Production,2102.0,1000 Metric Tons
09-21-2026,2026,2025,5,8,soybean-meal,nigeria,Domestic Consumption,540.0,1000 Metric Tons
09-21-2026,2026,2025,5,8,soybean-meal,nigeria,Feed Waste Domestic Consumption,540.0,1000 Metric Tons
09-21-2026,2026,2025,5,8,soybean-meal,nigeria,Food Use Domestic Consumption,0.0,1000 Metric Tons
09-21-2026,2026,2025,5,8,soybean-meal,philippines,Domestic Consumption,3220.0,1000 Metric Tons
09-21-2026,2026,2025,5,8,soybean-meal,philippines,Extraction Rate,0.7667,Percentage (%)
09-21-2026,2026,2025,5,8,soybean-meal,philippines,Beginning Stocks,217.0,1000 Metric Tons
09-21-2026,2026,2025,5,8,soybean-meal,philippines,Production,46.0,1000 Metric Tons
09-21-2026,2026,2025,5,8,soybean-meal,philippines,Imports,3189.0,1000 Metric Tons
09-21-2026,2026,2025,5,8,soybean-meal,philippines,Total Supply,3452.0,1000 Metric Tons
09-21-2026,2026,2025,5,8,soybean-meal,philippines,Exports,0.0,1000 Metric Tons
09-21-2026,2026,2025,5,8,soybean-meal,philippines,Industrial Domestic Consumption,0.0,1000 Metric Tons
09-21-2026,2026,2025,5,8,soybean-meal,philippines,Food Use Domestic Consumption,0.0,1000 Metric Tons
09-21-2026,2026,2025,5,8,soybean-meal,philippines,Feed Waste Domestic Consumption,3220.0,1000 Metric Tons
09-21-2026,2026,2025,5,8,soybean-meal,philippines,Ending Stocks,232.0,1000 Metric Tons
09-21-2026,2026,2025,5,8,soybean-meal,nigeria,Industrial Domestic Consumption,0.0,1000 Metric Tons
09-21-2026,2026,2025,5,8,soybean-meal,philippines,Total Distribution,3452.0,1000 Metric Tons
09-21-2026,2026,2025,5,8,soybean-meal,philippines,Soybean Meal Equivalent,3220.0,1000 Metric Tons
09-21-2026,2026,2025,5,8,soybean-meal,nigeria,Crush,950.0,1000 Metric Tons
09-21-2026,2026,2025,5,8,soybean-meal,nigeria,Extraction Rate,0.7768,Percentage (%)
09-21-2026,2026,2025,5,8,soybean-meal,nigeria,Beginning Stocks,19.0,1000 Metric Tons
09-21-2026,2026,2025,5,8,soybean-meal,nigeria,Production,738.0,1000 Metric Tons
09-21-2026,2026,2025,5,8,soybean-meal,nigeria,Imports,1.0,1000 Metric Tons
09-21-2026,2026,2025,5,8,soybean-meal,nigeria,Total Supply,758.0,1000 Metric Tons
09-21-2026,2026,2025,5,8,soybean-meal,nigeria,Exports,120.0,1000 Metric Tons
09-21-2026,2026,2025,5,8,soybean-meal,thailand,Imports,2939.0,1000 Metric Tons
09-21-2026,2026,2025,5,8,soybean-meal,thailand,Exports,159.0,1000 Metric Tons
09-21-2026,2026,2025,5,8,soybean-meal,honduras,Soybean Meal Equivalent,375.0,1000 Metric Tons
09-21-2026,2026,2025,5,8,soybean-meal,thailand,Industrial Domestic Consumption,0.0,1000 Metric Tons
09-21-2026,2026,2025,4,7,soybean-meal,egypt,Imports,395.0,1000 Metric Tons
09-21-2026,2026,2025,4,7,soybean-meal,egypt,Total Supply,4150.0,1000 Metric Tons
09-21-2026,2026,2025,4,7,soybean-meal,egypt,Exports,20.0,1000 Metric Tons
09-21-2026,2026,2025,4,7,soybean-meal,egypt,Industrial Domestic Consumption,0.0,1000 Metric Tons
09-21-2026,2026,2025,4,8,soybeans,guatemala,Feed Waste Domestic Consumption,1.0,1000 Metric Tons
09-21-2026,2026,2025,4,7,soybean-meal,egypt,Feed Waste Domestic Consumption,3800.0,1000 Metric Tons
09-21-2026,2026,2025,4,7,soybean-meal,egypt,Domestic Consumption,3800.0,1000 Metric Tons
09-21-2026,2026,2025,4,7,soybean-meal,egypt,Ending Stocks,330.0,1000 Metric Tons
09-21-2026,2026,2025,4,7,soybean-meal,egypt,Total Distribution,4150.0,1000 Metric Tons
09-21-2026,2026,2025,4,7,soybean-meal,egypt,Soybean Meal Equivalent,3800.0,1000 Metric Tons
09-21-2026,2026,2025,4,7,soybean-meal,pakistan,Crush,1800.0,1000 Metric Tons
09-21-2026,2026,2025,4,7,soybean-meal,pakistan,Extraction Rate,0.78,Percentage (%)
09-21-2026,2026,2025,4,7,soybean-meal,pakistan,Beginning Stocks,69.0,1000 Metric Tons
09-21-2026,2026,2025,4,7,soybean-meal,pakistan,Production,1404.0,1000 Metric Tons
09-21-2026,2026,2025,4,7,soybean-meal,pakistan,Imports,64.0,1000 Metric Tons
09-21-2026,2026,2025,4,7,soybean-meal,pakistan,Total Supply,1537.0,1000 Metric Tons
09-21-2026,2026,2025,4,7,soybean-meal,pakistan,Exports,16.0,1000 Metric Tons
09-21-2026,2026,2025,4,7,soybean-meal,pakistan,Industrial Domestic Consumption,0.0,1000 Metric Tons
09-21-2026,2026,2025,4,7,soybean-meal,pakistan,Food Use Domestic Consumption,0.0,1000 Metric Tons
09-21-2026,2026,2025,4,7,soybean-meal,pakistan,Feed Waste Domestic Consumption,1425.0,1000 Metric Tons
09-21-2026,2026,2025,4,7,soybean-meal,pakistan,Domestic Consumption,1425.0,1000 Metric Tons
09-21-2026,2026,2025,4,7,soybean-meal,egypt,Production,3555.0,1000 Metric Tons
09-21-2026,2026,2025,4,7,soybean-meal,egypt,Beginning Stocks,200.0,1000 Metric Tons
09-21-2026,2026,2025,4,7,soybean-meal,egypt,Extraction Rate,0.79,Percentage (%)
09-21-2026,2026,2025,5,8,soybean-meal,china,Production,81972.0,1000 Metric Tons
09-21-2026,2026,2025,5,8,soybean-meal,thailand,Food Use Domestic Consumption,0.0,1000 Metric Tons
09-21-2026,2026,2025,5,8,soybean-meal,thailand,Feed Waste Domestic Consumption,4800.0,1000 Metric Tons
09-21-2026,2026,2025,5,8,soybean-meal,thailand,Domestic Consumption,4800.0,1000 Metric Tons
09-21-2026,2026,2025,5,8,soybean-meal,thailand,Ending Stocks,206.0,1000 Metric Tons
09-21-2026,2026,2025,5,8,soybean-meal,thailand,Total Distribution,5165.0,1000 Metric Tons
09-21-2026,2026,2025,5,8,soybean-meal,thailand,Soybean Meal Equivalent,4800.0,1000 Metric Tons
09-21-2026,2026,2025,5,8,soybean-meal,china,Crush,103500.0,1000 Metric Tons
09-21-2026,2026,2025,5,8,soybean-meal,china,Extraction Rate,0.792,Percentage (%)
09-21-2026,2026,2025,5,8,soybean-meal,china,Beginning Stocks,794.0,1000 Metric Tons
09-21-2026,2026,2025,5,8,soybean-meal,china,Imports,45.0,1000 Metric Tons
09-21-2026,2026,2025,4,7,soybean-meal,egypt,Crush,4500.0,1000 Metric Tons
09-21-2026,2026,2025,5,8,soybean-meal,china,Total Supply,82811.0,1000 Metric Tons
09-21-2026,2026,2025,5,8,soybean-meal,china,Exports,1018.0,1000 Metric Tons
09-21-2026,2026,2025,5,8,soybean-meal,china,Industrial Domestic Consumption,1150.0,1000 Metric Tons
09-21-2026,2026,2025,5,8,soybean-meal,china,Food Use Domestic Consumption,0.0,1000 Metric Tons
09-21-2026,2026,2025,5,8,soybean-meal,china,Feed Waste Domestic Consumption,79700.0,1000 Metric Tons
09-21-2026,2026,2025,5,8,soybean-meal,china,Domestic Consumption,80850.0,1000 Metric Tons
09-21-2026,2026,2025,5,8,soybean-meal,china,Ending Stocks,943.0,1000 Metric Tons
09-21-2026,2026,2025,5,8,soybean-meal,china,Total Distribution,82811.0,1000 Metric Tons
09-21-2026,2026,2025,5,8,soybean-meal,china,Soybean Meal Equivalent,79700.0,1000 Metric Tons
09-21-2026,2026,2025,5,8,soybean-meal,philippines,Crush,60.0,1000 Metric Tons
09-21-2026,2026,2025,5,8,soybean-meal,honduras,Total Distribution,461.0,1000 Metric Tons
09-21-2026,2026,2025,4,7,soybean-meal,pakistan,Total Distribution,1537.0,1000 Metric Tons
09-21-2026,2026,2025,5,8,soybean-meal,guatemala,Total Supply,748.0,1000 Metric Tons
09-21-2026,2026,2025,5,8,soybean-meal,european-union,Ending Stocks,1717.0,1000 Metric Tons
09-21-2026,2026,2025,9,1,soybeans,mexico,Area Harvested,134.0,1000 Hectares
09-21-2026,2026,2025,5,8,soybean-meal,european-union,Soybean Meal Equivalent,31200.0,1000 Metric Tons
09-21-2026,2026,2025,5,8,soybean-meal,taiwan,Crush,2150.0,1000 Metric Tons
09-21-2026,2026,2025,5,8,soybean-meal,taiwan,Extraction Rate,0.7865,Percentage (%)
09-21-2026,2026,2025,5,8,soybean-meal,taiwan,Beginning Stocks,27.0,1000 Metric Tons
09-21-2026,2026,2025,5,8,soybean-meal,taiwan,Production,1691.0,1000 Metric Tons
09-21-2026,2026,2025,5,8,soybean-meal,taiwan,Imports,34.0,1000 Metric Tons
09-21-2026,2026,2025,5,8,soybean-meal,taiwan,Total Supply,1752.0,1000 Metric Tons
09-21-2026,2026,2025,5,8,soybean-meal,taiwan,Exports,86.0,1000 Metric Tons
09-21-2026,2026,2025,5,8,soybean-meal,taiwan,Industrial Domestic Consumption,0.0,1000 Metric Tons
09-21-2026,2026,2025,5,8,soybean-meal,taiwan,Food Use Domestic Consumption,0.0,1000 Metric Tons
09-21-2026,2026,2025,5,8,soybean-meal,taiwan,Feed Waste Domestic Consumption,1640.0,1000 Metric Tons
09-21-2026,2026,2025,5,8,soybean-meal,taiwan,Domestic Consumption,1640.0,1000 Metric Tons
09-21-2026,2026,2025,5,8,soybean-meal,taiwan,Ending Stocks,26.0,1000 Metric Tons
09-21-2026,2026,2025,5,8,soybean-meal,taiwan,Total Distribution,1752.0,1000 Metric Tons
09-21-2026,2026,2025,5,8,soybean-meal,taiwan,Soybean Meal Equivalent,1640.0,1000 Metric Tons
09-21-2026,2026,2025,5,8,soybean-meal,guatemala,Crush,35.0,1000 Metric Tons
09-21-2026,2026,2025,5,8,soybean-meal,guatemala,Extraction Rate,0.7714,Percentage (%)
09-21-2026,2026,2025,5,8,soybean-meal,guatemala,Beginning Stocks,48.0,1000 Metric Tons
09-21-2026,2026,2025,5,8,soybean-meal,guatemala,Production,27.0,1000 Metric Tons
09-21-2026,2026,2025,5,8,soybean-meal,european-union,Domestic Consumption,31242.0,1000 Metric Tons
09-21-2026,2026,2025,5,8,soybean-meal,european-union,Feed Waste Domestic Consumption,31200.0,1000 Metric Tons
09-21-2026,2026,2025,5,8,soybean-meal,european-union,Food Use Domestic Consumption,32.0,1000 Metric Tons
09-21-2026,2026,2025,5,8,soybean-meal,colombia,Domestic Consumption,2370.0,1000 Metric Tons
09-21-2026,2026,2025,5,8,soybean-meal,colombia,Extraction Rate,0.7887,Percentage (%)
09-21-2026,2026,2025,5,8,soybean-meal,colombia,Beginning Stocks,110.0,1000 Metric Tons
09-21-2026,2026,2025,5,8,soybean-meal,colombia,Production,418.0,1000 Metric Tons
09-21-2026,2026,2025,5,8,soybean-meal,colombia,Imports,2030.0,1000 Metric Tons
09-21-2026,2026,2025,5,8,soybean-meal,colombia,Total Supply,2558.0,1000 Metric Tons
09-21-2026,2026,2025,5,8,soybean-meal,colombia,Exports,4.0,1000 Metric Tons
09-21-2026,2026,2025,5,8,soybean-meal,colombia,Industrial Domestic Consumption,0.0,1000 Metric Tons
09-21-2026,2026,2025,5,8,soybean-meal,colombia,Food Use Domestic Consumption,0.0,1000 Metric Tons
09-21-2026,2026,2025,5,8,soybean-meal,colombia,Feed Waste Domestic Consumption,2370.0,1000 Metric Tons
09-21-2026,2026,2025,5,8,soybean-meal,colombia,Ending Stocks,184.0,1000 Metric Tons
09-21-2026,2026,2025,5,8,soybean-meal,european-union,Industrial Domestic Consumption,10.0,1000 Metric Tons
09-21-2026,2026,2025,5,8,soybean-meal,colombia,Total Distribution,2558.0,1000 Metric Tons
09-21-2026,2026,2025,5,8,soybean-meal,colombia,Soybean Meal Equivalent,2370.0,1000 Metric Tons
09-21-2026,2026,2025,5,8,soybean-meal,european-union,Crush,15400.0,1000 Metric Tons
09-21-2026,2026,2025,5,8,soybean-meal,european-union,Extraction Rate,0.79,Percentage (%)
09-21-2026,2026,2025,5,8,soybean-meal,european-union,Beginning Stocks,836.0,1000 Metric Tons
09-21-2026,2026,2025,5,8,soybean-meal,european-union,Production,12166.0,1000 Metric Tons
09-21-2026,2026,2025,5,8,soybean-meal,european-union,Imports,20609.0,1000 Metric Tons
09-21-2026,2026,2025,5,8,soybean-meal,european-union,Total Supply,33611.0,1000 Metric Tons
09-21-2026,2026,2025,5,8,soybean-meal,european-union,Exports,652.0,1000 Metric Tons
09-21-2026,2026,2025,5,8,soybean-meal,guatemala,Imports,673.0,1000 Metric Tons
09-21-2026,2026,2025,5,8,soybean-meal,guatemala,Exports,0.0,1000 Metric Tons
09-21-2026,2026,2025,5,8,soybean-meal,honduras,Ending Stocks,31.0,1000 Metric Tons
09-21-2026,2026,2025,5,8,soybean-meal,guatemala,Industrial Domestic Consumption,0.0,1000 Metric Tons
09-21-2026,2026,2025,5,8,soybean-meal,canada,Imports,1448.0,1000 Metric Tons
09-21-2026,2026,2025,5,8,soybean-meal,canada,Total Supply,2866.0,1000 Metric Tons
09-21-2026,2026,2025,5,8,soybean-meal,canada,Exports,313.0,1000 Metric Tons
09-21-2026,2026,2025,5,8,soybean-meal,canada,Industrial Domestic Consumption,0.0,1000 Metric Tons
09-21-2026,2026,2025,5,8,soybean-meal,canada,Food Use Domestic Consumption,0.0,1000 Metric Tons
09-21-2026,2026,2025,5,8,soybean-meal,canada,Feed Waste Domestic Consumption,2400.0,1000 Metric Tons
09-21-2026,2026,2025,5,8,soybean-meal,canada,Domestic Consumption,2400.0,1000 Metric Tons
09-21-2026,2026,2025,5,8,soybean-meal,canada,Ending Stocks,153.0,1000 Metric Tons
09-21-2026,2026,2025,5,8,soybean-meal,canada,Total Distribution,2866.0,1000 Metric Tons
09-21-2026,2026,2025,5,8,soybean-meal,canada,Soybean Meal Equivalent,2400.0,1000 Metric Tons
09-21-2026,2026,2025,5,8,soybean-meal,honduras,Crush,0.0,1000 Metric Tons
09-21-2026,2026,2025,5,8,soybean-meal,honduras,Extraction Rate,0.0,Percentage (%)
09-21-2026,2026,2025,5,8,soybean-meal,honduras,Beginning Stocks,17.0,1000 Metric Tons
09-21-2026,2026,2025,5,8,soybean-meal,honduras,Production,0.0,1000 Metric Tons
09-21-2026,2026,2025,5,8,soybean-meal,honduras,Imports,444.0,1000 Metric Tons
09-21-2026,2026,2025,5,8,soybean-meal,honduras,Total Supply,461.0,1000 Metric Tons
09-21-2026,2026,2025,5,8,soybean-meal,honduras,Exports,55.0,1000 Metric Tons
09-21-2026,2026,2025,5,8,soybean-meal,honduras,Industrial Domestic Consumption,0.0,1000 Metric Tons
09-21-2026,2026,2025,5,8,soybean-meal,honduras,Food Use Domestic Consumption,0.0,1000 Metric Tons
09-21-2026,2026,2025,5,8,soybean-meal,honduras,Feed Waste Domestic Consumption,375.0,1000 Metric Tons
09-21-2026,2026,2025,5,8,soybean-meal,honduras,Domestic Consumption,375.0,1000 Metric Tons
09-21-2026,2026,2025,5,8,soybean-meal,canada,Production,1300.0,1000 Metric Tons
09-21-2026,2026,2025,5,8,soybean-meal,canada,Beginning Stocks,118.0,1000 Metric Tons
09-21-2026,2026,2025,5,8,soybean-meal,canada,Extraction Rate,0.7747,Percentage (%)
09-21-2026,2026,2025,5,8,soybean-meal,vietnam,Production,1453.0,1000 Metric Tons
09-21-2026,2026,2025,5,8,soybean-meal,guatemala,Food Use Domestic Consumption,0.0,1000 Metric Tons
09-21-2026,2026,2025,5,8,soybean-meal,guatemala,Feed Waste Domestic Consumption,700.0,1000 Metric Tons
09-21-2026,2026,2025,5,8,soybean-meal,guatemala,Domestic Consumption,700.0,1000 Metric Tons
09-21-2026,2026,2025,5,8,soybean-meal,guatemala,Ending Stocks,48.0,1000 Metric Tons
09-21-2026,2026,2025,5,8,soybean-meal,guatemala,Total Distribution,748.0,1000 Metric Tons
09-21-2026,2026,2025,5,8,soybean-meal,guatemala,Soybean Meal Equivalent,700.0,1000 Metric Tons
09-21-2026,2026,2025,5,8,soybean-meal,vietnam,Crush,1850.0,1000 Metric Tons
09-21-2026,2026,2025,5,8,soybean-meal,vietnam,Extraction Rate,0.7854,Percentage (%)
09-21-2026,2026,2025,5,8,soybean-meal,vietnam,Beginning Stocks,659.0,1000 Metric Tons
09-21-2026,2026,2025,5,8,soybean-meal,vietnam,Imports,5703.0,1000 Metric Tons
09-21-2026,2026,2025,5,8,soybean-meal,canada,Crush,1678.0,1000 Metric Tons
09-21-2026,2026,2025,5,8,soybean-meal,vietnam,Total Supply,7815.0,1000 Metric Tons
09-21-2026,2026,2025,5,8,soybean-meal,vietnam,Exports,161.0,1000 Metric Tons
09-21-2026,2026,2025,5,8,soybean-meal,vietnam,Industrial Domestic Consumption,0.0,1000 Metric Tons
09-21-2026,2026,2025,5,8,soybean-meal,vietnam,Food Use Domestic Consumption,95.0,1000 Metric Tons
09-21-2026,2026,2025,5,8,soybean-meal,vietnam,Feed Waste Domestic Consumption,7200.0,1000 Metric Tons
09-21-2026,2026,2025,5,8,soybean-meal,vietnam,Domestic Consumption,7295.0,1000 Metric Tons
09-21-2026,2026,2025,5,8,soybean-meal,vietnam,Ending Stocks,359.0,1000 Metric Tons
09-21-2026,2026,2025,5,8,soybean-meal,vietnam,Total Distribution,7815.0,1000 Metric Tons
09-21-2026,2026,2025,5,8,soybean-meal,vietnam,Soybean Meal Equivalent,7200.0,1000 Metric Tons
09-21-2026,2026,2025,4,7,soybean-meal,pakistan,Ending Stocks,96.0,1000 Metric Tons
09-21-2026,2026,2025,4,7,soybean-meal,egypt,Food Use Domestic Consumption,0.0,1000 Metric Tons
09-21-2026,2026,2025,5,9,soybeans,japan,Production,252.0,1000 Metric Tons
09-21-2026,2026,2025,5,9,soybeans,japan,Food Use Domestic Consumption,900.0,1000 Metric Tons
09-21-2026,2026,2025,5,9,soybeans,japan,Domestic Consumption,3499.0,1000 Metric Tons
09-21-2026,2026,2025,5,9,soybeans,japan,Ending Stocks,161.0,1000 Metric Tons
09-21-2026,2026,2025,5,9,soybeans,japan,Total Distribution,3660.0,1000 Metric Tons
09-21-2026,2026,2025,5,9,soybeans,japan,Yield,1.6364,Yield (Metric Tons per Hectare)
09-21-2026,2026,2025,4,8,soybeans,south-korea,Area Harvested,74.0,1000 Hectares
09-21-2026,2026,2025,4,8,soybeans,south-korea,Beginning Stocks,110.0,1000 Metric Tons
09-21-2026,2026,2025,4,8,soybeans,south-korea,Production,155.0,1000 Metric Tons
09-21-2026,2026,2025,4,8,soybeans,south-korea,Imports,1128.0,1000 Metric Tons
09-21-2026,2026,2025,4,8,soybeans,south-korea,Total Supply,1393.0,1000 Metric Tons
09-21-2026,2026,2025,4,8,soybeans,south-korea,Exports,0.0,1000 Metric Tons
09-21-2026,2026,2025,4,8,soybeans,south-korea,Crush,950.0,1000 Metric Tons
09-21-2026,2026,2025,4,8,soybeans,south-korea,Food Use Domestic Consumption,315.0,1000 Metric Tons
09-21-2026,2026,2025,4,8,soybeans,south-korea,Feed Waste Domestic Consumption,45.0,1000 Metric Tons
09-21-2026,2026,2025,4,8,soybeans,south-korea,Domestic Consumption,1310.0,1000 Metric Tons
09-21-2026,2026,2025,4,8,soybeans,south-korea,Ending Stocks,83.0,1000 Metric Tons
09-21-2026,2026,2025,4,8,soybeans,south-korea,Total Distribution,1393.0,1000 Metric Tons
09-21-2026,2026,2025,4,8,soybeans,south-korea,Yield,2.0946,Yield (Metric Tons per Hectare)
09-21-2026,2026,2025,4,8,soybeans,colombia,Area Harvested,40.0,1000 Hectares
09-21-2026,2026,2025,4,8,soybeans,colombia,Beginning Stocks,86.0,1000 Metric Tons
09-21-2026,2026,2025,4,8,soybeans,colombia,Production,115.0,1000 Metric Tons
09-21-2026,2026,2025,4,8,soybeans,colombia,Imports,561.0,1000 Metric Tons
09-21-2026,2026,2025,4,8,soybeans,colombia,Total Supply,762.0,1000 Metric Tons
09-21-2026,2026,2025,4,8,soybeans,colombia,Exports,1.0,1000 Metric Tons
09-21-2026,2026,2025,4,8,soybeans,colombia,Crush,530.0,1000 Metric Tons
09-21-2026,2026,2025,4,8,soybeans,colombia,Food Use Domestic Consumption,0.0,1000 Metric Tons
09-21-2026,2026,2025,4,8,soybeans,colombia,Feed Waste Domestic Consumption,100.0,1000 Metric Tons
09-21-2026,2026,2025,4,8,soybeans,colombia,Domestic Consumption,630.0,1000 Metric Tons
09-21-2026,2026,2025,5,9,soybeans,japan,Feed Waste Domestic Consumption,87.0,1000 Metric Tons
09-21-2026,2026,2025,5,9,soybeans,japan,Crush,2512.0,1000 Metric Tons
09-21-2026,2026,2025,5,8,soybean-oil,taiwan,Extraction Rate,0.1786,Percentage (%)
09-21-2026,2026,2025,5,9,soybeans,japan,Exports,0.0,1000 Metric Tons
09-21-2026,2026,2025,5,8,soybean-oil,european-union,Total Distribution,4342.0,1000 Metric Tons
09-21-2026,2026,2025,5,8,soybean-oil,european-union,Ending Stocks,629.0,1000 Metric Tons
09-21-2026,2026,2025,5,8,soybean-oil,european-union,Domestic Consumption,3005.0,1000 Metric Tons
09-21-2026,2026,2025,5,8,soybean-oil,european-union,Feed Waste Domestic Consumption,55.0,1000 Metric Tons
09-21-2026,2026,2025,5,8,soybean-oil,european-union,Food Use Domestic Consumption,1550.0,1000 Metric Tons
09-21-2026,2026,2025,5,8,soybean-oil,european-union,Industrial Domestic Consumption,1400.0,1000 Metric Tons
09-21-2026,2026,2025,5,8,soybean-oil,european-union,Exports,708.0,1000 Metric Tons
09-21-2026,2026,2025,5,8,soybean-oil,european-union,Total Supply,4342.0,1000 Metric Tons
09-21-2026,2026,2025,5,8,soybean-oil,european-union,Imports,757.0,1000 Metric Tons
09-21-2026,2026,2025,5,8,soybean-oil,european-union,Production,2926.0,1000 Metric Tons
09-21-2026,2026,2025,7,11,soybeans,united-states,Area Harvested,34887.0,1000 Hectares
09-21-2026,2026,2025,7,11,soybeans,united-states,Beginning Stocks,9319.0,1000 Metric Tons
09-21-2026,2026,2025,7,11,soybeans,united-states,Production,119047.0,1000 Metric Tons
09-21-2026,2026,2025,7,11,soybeans,united-states,Imports,806.0,1000 Metric Tons
09-21-2026,2026,2025,7,11,soybeans,united-states,Total Supply,129172.0,1000 Metric Tons
09-21-2026,2026,2025,7,11,soybeans,united-states,Exports,51495.0,1000 Metric Tons
09-21-2026,2026,2025,7,11,soybeans,united-states,Crush,66546.0,1000 Metric Tons
09-21-2026,2026,2025,7,11,soybeans,united-states,Food Use Domestic Consumption,0.0,1000 Metric Tons
09-21-2026,2026,2025,7,11,soybeans,united-states,Feed Waste Domestic Consumption,2291.0,1000 Metric Tons
09-21-2026,2026,2025,7,11,soybeans,united-states,Domestic Consumption,68837.0,1000 Metric Tons
09-21-2026,2026,2025,7,11,soybeans,united-states,Ending Stocks,8840.0,1000 Metric Tons
09-21-2026,2026,2025,7,11,soybeans,united-states,Total Distribution,129172.0,1000 Metric Tons
09-21-2026,2026,2025,7,11,soybeans,united-states,Yield,3.4124,Yield (Metric Tons per Hectare)
09-21-2026,2026,2025,5,9,soybeans,japan,Area Harvested,154.0,1000 Hectares
09-21-2026,2026,2025,5,9,soybeans,japan,Beginning Stocks,165.0,1000 Metric Tons
09-21-2026,2026,2025,5,9,soybeans,japan,Imports,3243.0,1000 Metric Tons
09-21-2026,2026,2025,5,9,soybeans,japan,Total Supply,3660.0,1000 Metric Tons
09-21-2026,2026,2025,4,8,soybeans,colombia,Ending Stocks,131.0,1000 Metric Tons
09-21-2026,2026,2025,4,8,soybeans,colombia,Total Distribution,762.0,1000 Metric Tons
09-21-2026,2026,2025,4,8,soybeans,colombia,Yield,2.875,Yield (Metric Tons per Hectare)
09-21-2026,2026,2025,1,5,corn,japan,Production,17.0,1000 Metric Tons
09-21-2026,2026,2025,3,7,corn,mexico,Total Supply,54656.0,1000 Metric Tons
09-21-2026,2026,2025,3,7,corn,mexico,Trade Year Imports From United States,25809.0,1000 Metric Tons
09-21-2026,2026,2025,3,7,corn,mexico,Trade Year Imports,25930.0,1000 Metric Tons
09-21-2026,2026,2025,3,7,corn,mexico,Imports,25930.0,1000 Metric Tons
09-21-2026,2026,2025,3,7,corn,mexico,Production,23100.0,1000 Metric Tons
09-21-2026,2026,2025,3,7,corn,mexico,Beginning Stocks,5626.0,1000 Metric Tons
09-21-2026,2026,2025,4,8,soybeans,taiwan,Area Harvested,4.0,1000 Hectares
09-21-2026,2026,2025,4,8,soybeans,taiwan,Beginning Stocks,98.0,1000 Metric Tons
09-21-2026,2026,2025,4,8,soybeans,taiwan,Production,6.0,1000 Metric Tons
09-21-2026,2026,2025,4,8,soybeans,taiwan,Imports,2768.0,1000 Metric Tons
09-21-2026,2026,2025,4,8,soybeans,taiwan,Total Supply,2872.0,1000 Metric Tons
09-21-2026,2026,2025,4,8,soybeans,taiwan,Exports,0.0,1000 Metric Tons
09-21-2026,2026,2025,4,8,soybeans,taiwan,Crush,2150.0,1000 Metric Tons
09-21-2026,2026,2025,4,8,soybeans,taiwan,Food Use Domestic Consumption,320.0,1000 Metric Tons
09-21-2026,2026,2025,4,8,soybeans,taiwan,Feed Waste Domestic Consumption,300.0,1000 Metric Tons
09-21-2026,2026,2025,4,8,soybeans,taiwan,Domestic Consumption,2770.0,1000 Metric Tons
09-21-2026,2026,2025,4,8,soybeans,taiwan,Ending Stocks,102.0,1000 Metric Tons
09-21-2026,2026,2025,4,8,soybeans,taiwan,Total Distribution,2872.0,1000 Metric Tons
09-21-2026,2026,2025,4,8,soybeans,taiwan,Yield,1.5,Yield (Metric Tons per Hectare)
09-21-2026,2026,2025,4,8,soybeans,guatemala,Area Harvested,14.0,1000 Hectares
09-21-2026,2026,2025,4,8,soybeans,guatemala,Beginning Stocks,0.0,1000 Metric Tons
09-21-2026,2026,2025,4,8,soybeans,guatemala,Production,36.0,1000 Metric Tons
09-21-2026,2026,2025,4,8,soybeans,guatemala,Imports,0.0,1000 Metric Tons
09-21-2026,2026,2025,4,8,soybeans,guatemala,Total Supply,36.0,1000 Metric Tons
09-21-2026,2026,2025,4,8,soybeans,guatemala,Exports,0.0,1000 Metric Tons
09-21-2026,2026,2025,4,8,soybeans,guatemala,Crush,35.0,1000 Metric Tons
09-21-2026,2026,2025,4,8,soybeans,guatemala,Food Use Domestic Consumption,0.0,1000 Metric Tons
09-21-2026,2026,2025,3,7,corn,mexico,Exports,25.0,1000 Metric Tons
09-21-2026,2026,2025,3,7,corn,mexico,Trade Year Exports,25.0,1000 Metric Tons
09-21-2026,2026,2025,3,7,corn,mexico,Feed Domestic Consumption,27500.0,1000 Metric Tons
09-21-2026,2026,2025,7,2,wheat,guatemala,Trade Year Imports From United States,347.0,1000 Metric Tons
09-21-2026,2026,2025,1,5,corn,japan,Beginning Stocks,1299.0,1000 Metric Tons
09-21-2026,2026,2025,1,5,corn,japan,Area Harvested,3.0,1000 Hectares
09-21-2026,2026,2025,3,7,corn,mexico,Yield,3.5538,Yield (Metric Tons per Hectare)
09-21-2026,2026,2025,3,7,corn,mexico,Total Distribution,54656.0,1000 Metric Tons
09-21-2026,2026,2025,3,7,corn,mexico,Ending Stocks,5531.0,1000 Metric Tons
09-21-2026,2026,2025,3,7,corn,mexico,Domestic Consumption,49100.0,1000 Metric Tons
09-21-2026,2026,2025,3,7,corn,mexico,Food Seed and Industrial Consumption,21600.0,1000 Metric Tons
09-21-2026,2026,2025,7,2,wheat,guatemala,Area Harvested,0.0,1000 Hectares
09-21-2026,2026,2025,7,2,wheat,guatemala,Beginning Stocks,241.0,1000 Metric Tons
09-21-2026,2026,2025,7,2,wheat,guatemala,Production,0.0,1000 Metric Tons
09-21-2026,2026,2025,7,2,wheat,guatemala,Imports,917.0,1000 Metric Tons
09-21-2026,2026,2025,7,2,wheat,guatemala,Trade Year Imports,917.0,1000 Metric Tons
09-21-2026,2026,2025,7,2,wheat,guatemala,Total Supply,1158.0,1000 Metric Tons
09-21-2026,2026,2025,8,3,wheat,thailand,Feed Domestic Consumption,2500.0,1000 Metric Tons
09-21-2026,2026,2025,7,2,wheat,guatemala,Exports,52.0,1000 Metric Tons
09-21-2026,2026,2025,7,2,wheat,guatemala,Trade Year Exports,52.0,1000 Metric Tons
09-21-2026,2026,2025,7,2,wheat,guatemala,Feed Domestic Consumption,50.0,1000 Metric Tons
09-21-2026,2026,2025,7,2,wheat,guatemala,Food Seed and Industrial Consumption,750.0,1000 Metric Tons
09-21-2026,2026,2025,7,2,wheat,guatemala,Domestic Consumption,800.0,1000 Metric Tons
09-21-2026,2026,2025,7,2,wheat,guatemala,Ending Stocks,306.0,1000 Metric Tons
09-21-2026,2026,2025,7,2,wheat,guatemala,Total Distribution,1158.0,1000 Metric Tons
09-21-2026,2026,2025,7,2,wheat,guatemala,Yield,0.0,Yield (Metric Tons per Hectare)
09-21-2026,2026,2025,8,3,wheat,thailand,Total Distribution,5356.0,1000 Metric Tons
09-21-2026,2026,2025,8,3,wheat,thailand,Ending Stocks,1003.0,1000 Metric Tons
09-21-2026,2026,2025,8,3,wheat,thailand,Domestic Consumption,4000.0,1000 Metric Tons
09-21-2026,2026,2025,8,3,wheat,thailand,Food Seed and Industrial Consumption,1500.0,1000 Metric Tons
09-21-2026,2026,2025,5,8,soybean-oil,taiwan,Crush,2150.0,1000 Metric Tons
09-21-2026,2026,2025,9,1,soybeans,mexico,Beginning Stocks,610.0,1000 Metric Tons
09-21-2026,2026,2025,5,8,soybean-oil,taiwan,Beginning Stocks,22.0,1000 Metric Tons
09-21-2026,2026,2025,4,7,soybean-meal,bangladesh,Feed Waste Domestic Consumption,2575.0,1000 Metric Tons
09-21-2026,2026,2025,4,7,soybean-meal,pakistan,Soybean Meal Equivalent,1425.0,1000 Metric Tons
09-21-2026,2026,2025,4,7,soybean-meal,bangladesh,Crush,1850.0,1000 Metric Tons
09-21-2026,2026,2025,4,7,soybean-meal,bangladesh,Extraction Rate,0.7892,Percentage (%)
09-21-2026,2026,2025,4,7,soybean-meal,bangladesh,Beginning Stocks,349.0,1000 Metric Tons
09-21-2026,2026,2025,4,7,soybean-meal,bangladesh,Production,1460.0,1000 Metric Tons
09-21-2026,2026,2025,4,7,soybean-meal,bangladesh,Imports,998.0,1000 Metric Tons
09-21-2026,2026,2025,4,7,soybean-meal,bangladesh,Total Supply,2807.0,1000 Metric Tons
09-21-2026,2026,2025,4,7,soybean-meal,bangladesh,Exports,4.0,1000 Metric Tons
09-21-2026,2026,2025,4,7,soybean-meal,bangladesh,Industrial Domestic Consumption,0.0,1000 Metric Tons
09-21-2026,2026,2025,4,7,soybean-meal,bangladesh,Food Use Domestic Consumption,4.0,1000 Metric Tons
09-21-2026,2026,2025,5,8,soybean-oil,taiwan,Production,384.0,1000 Metric Tons
09-21-2026,2026,2025,4,7,soybean-meal,bangladesh,Total Distribution,2807.0,1000 Metric Tons
09-21-2026,2026,2025,5,8,soybean-oil,taiwan,Imports,0.0,1000 Metric Tons
09-21-2026,2026,2025,5,8,soybean-oil,taiwan,Total Supply,406.0,1000 Metric Tons
09-21-2026,2026,2025,4,7,soybean-meal,bangladesh,Domestic Consumption,2579.0,1000 Metric Tons
09-21-2026,2026,2025,4,7,soybean-meal,bangladesh,Ending Stocks,224.0,1000 Metric Tons
09-21-2026,2026,2025,4,7,soybean-meal,bangladesh,Soybean Meal Equivalent,2575.0,1000 Metric Tons
09-21-2026,2025,2024,11,3,corn,canada,Food Seed and Industrial Consumption,6015.0,1000 Metric Tons
09-21-2026,2025,2024,7,11,corn,vietnam,Yield,5.0136,Yield (Metric Tons per Hectare)
09-21-2026,2025,2024,7,11,corn,vietnam,Total Distribution,15650.0,1000 Metric Tons
09-21-2026,2025,2024,7,11,corn,vietnam,Ending Stocks,800.0,1000 Metric Tons
09-21-2026,2025,2024,7,11,corn,vietnam,Domestic Consumption,14350.0,1000 Metric Tons
09-21-2026,2025,2024,11,3,corn,canada,Beginning Stocks,1628.0,1000 Metric Tons
09-21-2026,2026,2024,1,5,corn,united-states,Trade Year Exports,58520.0,1000 Metric Tons
09-21-2026,2026,2024,1,5,corn,united-states,Exports,57275.0,1000 Metric Tons
09-21-2026,2026,2024,1,5,corn,united-states,Total Supply,424940.0,1000 Metric Tons
09-21-2026,2025,2024,7,11,corn,colombia,Ending Stocks,390.0,1000 Metric Tons
09-21-2026,2025,2024,7,11,corn,colombia,Total Distribution,8562.0,1000 Metric Tons
09-21-2026,2025,2024,11,3,corn,canada,Area Harvested,1519.0,1000 Hectares
09-21-2026,2025,2024,11,3,corn,canada,Trade Year Imports,2753.0,1000 Metric Tons
09-21-2026,2025,2024,11,3,corn,canada,Production,15421.0,1000 Metric Tons
09-21-2026,2025,2024,11,3,corn,canada,Imports,2814.0,1000 Metric Tons
09-21-2026,2026,2024,1,5,corn,united-states,Feed Domestic Consumption,148114.0,1000 Metric Tons
09-21-2026,2025,2024,11,3,corn,canada,Trade Year Imports From United States,2745.0,1000 Metric Tons
09-21-2026,2025,2024,11,3,corn,canada,Total Supply,19863.0,1000 Metric Tons
09-21-2026,2025,2024,11,3,corn,canada,Exports,2149.0,1000 Metric Tons
09-21-2026,2026,2024,8,12,corn,european-union,Area Harvested,8283.0,1000 Hectares
09-21-2026,2025,2024,11,3,corn,canada,Trade Year Exports,2239.0,1000 Metric Tons
09-21-2026,2025,2024,11,3,corn,canada,Feed Domestic Consumption,9703.0,1000 Metric Tons
09-21-2026,2025,2024,7,11,corn,colombia,Domestic Consumption,8170.0,1000 Metric Tons
09-21-2026,2026,2024,1,5,corn,united-states,Domestic Consumption,322873.0,1000 Metric Tons
09-21-2026,2026,2024,1,5,corn,united-states,Food Seed and Industrial Consumption,174759.0,1000 Metric Tons
09-21-2026,2025,2024,7,11,corn,colombia,Yield,4.1026,Yield (Metric Tons per Hectare)
09-21-2026,2025,2024,7,11,corn,vietnam,Food Seed and Industrial Consumption,1450.0,1000 Metric Tons
09-21-2026,2026,2024,8,12,corn,european-union,Beginning Stocks,8024.0,1000 Metric Tons
09-21-2026,2026,2024,8,12,corn,european-union,Production,61947.0,1000 Metric Tons
09-21-2026,2026,2024,5,8,soybean-meal,colombia,Ending Stocks,110.0,1000 Metric Tons
09-21-2026,2026,2024,5,8,soybean-meal,colombia,Total Distribution,2261.0,1000 Metric Tons
09-21-2026,2026,2024,5,8,soybean-meal,colombia,Soybean Meal Equivalent,2150.0,1000 Metric Tons
09-21-2026,2026,2024,8,12,corn,european-union,Domestic Consumption,78200.0,1000 Metric Tons
09-21-2026,2026,2024,8,12,corn,european-union,Food Seed and Industrial Consumption,20000.0,1000 Metric Tons
09-21-2026,2026,2024,8,12,corn,european-union,Feed Domestic Consumption,58200.0,1000 Metric Tons
09-21-2026,2025,2024,7,11,corn,vietnam,Area Harvested,885.0,1000 Hectares
09-21-2026,2025,2024,7,11,corn,vietnam,Beginning Stocks,813.0,1000 Metric Tons
09-21-2026,2025,2024,7,11,corn,vietnam,Production,4437.0,1000 Metric Tons
09-21-2026,2025,2024,7,11,corn,vietnam,Imports,10400.0,1000 Metric Tons
09-21-2026,2025,2024,7,11,corn,vietnam,Trade Year Imports,11300.0,1000 Metric Tons
09-21-2026,2025,2024,7,11,corn,vietnam,Trade Year Imports From United States,5.0,1000 Metric Tons
09-21-2026,2025,2024,7,11,corn,vietnam,Total Supply,15650.0,1000 Metric Tons
09-21-2026,2025,2024,7,11,corn,vietnam,Exports,500.0,1000 Metric Tons
09-21-2026,2025,2024,7,11,corn,vietnam,Trade Year Exports,500.0,1000 Metric Tons
09-21-2026,2025,2024,7,11,corn,vietnam,Feed Domestic Consumption,12900.0,1000 Metric Tons
09-21-2026,2025,2024,7,11,corn,colombia,Feed Domestic Consumption,6650.0,1000 Metric Tons
09-21-2026,2026,2024,8,12,corn,european-union,Trade Year Exports,4389.0,1000 Metric Tons
09-21-2026,2026,2024,8,12,corn,european-union,Exports,4389.0,1000 Metric Tons
09-21-2026,2026,2024,8,12,corn,european-union,Total Supply,89848.0,1000 Metric Tons
09-21-2026,2026,2024,8,12,corn,european-union,Trade Year Imports From United States,1333.0,1000 Metric Tons
09-21-2026,2026,2024,8,12,corn,european-union,Trade Year Imports,19877.0,1000 Metric Tons
09-21-2026,2026,2024,8,12,corn,european-union,Imports,19877.0,1000 Metric Tons
09-21-2026,2025,2024,7,11,corn,colombia,Food Seed and Industrial Consumption,1520.0,1000 Metric Tons
09-21-2026,2025,2024,7,11,corn,colombia,Area Harvested,390.0,1000 Hectares
09-21-2026,2025,2024,7,11,corn,colombia,Trade Year Exports,2.0,1000 Metric Tons
09-21-2026,2026,2024,5,8,soybean-oil,philippines,Beginning Stocks,2.0,1000 Metric Tons
09-21-2026,2026,2024,5,8,soybean-meal,china,Feed Waste Domestic Consumption,76000.0,1000 Metric Tons
09-21-2026,2026,2024,5,8,soybean-meal,china,Food Use Domestic Consumption,0.0,1000 Metric Tons
09-21-2026,2026,2024,5,8,soybean-meal,china,Industrial Domestic Consumption,1150.0,1000 Metric Tons
09-21-2026,2026,2024,5,8,soybean-meal,china,Exports,1432.0,1000 Metric Tons
09-21-2026,2025,2024,7,11,corn,south-korea,Trade Year Exports,0.0,1000 Metric Tons
09-21-2026,2025,2024,7,11,corn,south-korea,Exports,0.0,1000 Metric Tons
09-21-2026,2025,2024,7,11,corn,south-korea,Total Supply,13542.0,1000 Metric Tons
09-21-2026,2025,2024,7,11,corn,south-korea,Trade Year Imports From United States,2349.0,1000 Metric Tons
09-21-2026,2025,2024,7,11,corn,south-korea,Trade Year Imports,11550.0,1000 Metric Tons
09-21-2026,2025,2024,7,11,corn,south-korea,Imports,11550.0,1000 Metric Tons
09-21-2026,2026,2024,5,8,soybean-oil,philippines,Production,10.0,1000 Metric Tons
09-21-2026,2026,2024,5,8,soybean-oil,philippines,Extraction Rate,0.1538,Percentage (%)
09-21-2026,2026,2024,5,8,soybean-meal,china,Ending Stocks,794.0,1000 Metric Tons
09-21-2026,2026,2024,5,8,soybean-oil,philippines,Crush,65.0,1000 Metric Tons
09-21-2026,2026,2024,4,7,soybean-meal,bangladesh,Crush,2000.0,1000 Metric Tons
09-21-2026,2026,2024,4,7,soybean-meal,bangladesh,Extraction Rate,0.789,Percentage (%)
09-21-2026,2026,2024,4,7,soybean-meal,bangladesh,Beginning Stocks,214.0,1000 Metric Tons
09-21-2026,2026,2024,4,7,soybean-meal,bangladesh,Production,1578.0,1000 Metric Tons
09-21-2026,2026,2024,5,8,soybean-meal,china,Total Supply,79376.0,1000 Metric Tons
09-21-2026,2026,2024,5,8,soybean-meal,china,Imports,31.0,1000 Metric Tons
09-21-2026,2026,2024,5,8,soybean-meal,china,Production,78408.0,1000 Metric Tons
09-21-2026,2026,2024,5,8,soybean-meal,china,Beginning Stocks,937.0,1000 Metric Tons
09-21-2026,2026,2024,4,7,soybean-meal,bangladesh,Imports,1061.0,1000 Metric Tons
09-21-2026,2026,2024,4,7,soybean-meal,bangladesh,Total Supply,2853.0,1000 Metric Tons
09-21-2026,2026,2024,5,8,soybean-meal,china,Domestic Consumption,77150.0,1000 Metric Tons
09-21-2026,2026,2024,5,8,soybean-meal,china,Total Distribution,79376.0,1000 Metric Tons
09-21-2026,2025,2024,7,11,corn,colombia,Exports,2.0,1000 Metric Tons
09-21-2026,2025,2024,7,11,corn,south-korea,Food Seed and Industrial Consumption,2250.0,1000 Metric Tons
09-21-2026,2025,2024,7,11,corn,colombia,Total Supply,8562.0,1000 Metric Tons
09-21-2026,2025,2024,7,11,corn,colombia,Trade Year Imports From United States,6627.0,1000 Metric Tons
09-21-2026,2025,2024,7,11,corn,colombia,Trade Year Imports,6622.0,1000 Metric Tons
09-21-2026,2025,2024,7,11,corn,colombia,Imports,6622.0,1000 Metric Tons
09-21-2026,2025,2024,7,11,corn,colombia,Production,1600.0,1000 Metric Tons
09-21-2026,2025,2024,7,11,corn,colombia,Beginning Stocks,340.0,1000 Metric Tons
09-21-2026,2026,2024,5,8,soybean-meal,colombia,Feed Waste Domestic Consumption,2150.0,1000 Metric Tons
09-21-2026,2025,2024,7,11,corn,south-korea,Yield,5.875,Yield (Metric Tons per Hectare)
09-21-2026,2025,2024,7,11,corn,south-korea,Total Distribution,13542.0,1000 Metric Tons
09-21-2026,2025,2024,7,11,corn,south-korea,Ending Stocks,2042.0,1000 Metric Tons
09-21-2026,2025,2024,7,11,corn,south-korea,Domestic Consumption,11500.0,1000 Metric Tons
09-21-2026,2025,2024,7,11,corn,south-korea,Feed Domestic Consumption,9250.0,1000 Metric Tons
09-21-2026,2026,2024,5,8,soybean-meal,china,Soybean Meal Equivalent,76000.0,1000 Metric Tons
09-21-2026,2026,2024,5,8,soybean-meal,canada,Domestic Consumption,2350.0,1000 Metric Tons
09-21-2026,2026,2024,5,8,soybean-meal,canada,Feed Waste Domestic Consumption,2350.0,1000 Metric Tons
09-21-2026,2026,2024,5,8,soybean-meal,canada,Food Use Domestic Consumption,0.0,1000 Metric Tons
09-21-2026,2026,2024,5,8,soybean-meal,canada,Industrial Domestic Consumption,0.0,1000 Metric Tons
09-21-2026,2026,2024,5,8,soybean-meal,canada,Exports,327.0,1000 Metric Tons
09-21-2026,2026,2024,5,8,soybean-meal,canada,Total Supply,2795.0,1000 Metric Tons
09-21-2026,2026,2024,5,8,soybean-meal,canada,Imports,1347.0,1000 Metric Tons
09-21-2026,2026,2024,5,8,soybean-meal,canada,Production,1327.0,1000 Metric Tons
09-21-2026,2026,2024,5,8,soybean-meal,canada,Beginning Stocks,121.0,1000 Metric Tons
09-21-2026,2026,2024,4,7,soybean-meal,bangladesh,Exports,0.0,1000 Metric Tons
09-21-2026,2026,2024,2,6,corn,mexico,Trade Year Imports,24222.0,1000 Metric Tons
09-21-2026,2026,2024,5,8,soybean-meal,colombia,Domestic Consumption,2150.0,1000 Metric Tons
09-21-2026,2026,2024,5,8,soybean-meal,colombia,Crush,530.0,1000 Metric Tons
09-21-2026,2026,2024,5,8,soybean-meal,colombia,Food Use Domestic Consumption,0.0,1000 Metric Tons
09-21-2026,2026,2024,5,8,soybean-meal,china,Crush,99000.0,1000 Metric Tons
09-21-2026,2025,2024,7,11,corn,taiwan,Trade Year Exports,0.0,1000 Metric Tons
09-21-2026,2025,2024,7,11,corn,taiwan,Feed Domestic Consumption,4500.0,1000 Metric Tons
09-21-2026,2025,2024,7,11,corn,taiwan,Food Seed and Industrial Consumption,200.0,1000 Metric Tons
09-21-2026,2025,2024,7,11,corn,taiwan,Domestic Consumption,4700.0,1000 Metric Tons
09-21-2026,2025,2024,7,11,corn,taiwan,Ending Stocks,536.0,1000 Metric Tons
09-21-2026,2025,2024,7,11,corn,taiwan,Total Distribution,5236.0,1000 Metric Tons
09-21-2026,2025,2024,7,11,corn,taiwan,Yield,5.0,Yield (Metric Tons per Hectare)
09-21-2026,2025,2024,7,11,corn,guatemala,Area Harvested,885.0,1000 Hectares
09-21-2026,2025,2024,7,11,corn,guatemala,Beginning Stocks,261.0,1000 Metric Tons
09-21-2026,2025,2024,7,11,corn,japan,Trade Year Imports From United States,11245.0,1000 Metric Tons
09-21-2026,2025,2024,7,11,corn,japan,Total Supply,16599.0,1000 Metric Tons
09-21-2026,2025,2024,7,11,corn,japan,Exports,0.0,1000 Metric Tons
09-21-2026,2026,2024,5,8,soybean-meal,canada,Soybean Meal Equivalent,2350.0,1000 Metric Tons
09-21-2026,2025,2024,7,11,corn,japan,Trade Year Exports,0.0,1000 Metric Tons
09-21-2026,2026,2024,2,6,corn,mexico,Trade Year Exports,23.0,1000 Metric Tons
09-21-2026,2026,2024,2,6,corn,mexico,Feed Domestic Consumption,25700.0,1000 Metric Tons
09-21-2026,2026,2024,2,6,corn,mexico,Food Seed and Industrial Consumption,21300.0,1000 Metric Tons
09-21-2026,2026,2024,2,6,corn,mexico,Domestic Consumption,47000.0,1000 Metric Tons
09-21-2026,2026,2024,2,6,corn,mexico,Ending Stocks,5626.0,1000 Metric Tons
09-21-2026,2026,2024,2,6,corn,mexico,Total Distribution,52649.0,1000 Metric Tons
09-21-2026,2026,2024,2,6,corn,mexico,Yield,3.8607,Yield (Metric Tons per Hectare)
09-21-2026,2025,2024,7,11,corn,japan,Area Harvested,2.0,1000 Hectares
09-21-2026,2025,2024,7,11,corn,japan,Beginning Stocks,1296.0,1000 Metric Tons
09-21-2026,2025,2024,7,11,corn,japan,Production,13.0,1000 Metric Tons
09-21-2026,2026,2024,4,7,soybean-oil,pakistan,Feed Waste Domestic Consumption,0.0,1000 Metric Tons
09-21-2026,2026,2024,4,7,soybean-oil,pakistan,Domestic Consumption,285.0,1000 Metric Tons
09-21-2026,2026,2024,4,7,soybean-oil,pakistan,Ending Stocks,30.0,1000 Metric Tons
09-21-2026,2026,2024,4,7,soybean-oil,pakistan,Total Distribution,315.0,1000 Metric Tons
09-21-2026,2026,2024,2,6,corn,mexico,Beginning Stocks,4877.0,1000 Metric Tons
09-21-2026,2026,2024,2,6,corn,mexico,Area Harvested,6100.0,1000 Hectares
09-21-2026,2026,2024,1,5,corn,united-states,Yield,11.1308,Yield (Metric Tons per Hectare)
09-21-2026,2026,2024,1,5,corn,united-states,Total Distribution,424940.0,1000 Metric Tons
09-21-2026,2026,2024,1,5,corn,united-states,Ending Stocks,44792.0,1000 Metric Tons
09-21-2026,2026,2024,2,6,corn,mexico,Trade Year Imports From United States,23945.0,1000 Metric Tons
09-21-2026,2026,2024,2,6,corn,mexico,Total Supply,52649.0,1000 Metric Tons
09-21-2026,2026,2024,2,6,corn,mexico,Exports,23.0,1000 Metric Tons
09-21-2026,2026,2024,5,8,soybean-meal,canada,Extraction Rate,0.8033,Percentage (%)
09-21-2026,2026,2024,5,8,soybean-meal,canada,Crush,1652.0,1000 Metric Tons
09-21-2026,2026,2024,1,5,corn,united-states,Trade Year Imports From United States,0.0,1000 Metric Tons
09-21-2026,2026,2024,1,5,corn,united-states,Trade Year Imports,706.0,1000 Metric Tons
09-21-2026,2026,2024,1,5,corn,united-states,Imports,722.0,1000 Metric Tons
09-21-2026,2026,2024,1,5,corn,united-states,Production,389667.0,1000 Metric Tons
09-21-2026,2026,2024,1,5,corn,united-states,Beginning Stocks,34551.0,1000 Metric Tons
09-21-2026,2026,2024,1,5,corn,united-states,Area Harvested,35008.0,1000 Hectares
09-21-2026,2026,2024,2,6,corn,mexico,Production,23550.0,1000 Metric Tons
09-21-2026,2026,2024,2,6,corn,mexico,Imports,24222.0,1000 Metric Tons
09-21-2026,2025,2024,7,11,corn,japan,Trade Year Imports,15290.0,1000 Metric Tons
09-21-2026,2025,2024,7,11,corn,taiwan,Trade Year Imports,4590.0,1000 Metric Tons
09-21-2026,2025,2024,7,11,corn,taiwan,Trade Year Imports From United States,1729.0,1000 Metric Tons
09-21-2026,2025,2024,7,11,corn,taiwan,Total Supply,5236.0,1000 Metric Tons
09-21-2026,2025,2024,7,11,corn,taiwan,Exports,0.0,1000 Metric Tons
09-21-2026,2025,2024,7,11,corn,japan,Imports,15290.0,1000 Metric Tons
09-21-2026,2026,2024,5,8,soybean-meal,canada,Total Distribution,2795.0,1000 Metric Tons
09-21-2026,2026,2024,5,8,soybean-meal,colombia,Industrial Domestic Consumption,0.0,1000 Metric Tons
09-21-2026,2026,2024,4,7,soybean-oil,pakistan,Exports,0.0,1000 Metric Tons
09-21-2026,2026,2024,4,7,soybean-meal,bangladesh,Domestic Consumption,2504.0,1000 Metric Tons
09-21-2026,2026,2024,4,7,soybean-meal,bangladesh,Feed Waste Domestic Consumption,2500.0,1000 Metric Tons
09-21-2026,2026,2024,4,7,soybean-meal,bangladesh,Food Use Domestic Consumption,4.0,1000 Metric Tons
09-21-2026,2026,2024,4,7,soybean-meal,bangladesh,Industrial Domestic Consumption,0.0,1000 Metric Tons
09-21-2026,2025,2024,7,11,corn,taiwan,Imports,4590.0,1000 Metric Tons
09-21-2026,2025,2024,7,11,corn,taiwan,Production,100.0,1000 Metric Tons
09-21-2026,2025,2024,7,11,corn,taiwan,Beginning Stocks,546.0,1000 Metric Tons
09-21-2026,2025,2024,7,11,corn,taiwan,Area Harvested,20.0,1000 Hectares
09-21-2026,2026,2024,8,12,corn,european-union,Yield,7.4788,Yield (Metric Tons per Hectare)
09-21-2026,2026,2024,8,12,corn,european-union,Total Distribution,89848.0,1000 Metric Tons
09-21-2026,2026,2024,8,12,corn,european-union,Ending Stocks,7259.0,1000 Metric Tons
09-21-2026,2026,2024,4,7,soybean-oil,pakistan,Total Supply,315.0,1000 Metric Tons
09-21-2026,2026,2024,5,8,soybean-meal,canada,Ending Stocks,118.0,1000 Metric Tons
09-21-2026,2026,2024,4,7,soybean-oil,pakistan,Imports,100.0,1000 Metric Tons
09-21-2026,2026,2024,4,7,soybean-oil,pakistan,Production,178.0,1000 Metric Tons
09-21-2026,2026,2024,4,7,soybean-oil,pakistan,Beginning Stocks,37.0,1000 Metric Tons
09-21-2026,2026,2024,4,7,soybean-oil,pakistan,Extraction Rate,0.1874,Percentage (%)
09-21-2026,2026,2024,4,7,soybean-oil,pakistan,Crush,950.0,1000 Metric Tons
09-21-2026,2026,2024,5,8,soybean-meal,colombia,Extraction Rate,0.7887,Percentage (%)
09-21-2026,2026,2024,5,8,soybean-meal,colombia,Beginning Stocks,258.0,1000 Metric Tons
09-21-2026,2026,2024,5,8,soybean-meal,colombia,Production,418.0,1000 Metric Tons
09-21-2026,2026,2024,5,8,soybean-meal,colombia,Imports,1585.0,1000 Metric Tons
09-21-2026,2026,2024,5,8,soybean-meal,colombia,Total Supply,2261.0,1000 Metric Tons
09-21-2026,2026,2024,5,8,soybean-meal,colombia,Exports,1.0,1000 Metric Tons
09-21-2026,2025,2024,7,11,corn,guatemala,Yield,1.835,Yield (Metric Tons per Hectare)
09-21-2026,2025,2024,7,11,corn,guatemala,Total Distribution,3724.0,1000 Metric Tons
09-21-2026,2025,2024,7,11,corn,guatemala,Ending Stocks,296.0,1000 Metric Tons
09-21-2026,2025,2024,7,11,corn,guatemala,Domestic Consumption,3425.0,1000 Metric Tons
09-21-2026,2025,2024,7,11,corn,japan,Feed Domestic Consumption,12000.0,1000 Metric Tons
09-21-2026,2025,2024,7,11,corn,japan,Food Seed and Industrial Consumption,3300.0,1000 Metric Tons
09-21-2026,2025,2024,7,11,corn,japan,Domestic Consumption,15300.0,1000 Metric Tons
09-21-2026,2025,2024,7,11,corn,japan,Ending Stocks,1299.0,1000 Metric Tons
09-21-2026,2025,2024,7,11,corn,japan,Total Distribution,16599.0,1000 Metric Tons
09-21-2026,2025,2024,7,11,corn,japan,Yield,6.5,Yield (Metric Tons per Hectare)
09-21-2026,2025,2024,7,11,corn,south-korea,Area Harvested,16.0,1000 Hectares
09-21-2026,2025,2024,7,11,corn,south-korea,Beginning Stocks,1898.0,1000 Metric Tons
09-21-2026,2026,2024,4,7,soybean-oil,pakistan,Food Use Domestic Consumption,275.0,1000 Metric Tons
09-21-2026,2026,2024,4,7,soybean-oil,pakistan,Industrial Domestic Consumption,10.0,1000 Metric Tons
09-21-2026,2025,2024,7,11,corn,south-korea,Production,94.0,1000 Metric Tons
09-21-2026,2026,2024,4,7,soybean-meal,bangladesh,Soybean Meal Equivalent,2500.0,1000 Metric Tons
09-21-2026,2026,2024,4,7,soybean-meal,bangladesh,Total Distribution,2853.0,1000 Metric Tons
09-21-2026,2026,2024,4,7,soybean-meal,bangladesh,Ending Stocks,349.0,1000 Metric Tons
09-21-2026,2025,2024,7,11,corn,guatemala,Production,1624.0,1000 Metric Tons
09-21-2026,2025,2024,7,11,corn,guatemala,Imports,1839.0,1000 Metric Tons
09-21-2026,2025,2024,7,11,corn,guatemala,Trade Year Imports,1894.0,1000 Metric Tons
09-21-2026,2025,2024,7,11,corn,guatemala,Trade Year Imports From United States,950.0,1000 Metric Tons
09-21-2026,2025,2024,7,11,corn,guatemala,Total Supply,3724.0,1000 Metric Tons
09-21-2026,2025,2024,7,11,corn,guatemala,Exports,3.0,1000 Metric Tons
09-21-2026,2025,2024,7,11,corn,guatemala,Trade Year Exports,3.0,1000 Metric Tons
09-21-2026,2025,2024,7,11,corn,guatemala,Feed Domestic Consumption,1775.0,1000 Metric Tons
09-21-2026,2025,2024,7,11,corn,guatemala,Food Seed and Industrial Consumption,1650.0,1000 Metric Tons
09-21-2026,2026,2024,5,8,soybean-meal,china,Extraction Rate,0.792,Percentage (%)
09-21-2026,2026,2024,4,7,soybean-meal,pakistan,Feed Waste Domestic Consumption,1050.0,1000 Metric Tons
09-21-2026,2026,2024,4,7,soybean-meal,egypt,Crush,3250.0,1000 Metric Tons
09-21-2026,2026,2024,5,8,soybean-meal,thailand,Extraction Rate,0.7783,Percentage (%)
09-21-2026,2026,2024,5,8,soybean-meal,united-states,Production,49084.0,1000 Metric Tons
09-21-2026,2026,2024,5,8,soybean-meal,united-states,Beginning Stocks,336.0,1000 Metric Tons
09-21-2026,2026,2024,5,8,soybean-meal,united-states,Extraction Rate,0.7892,Percentage (%)
09-21-2026,2026,2024,5,8,soybean-meal,united-states,Crush,62196.0,1000 Metric Tons
09-21-2026,2026,2024,5,8,soybean-oil,japan,Crush,2364.0,1000 Metric Tons
09-21-2026,2026,2024,5,8,soybean-oil,japan,Extraction Rate,0.195,Percentage (%)
09-21-2026,2026,2024,5,8,soybean-meal,thailand,Soybean Meal Equivalent,4575.0,1000 Metric Tons
09-21-2026,2026,2024,5,8,soybean-meal,thailand,Total Distribution,4777.0,1000 Metric Tons
09-21-2026,2026,2024,5,8,soybean-meal,thailand,Ending Stocks,124.0,1000 Metric Tons
09-21-2026,2026,2024,5,8,soybean-meal,thailand,Domestic Consumption,4575.0,1000 Metric Tons
09-21-2026,2026,2024,5,8,soybean-meal,thailand,Feed Waste Domestic Consumption,4575.0,1000 Metric Tons
09-21-2026,2026,2024,5,8,soybean-meal,thailand,Food Use Domestic Consumption,0.0,1000 Metric Tons
09-21-2026,2026,2024,5,8,soybean-meal,thailand,Industrial Domestic Consumption,0.0,1000 Metric Tons
09-21-2026,2026,2024,5,8,soybean-meal,thailand,Exports,78.0,1000 Metric Tons
09-21-2026,2026,2024,5,8,soybean-meal,thailand,Total Supply,4777.0,1000 Metric Tons
09-21-2026,2026,2024,5,8,soybean-meal,thailand,Imports,2770.0,1000 Metric Tons
09-21-2026,2026,2024,5,8,soybean-meal,thailand,Production,1868.0,1000 Metric Tons
09-21-2026,2026,2024,5,8,soybean-meal,united-states,Imports,623.0,1000 Metric Tons
09-21-2026,2026,2024,5,8,soybean-meal,united-states,Total Supply,50043.0,1000 Metric Tons
09-21-2026,2026,2024,5,8,soybean-meal,united-states,Exports,14564.0,1000 Metric Tons
09-21-2026,2026,2024,5,8,soybean-oil,indonesia,Domestic Consumption,34.0,1000 Metric Tons
09-21-2026,2026,2024,5,8,soybean-oil,indonesia,Production,0.0,1000 Metric Tons
09-21-2026,2026,2024,5,8,soybean-oil,indonesia,Imports,34.0,1000 Metric Tons
09-21-2026,2026,2024,5,8,soybean-oil,indonesia,Total Supply,34.0,1000 Metric Tons
09-21-2026,2026,2024,5,8,soybean-oil,indonesia,Exports,0.0,1000 Metric Tons
09-21-2026,2026,2024,5,8,soybean-oil,indonesia,Industrial Domestic Consumption,0.0,1000 Metric Tons
09-21-2026,2026,2024,5,8,soybean-oil,indonesia,Food Use Domestic Consumption,34.0,1000 Metric Tons
09-21-2026,2026,2024,5,8,soybean-oil,indonesia,Feed Waste Domestic Consumption,0.0,1000 Metric Tons
09-21-2026,2026,2024,5,8,soybean-oil,indonesia,Ending Stocks,0.0,1000 Metric Tons
09-21-2026,2026,2024,5,8,soybean-meal,united-states,Industrial Domestic Consumption,0.0,1000 Metric Tons
09-21-2026,2026,2024,5,8,soybean-oil,indonesia,Total Distribution,34.0,1000 Metric Tons
09-21-2026,2026,2024,5,8,soybean-meal,united-states,Soybean Meal Equivalent,35068.0,1000 Metric Tons
09-21-2026,2026,2024,5,8,soybean-meal,united-states,Total Distribution,50043.0,1000 Metric Tons
09-21-2026,2026,2024,5,8,soybean-meal,united-states,Ending Stocks,411.0,1000 Metric Tons
09-21-2026,2026,2024,5,8,soybean-meal,united-states,Domestic Consumption,35068.0,1000 Metric Tons
09-21-2026,2026,2024,5,8,soybean-meal,united-states,Feed Waste Domestic Consumption,35068.0,1000 Metric Tons
09-21-2026,2026,2024,5,8,soybean-meal,united-states,Food Use Domestic Consumption,0.0,1000 Metric Tons
09-21-2026,2026,2024,5,8,soybean-meal,thailand,Beginning Stocks,139.0,1000 Metric Tons
09-21-2026,2026,2024,5,8,soybean-meal,thailand,Crush,2400.0,1000 Metric Tons
09-21-2026,2026,2024,5,8,soybean-oil,indonesia,Extraction Rate,0.0,Percentage (%)
09-21-2026,2026,2024,5,8,soybean-oil,japan,Beginning Stocks,28.0,1000 Metric Tons
09-21-2026,2026,2024,5,8,soybean-meal,taiwan,Production,1587.0,1000 Metric Tons
09-21-2026,2026,2024,5,8,soybean-meal,taiwan,Beginning Stocks,29.0,1000 Metric Tons
09-21-2026,2026,2024,5,8,soybean-meal,taiwan,Extraction Rate,0.7856,Percentage (%)
09-21-2026,2026,2024,5,8,soybean-meal,taiwan,Crush,2020.0,1000 Metric Tons
09-21-2026,2026,2024,9,1,soybeans,world,Yield,2.8185,Yield (Metric Tons per Hectare)
09-21-2026,2026,2024,9,1,soybeans,world,Total Distribution,676785.0,1000 Metric Tons
09-21-2026,2026,2024,9,1,soybeans,world,Ending Stocks,115096.0,1000 Metric Tons
09-21-2026,2026,2024,9,1,soybeans,world,Domestic Consumption,383844.0,1000 Metric Tons
09-21-2026,2026,2024,9,1,soybeans,world,Feed Waste Domestic Consumption,28757.0,1000 Metric Tons
09-21-2026,2026,2024,9,1,soybeans,world,Food Use Domestic Consumption,23842.0,1000 Metric Tons
09-21-2026,2026,2024,9,1,soybeans,world,Crush,331245.0,1000 Metric Tons
09-21-2026,2026,2024,9,1,soybeans,world,Exports,177845.0,1000 Metric Tons
09-21-2026,2026,2024,5,8,soybean-meal,south-korea,Soybean Meal Equivalent,2300.0,1000 Metric Tons
09-21-2026,2026,2024,5,8,soybean-meal,south-korea,Total Distribution,2565.0,1000 Metric Tons
09-21-2026,2026,2024,5,8,soybean-meal,south-korea,Ending Stocks,200.0,1000 Metric Tons
09-21-2026,2026,2024,5,8,soybean-meal,south-korea,Domestic Consumption,2325.0,1000 Metric Tons
09-21-2026,2026,2024,5,8,soybean-meal,south-korea,Feed Waste Domestic Consumption,2300.0,1000 Metric Tons
09-21-2026,2026,2024,5,8,soybean-meal,taiwan,Imports,81.0,1000 Metric Tons
09-21-2026,2026,2024,5,8,soybean-meal,taiwan,Total Supply,1697.0,1000 Metric Tons
09-21-2026,2026,2024,5,8,soybean-meal,taiwan,Exports,50.0,1000 Metric Tons
09-21-2026,2026,2024,5,8,soybean-oil,japan,Domestic Consumption,470.0,1000 Metric Tons
09-21-2026,2026,2024,5,8,soybean-oil,japan,Production,461.0,1000 Metric Tons
09-21-2026,2026,2024,5,8,soybean-oil,japan,Imports,2.0,1000 Metric Tons
09-21-2026,2026,2024,5,8,soybean-oil,japan,Total Supply,491.0,1000 Metric Tons
09-21-2026,2026,2024,5,8,soybean-oil,japan,Exports,0.0,1000 Metric Tons
09-21-2026,2026,2024,5,8,soybean-oil,japan,Industrial Domestic Consumption,30.0,1000 Metric Tons
09-21-2026,2026,2024,5,8,soybean-oil,japan,Food Use Domestic Consumption,440.0,1000 Metric Tons
09-21-2026,2026,2024,5,8,soybean-oil,japan,Feed Waste Domestic Consumption,0.0,1000 Metric Tons
09-21-2026,2026,2024,5,8,soybean-oil,japan,Ending Stocks,21.0,1000 Metric Tons
09-21-2026,2026,2024,5,8,soybean-meal,taiwan,Industrial Domestic Consumption,0.0,1000 Metric Tons
09-21-2026,2026,2024,5,8,soybean-oil,japan,Total Distribution,491.0,1000 Metric Tons
09-21-2026,2026,2024,5,8,soybean-meal,taiwan,Soybean Meal Equivalent,1620.0,1000 Metric Tons
09-21-2026,2026,2024,5,8,soybean-meal,taiwan,Total Distribution,1697.0,1000 Metric Tons
09-21-2026,2026,2024,5,8,soybean-meal,taiwan,Ending Stocks,27.0,1000 Metric Tons
09-21-2026,2026,2024,5,8,soybean-meal,taiwan,Domestic Consumption,1620.0,1000 Metric Tons
09-21-2026,2026,2024,5,8,soybean-meal,taiwan,Feed Waste Domestic Consumption,1620.0,1000 Metric Tons
09-21-2026,2026,2024,5,8,soybean-meal,taiwan,Food Use Domestic Consumption,0.0,1000 Metric Tons
09-21-2026,2026,2024,5,8,soybean-oil,indonesia,Beginning Stocks,0.0,1000 Metric Tons
09-21-2026,2026,2024,5,8,soybean-oil,indonesia,Crush,0.0,1000 Metric Tons
09-21-2026,2026,2024,4,7,soybean-meal,egypt,Extraction Rate,0.7902,Percentage (%)
09-21-2026,2026,2024,5,8,soybean-oil,china,Crush,99000.0,1000 Metric Tons
09-21-2026,2026,2024,9,4,wheat,world,Feed Domestic Consumption,159570.0,1000 Metric Tons
09-21-2026,2026,2024,9,4,wheat,world,Food Seed and Industrial Consumption,637495.0,1000 Metric Tons
09-21-2026,2026,2024,9,4,wheat,world,Domestic Consumption,797065.0,1000 Metric Tons
09-21-2026,2026,2024,9,4,wheat,world,Ending Stocks,269944.0,1000 Metric Tons
09-21-2026,2026,2024,9,4,wheat,world,Total Distribution,1288705.0,1000 Metric Tons
09-21-2026,2026,2024,9,4,wheat,world,Yield,3.5622,Yield (Metric Tons per Hectare)
09-21-2026,2026,2024,5,8,soybean-oil,china,Total Distribution,20172.0,1000 Metric Tons
09-21-2026,2026,2024,5,8,soybean-oil,china,Ending Stocks,1168.0,1000 Metric Tons
09-21-2026,2026,2024,5,8,soybean-oil,china,Domestic Consumption,18900.0,1000 Metric Tons
09-21-2026,2026,2024,5,8,soybean-oil,china,Feed Waste Domestic Consumption,0.0,1000 Metric Tons
09-21-2026,2026,2024,5,8,soybean-oil,china,Food Use Domestic Consumption,18900.0,1000 Metric Tons
09-21-2026,2026,2024,5,8,soybean-oil,china,Industrial Domestic Consumption,0.0,1000 Metric Tons
09-21-2026,2026,2024,5,8,soybean-oil,china,Exports,104.0,1000 Metric Tons
09-21-2026,2026,2024,5,8,soybean-oil,china,Total Supply,20172.0,1000 Metric Tons
09-21-2026,2026,2024,5,8,soybean-oil,china,Imports,381.0,1000 Metric Tons
09-21-2026,2026,2024,5,8,soybean-oil,china,Production,18810.0,1000 Metric Tons
09-21-2026,2026,2024,5,8,soybean-oil,china,Beginning Stocks,981.0,1000 Metric Tons
09-21-2026,2026,2024,9,4,wheat,world,Trade Year Exports,224689.0,1000 Metric Tons
09-21-2026,2026,2024,9,4,wheat,world,Exports,221696.0,1000 Metric Tons
09-21-2026,2026,2024,9,4,wheat,world,Total Supply,1288705.0,1000 Metric Tons
09-21-2026,2026,2024,5,8,soybean-oil,european-union,Feed Waste Domestic Consumption,55.0,1000 Metric Tons
09-21-2026,2026,2024,5,8,soybean-oil,european-union,Crush,14500.0,1000 Metric Tons
09-21-2026,2026,2024,5,8,soybean-oil,european-union,Production,2755.0,1000 Metric Tons
09-21-2026,2026,2024,5,8,soybean-oil,european-union,Imports,592.0,1000 Metric Tons
09-21-2026,2026,2024,5,8,soybean-oil,european-union,Total Supply,3948.0,1000 Metric Tons
09-21-2026,2026,2024,5,8,soybean-oil,european-union,Exports,659.0,1000 Metric Tons
09-21-2026,2026,2024,5,8,soybean-oil,european-union,Industrial Domestic Consumption,1150.0,1000 Metric Tons
09-21-2026,2026,2024,5,8,soybean-oil,european-union,Food Use Domestic Consumption,1425.0,1000 Metric Tons
09-21-2026,2026,2024,5,8,soybean-oil,european-union,Domestic Consumption,2630.0,1000 Metric Tons
09-21-2026,2026,2024,9,4,wheat,world,Trade Year Imports From United States,19543.0,1000 Metric Tons
09-21-2026,2026,2024,5,8,soybean-oil,european-union,Ending Stocks,659.0,1000 Metric Tons
09-21-2026,2026,2024,5,8,soybean-oil,european-union,Total Distribution,3948.0,1000 Metric Tons
09-21-2026,2026,2024,9,4,wheat,world,Area Harvested,222218.0,1000 Hectares
09-21-2026,2026,2024,9,4,wheat,world,Beginning Stocks,274187.0,1000 Metric Tons
09-21-2026,2026,2024,9,4,wheat,world,Production,791593.0,1000 Metric Tons
09-21-2026,2026,2024,9,4,wheat,world,Imports,222925.0,1000 Metric Tons
09-21-2026,2026,2024,9,4,wheat,world,Trade Year Imports,221211.0,1000 Metric Tons
09-21-2026,2026,2024,5,8,soybean-oil,china,Extraction Rate,0.19,Percentage (%)
09-21-2026,2026,2024,8,11,soybean-oil,canada,Total Distribution,959.0,1000 Metric Tons
09-21-2026,2026,2024,5,8,soybean-meal,vietnam,Crush,1400.0,1000 Metric Tons
09-21-2026,2026,2024,8,11,soybean-oil,canada,Ending Stocks,142.0,1000 Metric Tons
09-21-2026,2026,2024,4,7,soybean-oil,bangladesh,Production,364.0,1000 Metric Tons
09-21-2026,2026,2024,4,7,soybean-oil,bangladesh,Beginning Stocks,18.0,1000 Metric Tons
09-21-2026,2026,2024,4,7,soybean-oil,bangladesh,Extraction Rate,0.182,Percentage (%)
09-21-2026,2026,2024,4,7,soybean-oil,bangladesh,Crush,2000.0,1000 Metric Tons
09-21-2026,2026,2024,5,8,soybean-meal,vietnam,Soybean Meal Equivalent,6550.0,1000 Metric Tons
09-21-2026,2026,2024,5,8,soybean-meal,vietnam,Total Distribution,7381.0,1000 Metric Tons
09-21-2026,2026,2024,5,8,soybean-meal,vietnam,Ending Stocks,659.0,1000 Metric Tons
09-21-2026,2026,2024,5,8,soybean-meal,vietnam,Domestic Consumption,6640.0,1000 Metric Tons
09-21-2026,2026,2024,5,8,soybean-meal,vietnam,Feed Waste Domestic Consumption,6550.0,1000 Metric Tons
09-21-2026,2026,2024,5,8,soybean-meal,vietnam,Food Use Domestic Consumption,90.0,1000 Metric Tons
09-21-2026,2026,2024,5,8,soybean-meal,vietnam,Industrial Domestic Consumption,0.0,1000 Metric Tons
09-21-2026,2026,2024,5,8,soybean-meal,vietnam,Exports,82.0,1000 Metric Tons
09-21-2026,2026,2024,5,8,soybean-meal,vietnam,Total Supply,7381.0,1000 Metric Tons
09-21-2026,2026,2024,5,8,soybean-meal,vietnam,Imports,6033.0,1000 Metric Tons
09-21-2026,2026,2024,5,8,soybean-meal,vietnam,Production,1093.0,1000 Metric Tons
09-21-2026,2026,2024,5,8,soybean-meal,vietnam,Beginning Stocks,255.0,1000 Metric Tons
09-21-2026,2026,2024,5,8,soybean-meal,vietnam,Extraction Rate,0.7807,Percentage (%)
09-21-2026,2026,2024,4,7,soybean-oil,bangladesh,Imports,649.0,1000 Metric Tons
09-21-2026,2026,2024,4,7,soybean-oil,bangladesh,Total Supply,1031.0,1000 Metric Tons
09-21-2026,2026,2024,4,7,soybean-oil,bangladesh,Exports,0.0,1000 Metric Tons
09-21-2026,2026,2024,8,11,soybean-oil,canada,Production,312.0,1000 Metric Tons
09-21-2026,2026,2024,8,11,soybean-oil,canada,Domestic Consumption,675.0,1000 Metric Tons
09-21-2026,2026,2024,8,11,soybean-oil,canada,Feed Waste Domestic Consumption,0.0,1000 Metric Tons
09-21-2026,2026,2024,8,11,soybean-oil,canada,Food Use Domestic Consumption,255.0,1000 Metric Tons
09-21-2026,2026,2024,8,11,soybean-oil,canada,Industrial Domestic Consumption,420.0,1000 Metric Tons
09-21-2026,2026,2024,8,11,soybean-oil,canada,Exports,142.0,1000 Metric Tons
09-21-2026,2026,2024,8,11,soybean-oil,canada,Total Supply,959.0,1000 Metric Tons
09-21-2026,2026,2024,8,11,soybean-oil,canada,Imports,573.0,1000 Metric Tons
09-21-2026,2026,2024,8,11,soybean-oil,canada,Beginning Stocks,74.0,1000 Metric Tons
09-21-2026,2026,2024,4,7,soybean-oil,bangladesh,Industrial Domestic Consumption,85.0,1000 Metric Tons
09-21-2026,2026,2024,8,11,soybean-oil,canada,Extraction Rate,0.1889,Percentage (%)
09-21-2026,2026,2024,8,11,soybean-oil,canada,Crush,1652.0,1000 Metric Tons
09-21-2026,2026,2024,4,7,soybean-oil,bangladesh,Total Distribution,1031.0,1000 Metric Tons
09-21-2026,2026,2024,4,7,soybean-oil,bangladesh,Ending Stocks,21.0,1000 Metric Tons
09-21-2026,2026,2024,4,7,soybean-oil,bangladesh,Domestic Consumption,1010.0,1000 Metric Tons
09-21-2026,2026,2024,4,7,soybean-oil,bangladesh,Feed Waste Domestic Consumption,0.0,1000 Metric Tons
09-21-2026,2026,2024,4,7,soybean-oil,bangladesh,Food Use Domestic Consumption,925.0,1000 Metric Tons
09-21-2026,2026,2024,5,8,soybean-meal,south-korea,Food Use Domestic Consumption,25.0,1000 Metric Tons
09-21-2026,2026,2024,5,8,soybean-meal,south-korea,Industrial Domestic Consumption,0.0,1000 Metric Tons
09-21-2026,2026,2024,5,8,soybean-meal,south-korea,Exports,40.0,1000 Metric Tons
09-21-2026,2026,2024,5,8,soybean-oil,nigeria,Total Distribution,179.0,1000 Metric Tons
09-21-2026,2026,2024,5,8,soybean-oil,nigeria,Food Use Domestic Consumption,150.0,1000 Metric Tons
09-21-2026,2026,2024,5,8,soybean-meal,honduras,Soybean Meal Equivalent,330.0,1000 Metric Tons
09-21-2026,2026,2024,5,8,soybean-meal,honduras,Total Distribution,390.0,1000 Metric Tons
09-21-2026,2026,2024,5,8,soybean-meal,honduras,Ending Stocks,17.0,1000 Metric Tons
09-21-2026,2026,2024,5,8,soybean-meal,honduras,Domestic Consumption,330.0,1000 Metric Tons
09-21-2026,2026,2024,5,8,soybean-meal,honduras,Feed Waste Domestic Consumption,330.0,1000 Metric Tons
09-21-2026,2026,2024,5,8,soybean-meal,honduras,Food Use Domestic Consumption,0.0,1000 Metric Tons
09-21-2026,2026,2024,5,8,soybean-meal,honduras,Industrial Domestic Consumption,0.0,1000 Metric Tons
09-21-2026,2026,2024,5,8,soybean-meal,honduras,Exports,43.0,1000 Metric Tons
09-21-2026,2026,2024,5,8,soybean-meal,honduras,Total Supply,390.0,1000 Metric Tons
09-21-2026,2026,2024,5,8,soybean-meal,honduras,Imports,337.0,1000 Metric Tons
09-21-2026,2026,2024,5,8,soybean-meal,honduras,Production,0.0,1000 Metric Tons
09-21-2026,2026,2024,5,8,soybean-meal,honduras,Beginning Stocks,53.0,1000 Metric Tons
09-21-2026,2026,2024,5,8,soybean-meal,honduras,Extraction Rate,0.0,Percentage (%)
09-21-2026,2026,2024,5,8,soybean-meal,honduras,Crush,0.0,1000 Metric Tons
09-21-2026,2026,2024,5,8,soybean-oil,nigeria,Feed Waste Domestic Consumption,0.0,1000 Metric Tons
09-21-2026,2026,2024,5,8,soybean-oil,nigeria,Domestic Consumption,150.0,1000 Metric Tons
09-21-2026,2026,2024,5,8,soybean-oil,nigeria,Industrial Domestic Consumption,0.0,1000 Metric Tons
09-21-2026,2026,2024,5,8,soybean-oil,nigeria,Exports,0.0,1000 Metric Tons
09-21-2026,2026,2024,5,8,soybean-oil,nigeria,Total Supply,179.0,1000 Metric Tons
09-21-2026,2026,2024,5,8,soybean-meal,indonesia,Imports,5055.0,1000 Metric Tons
09-21-2026,2026,2024,5,8,soybean-meal,indonesia,Ending Stocks,106.0,1000 Metric Tons
09-21-2026,2026,2024,5,8,soybean-meal,indonesia,Domestic Consumption,5200.0,1000 Metric Tons
09-21-2026,2026,2024,5,8,soybean-meal,indonesia,Feed Waste Domestic Consumption,5200.0,1000 Metric Tons
09-21-2026,2026,2024,5,8,soybean-meal,indonesia,Food Use Domestic Consumption,0.0,1000 Metric Tons
09-21-2026,2026,2024,5,8,soybean-meal,indonesia,Industrial Domestic Consumption,0.0,1000 Metric Tons
09-21-2026,2026,2024,5,8,soybean-meal,indonesia,Exports,0.0,1000 Metric Tons
09-21-2026,2026,2024,5,8,soybean-meal,indonesia,Total Supply,5306.0,1000 Metric Tons
09-21-2026,2026,2024,5,8,soybean-meal,indonesia,Production,0.0,1000 Metric Tons
09-21-2026,2026,2024,5,8,soybean-oil,nigeria,Imports,1.0,1000 Metric Tons
09-21-2026,2026,2024,5,8,soybean-meal,indonesia,Beginning Stocks,251.0,1000 Metric Tons
09-21-2026,2026,2024,5,8,soybean-meal,indonesia,Extraction Rate,0.0,Percentage (%)
09-21-2026,2026,2024,5,8,soybean-meal,indonesia,Crush,0.0,1000 Metric Tons
09-21-2026,2026,2024,5,8,soybean-oil,nigeria,Crush,700.0,1000 Metric Tons
09-21-2026,2026,2024,5,8,soybean-oil,nigeria,Extraction Rate,0.1814,Percentage (%)
09-21-2026,2026,2024,5,8,soybean-oil,nigeria,Beginning Stocks,51.0,1000 Metric Tons
09-21-2026,2026,2024,5,8,soybean-oil,nigeria,Production,127.0,1000 Metric Tons
09-21-2026,2026,2024,5,8,soybean-oil,nigeria,Ending Stocks,29.0,1000 Metric Tons
09-21-2026,2026,2024,9,12,soybean-oil,world,Total Distribution,80409.0,1000 Metric Tons
09-21-2026,2026,2024,5,8,soybean-meal,south-korea,Total Supply,2565.0,1000 Metric Tons
09-21-2026,2026,2024,9,12,soybean-oil,world,Ending Stocks,5713.0,1000 Metric Tons
09-21-2026,2026,2024,9,12,soybean-oil,world,Imports,10531.0,1000 Metric Tons
09-21-2026,2026,2024,9,12,soybean-oil,world,Production,64009.0,1000 Metric Tons
09-21-2026,2026,2024,9,12,soybean-oil,world,Beginning Stocks,5869.0,1000 Metric Tons
09-21-2026,2026,2024,9,12,soybean-oil,world,Extraction Rate,0.1932,Percentage (%)
09-21-2026,2026,2024,9,12,soybean-oil,world,Crush,331245.0,1000 Metric Tons
09-21-2026,2026,2024,4,7,soybean-meal,egypt,Soybean Meal Equivalent,3000.0,1000 Metric Tons
09-21-2026,2026,2024,4,7,soybean-meal,egypt,Total Distribution,3212.0,1000 Metric Tons
09-21-2026,2026,2024,4,7,soybean-meal,egypt,Ending Stocks,200.0,1000 Metric Tons
09-21-2026,2026,2024,4,7,soybean-meal,egypt,Domestic Consumption,3000.0,1000 Metric Tons
09-21-2026,2026,2024,4,7,soybean-meal,egypt,Feed Waste Domestic Consumption,3000.0,1000 Metric Tons
09-21-2026,2026,2024,4,7,soybean-meal,egypt,Food Use Domestic Consumption,0.0,1000 Metric Tons
09-21-2026,2026,2024,4,7,soybean-meal,egypt,Industrial Domestic Consumption,0.0,1000 Metric Tons
09-21-2026,2026,2024,4,7,soybean-meal,egypt,Exports,12.0,1000 Metric Tons
09-21-2026,2026,2024,4,7,soybean-meal,egypt,Total Supply,3212.0,1000 Metric Tons
09-21-2026,2026,2024,4,7,soybean-meal,egypt,Imports,468.0,1000 Metric Tons
09-21-2026,2026,2024,4,7,soybean-meal,egypt,Production,2568.0,1000 Metric Tons
09-21-2026,2026,2024,4,7,soybean-meal,egypt,Beginning Stocks,176.0,1000 Metric Tons
09-21-2026,2026,2024,9,12,soybean-oil,world,Total Supply,80409.0,1000 Metric Tons
09-21-2026,2026,2024,9,12,soybean-oil,world,Exports,11812.0,1000 Metric Tons
09-21-2026,2026,2024,9,12,soybean-oil,world,Industrial Domestic Consumption,15267.0,1000 Metric Tons
09-21-2026,2026,2024,5,8,soybean-meal,european-union,Exports,651.0,1000 Metric Tons
09-21-2026,2026,2024,5,8,soybean-meal,european-union,Soybean Meal Equivalent,27000.0,1000 Metric Tons
09-21-2026,2026,2024,5,8,soybean-meal,european-union,Total Distribution,28529.0,1000 Metric Tons
09-21-2026,2026,2024,5,8,soybean-meal,european-union,Ending Stocks,836.0,1000 Metric Tons
09-21-2026,2026,2024,5,8,soybean-meal,european-union,Domestic Consumption,27042.0,1000 Metric Tons
09-21-2026,2026,2024,5,8,soybean-meal,european-union,Feed Waste Domestic Consumption,27000.0,1000 Metric Tons
09-21-2026,2026,2024,5,8,soybean-meal,european-union,Food Use Domestic Consumption,32.0,1000 Metric Tons
09-21-2026,2026,2024,5,8,soybean-meal,european-union,Industrial Domestic Consumption,10.0,1000 Metric Tons
09-21-2026,2026,2024,5,8,soybean-meal,european-union,Total Supply,28529.0,1000 Metric Tons
09-21-2026,2026,2024,9,12,soybean-oil,world,Food Use Domestic Consumption,47557.0,1000 Metric Tons
09-21-2026,2026,2024,5,8,soybean-meal,european-union,Imports,16564.0,1000 Metric Tons
09-21-2026,2026,2024,5,8,soybean-meal,european-union,Production,11455.0,1000 Metric Tons
09-21-2026,2026,2024,5,8,soybean-meal,european-union,Beginning Stocks,510.0,1000 Metric Tons
09-21-2026,2026,2024,5,8,soybean-meal,european-union,Extraction Rate,0.79,Percentage (%)
09-21-2026,2026,2024,5,8,soybean-meal,european-union,Crush,14500.0,1000 Metric Tons
09-21-2026,2026,2024,9,12,soybean-oil,world,Domestic Consumption,62884.0,1000 Metric Tons
09-21-2026,2026,2024,9,12,soybean-oil,world,Feed Waste Domestic Consumption,60.0,1000 Metric Tons
09-21-2026,2026,2024,5,8,soybean-meal,indonesia,Total Distribution,5306.0,1000 Metric Tons
09-21-2026,2026,2024,5,8,soybean-meal,indonesia,Soybean Meal Equivalent,5200.0,1000 Metric Tons
09-21-2026,2026,2024,5,8,soybean-meal,mexico,Crush,6530.0,1000 Metric Tons
09-21-2026,2026,2024,5,8,soybean-meal,mexico,Extraction Rate,0.79,Percentage (%)
09-21-2026,2026,2024,5,8,soybean-meal,philippines,Production,50.0,1000 Metric Tons
09-21-2026,2026,2024,5,8,soybean-meal,philippines,Beginning Stocks,200.0,1000 Metric Tons
09-21-2026,2026,2024,5,8,soybean-meal,philippines,Extraction Rate,0.7692,Percentage (%)
09-21-2026,2026,2024,5,8,soybean-meal,philippines,Crush,65.0,1000 Metric Tons
09-21-2026,2026,2024,4,7,soybean-meal,pakistan,Soybean Meal Equivalent,1050.0,1000 Metric Tons
09-21-2026,2026,2024,4,7,soybean-meal,pakistan,Total Distribution,1120.0,1000 Metric Tons
09-21-2026,2026,2024,4,7,soybean-meal,pakistan,Ending Stocks,69.0,1000 Metric Tons
09-21-2026,2026,2024,4,7,soybean-meal,pakistan,Domestic Consumption,1050.0,1000 Metric Tons
09-21-2026,2025,2024,11,3,corn,canada,Ending Stocks,1996.0,1000 Metric Tons
09-21-2026,2026,2024,4,7,soybean-meal,pakistan,Food Use Domestic Consumption,0.0,1000 Metric Tons
09-21-2026,2026,2024,4,7,soybean-meal,pakistan,Industrial Domestic Consumption,0.0,1000 Metric Tons
09-21-2026,2026,2024,4,7,soybean-meal,pakistan,Exports,1.0,1000 Metric Tons
09-21-2026,2026,2024,4,7,soybean-meal,pakistan,Total Supply,1120.0,1000 Metric Tons
09-21-2026,2026,2024,4,7,soybean-meal,pakistan,Imports,341.0,1000 Metric Tons
09-21-2026,2026,2024,4,7,soybean-meal,pakistan,Production,740.0,1000 Metric Tons
09-21-2026,2026,2024,4,7,soybean-meal,pakistan,Beginning Stocks,39.0,1000 Metric Tons
09-21-2026,2026,2024,4,7,soybean-meal,pakistan,Extraction Rate,0.7789,Percentage (%)
09-21-2026,2026,2024,5,8,soybean-meal,philippines,Imports,2967.0,1000 Metric Tons
09-21-2026,2026,2024,5,8,soybean-meal,philippines,Total Supply,3217.0,1000 Metric Tons
09-21-2026,2026,2024,5,8,soybean-meal,philippines,Exports,0.0,1000 Metric Tons
09-21-2026,2026,2024,9,1,soybeans,world,Production,396448.0,1000 Metric Tons
09-21-2026,2026,2024,5,8,soybean-meal,south-korea,Imports,1664.0,1000 Metric Tons
09-21-2026,2026,2024,5,8,soybean-meal,south-korea,Production,666.0,1000 Metric Tons
09-21-2026,2026,2024,5,8,soybean-meal,south-korea,Beginning Stocks,235.0,1000 Metric Tons
09-21-2026,2026,2024,5,8,soybean-meal,south-korea,Extraction Rate,0.72,Percentage (%)
09-21-2026,2026,2024,5,8,soybean-meal,south-korea,Crush,925.0,1000 Metric Tons
09-21-2026,2026,2024,9,1,soybeans,world,Total Supply,676785.0,1000 Metric Tons
09-21-2026,2026,2024,9,1,soybeans,world,Imports,178499.0,1000 Metric Tons
09-21-2026,2026,2024,9,1,soybeans,world,Beginning Stocks,101838.0,1000 Metric Tons
09-21-2026,2026,2024,5,8,soybean-meal,philippines,Industrial Domestic Consumption,0.0,1000 Metric Tons
09-21-2026,2026,2024,9,1,soybeans,world,Area Harvested,140658.0,1000 Hectares
09-21-2026,2026,2024,5,8,soybean-meal,philippines,Soybean Meal Equivalent,3000.0,1000 Metric Tons
09-21-2026,2026,2024,5,8,soybean-meal,philippines,Total Distribution,3217.0,1000 Metric Tons
09-21-2026,2026,2024,5,8,soybean-meal,philippines,Ending Stocks,217.0,1000 Metric Tons
09-21-2026,2026,2024,5,8,soybean-meal,philippines,Domestic Consumption,3000.0,1000 Metric Tons
09-21-2026,2026,2024,5,8,soybean-meal,philippines,Feed Waste Domestic Consumption,3000.0,1000 Metric Tons
09-21-2026,2026,2024,5,8,soybean-meal,philippines,Food Use Domestic Consumption,0.0,1000 Metric Tons
09-21-2026,2026,2024,4,7,soybean-meal,pakistan,Crush,950.0,1000 Metric Tons
09-21-2026,2026,2024,5,8,soybean-oil,mexico,Crush,6530.0,1000 Metric Tons
09-21-2026,2026,2024,5,8,soybean-oil,mexico,Extraction Rate,0.1845,Percentage (%)
09-21-2026,2026,2024,5,8,soybean-meal,mexico,Domestic Consumption,7080.0,1000 Metric Tons
09-21-2026,2026,2024,5,8,soybean-oil,mexico,Feed Waste Domestic Consumption,0.0,1000 Metric Tons
09-21-2026,2026,2024,5,8,soybean-oil,mexico,Domestic Consumption,1270.0,1000 Metric Tons
09-21-2026,2026,2024,5,8,soybean-oil,mexico,Ending Stocks,114.0,1000 Metric Tons
09-21-2026,2026,2024,5,8,soybean-oil,mexico,Total Distribution,1478.0,1000 Metric Tons
09-21-2026,2026,2024,5,8,soybean-meal,mexico,Soybean Meal Equivalent,7030.0,1000 Metric Tons
09-21-2026,2026,2024,5,8,soybean-meal,mexico,Total Distribution,7243.0,1000 Metric Tons
09-21-2026,2026,2024,5,8,soybean-meal,mexico,Ending Stocks,159.0,1000 Metric Tons
09-21-2026,2026,2024,5,8,soybean-meal,mexico,Feed Waste Domestic Consumption,7030.0,1000 Metric Tons
09-21-2026,2026,2024,5,8,soybean-oil,mexico,Industrial Domestic Consumption,0.0,1000 Metric Tons
09-21-2026,2026,2024,5,8,soybean-meal,mexico,Food Use Domestic Consumption,50.0,1000 Metric Tons
09-21-2026,2026,2024,5,8,soybean-meal,mexico,Industrial Domestic Consumption,0.0,1000 Metric Tons
09-21-2026,2026,2024,5,8,soybean-meal,mexico,Exports,4.0,1000 Metric Tons
09-21-2026,2026,2024,5,8,soybean-meal,mexico,Total Supply,7243.0,1000 Metric Tons
09-21-2026,2026,2024,5,8,soybean-meal,mexico,Imports,1937.0,1000 Metric Tons
09-21-2026,2026,2024,5,8,soybean-meal,mexico,Production,5159.0,1000 Metric Tons
09-21-2026,2026,2024,5,8,soybean-meal,mexico,Beginning Stocks,147.0,1000 Metric Tons
09-21-2026,2026,2024,5,8,soybean-oil,mexico,Food Use Domestic Consumption,1270.0,1000 Metric Tons
09-21-2026,2026,2024,5,8,soybean-oil,mexico,Exports,94.0,1000 Metric Tons
09-21-2026,2026,2024,5,8,soybean-oil,mexico,Beginning Stocks,173.0,1000 Metric Tons
09-21-2026,2026,2024,5,8,soybean-meal,nigeria,Feed Waste Domestic Consumption,470.0,1000 Metric Tons
09-21-2026,2026,2024,5,8,soybean-oil,mexico,Production,1205.0,1000 Metric Tons
09-21-2026,2026,2024,5,8,soybean-oil,mexico,Imports,100.0,1000 Metric Tons
09-21-2026,2026,2024,5,8,soybean-oil,mexico,Total Supply,1478.0,1000 Metric Tons
09-21-2026,2026,2024,5,8,soybean-meal,nigeria,Soybean Meal Equivalent,470.0,1000 Metric Tons
09-21-2026,2026,2024,5,8,soybean-meal,nigeria,Total Distribution,599.0,1000 Metric Tons
09-21-2026,2026,2024,5,8,soybean-meal,nigeria,Ending Stocks,19.0,1000 Metric Tons
09-21-2026,2026,2024,5,8,soybean-meal,nigeria,Domestic Consumption,470.0,1000 Metric Tons
09-21-2026,2026,2024,5,8,soybean-meal,nigeria,Food Use Domestic Consumption,0.0,1000 Metric Tons
09-21-2026,2026,2024,5,8,soybean-meal,nigeria,Crush,700.0,1000 Metric Tons
09-21-2026,2026,2024,5,8,soybean-meal,nigeria,Industrial Domestic Consumption,0.0,1000 Metric Tons
09-21-2026,2026,2024,5,8,soybean-meal,nigeria,Exports,110.0,1000 Metric Tons
09-21-2026,2026,2024,5,8,soybean-meal,nigeria,Total Supply,599.0,1000 Metric Tons
09-21-2026,2026,2024,5,8,soybean-meal,nigeria,Imports,1.0,1000 Metric Tons
09-21-2026,2026,2024,5,8,soybean-meal,nigeria,Production,543.0,1000 Metric Tons
09-21-2026,2026,2024,5,8,soybean-meal,nigeria,Beginning Stocks,55.0,1000 Metric Tons
09-21-2026,2026,2024,5,8,soybean-meal,nigeria,Extraction Rate,0.7757,Percentage (%)
09-21-2026,2025,2024,11,3,corn,canada,Domestic Consumption,15718.0,1000 Metric Tons
09-21-2026,2025,2024,8,12,corn,philippines,Trade Year Imports,1784.0,1000 Metric Tons
09-21-2026,2025,2024,11,3,corn,canada,Total Distribution,19863.0,1000 Metric Tons
09-21-2026,2025,2024,7,10,soybean-meal,guatemala,Domestic Consumption,600.0,1000 Metric Tons
09-21-2026,2026,2024,8,3,wheat,guatemala,Total Supply,977.0,1000 Metric Tons
09-21-2026,2026,2024,8,3,wheat,guatemala,Exports,46.0,1000 Metric Tons
09-21-2026,2026,2024,8,3,wheat,guatemala,Trade Year Exports,46.0,1000 Metric Tons
09-21-2026,2026,2024,8,3,wheat,guatemala,Feed Domestic Consumption,40.0,1000 Metric Tons
09-21-2026,2026,2024,8,3,wheat,guatemala,Food Seed and Industrial Consumption,650.0,1000 Metric Tons
09-21-2026,2026,2024,8,3,wheat,guatemala,Domestic Consumption,690.0,1000 Metric Tons
09-21-2026,2026,2024,8,3,wheat,guatemala,Ending Stocks,241.0,1000 Metric Tons
09-21-2026,2026,2024,8,3,wheat,guatemala,Total Distribution,977.0,1000 Metric Tons
09-21-2026,2026,2024,8,3,wheat,guatemala,Yield,0.0,Yield (Metric Tons per Hectare)
09-21-2026,2025,2024,7,10,soybean-meal,guatemala,Soybean Meal Equivalent,600.0,1000 Metric Tons
09-21-2026,2025,2024,7,10,soybean-meal,guatemala,Total Distribution,648.0,1000 Metric Tons
09-21-2026,2025,2024,7,10,soybean-meal,guatemala,Ending Stocks,48.0,1000 Metric Tons
09-21-2026,2025,2024,7,10,soybean-meal,guatemala,Feed Waste Domestic Consumption,600.0,1000 Metric Tons
09-21-2026,2025,2024,4,7,soybean-oil,taiwan,Imports,0.0,1000 Metric Tons
09-21-2026,2025,2024,7,10,soybean-meal,guatemala,Food Use Domestic Consumption,0.0,1000 Metric Tons
09-21-2026,2025,2024,7,10,soybean-meal,guatemala,Industrial Domestic Consumption,0.0,1000 Metric Tons
09-21-2026,2025,2024,7,10,soybean-meal,guatemala,Exports,0.0,1000 Metric Tons
09-21-2026,2025,2024,7,10,soybean-meal,guatemala,Total Supply,648.0,1000 Metric Tons
09-21-2026,2025,2024,7,10,soybean-meal,guatemala,Imports,606.0,1000 Metric Tons
09-21-2026,2025,2024,7,10,soybean-meal,guatemala,Production,27.0,1000 Metric Tons
09-21-2026,2025,2024,7,10,soybean-meal,guatemala,Beginning Stocks,15.0,1000 Metric Tons
09-21-2026,2025,2024,7,10,soybean-meal,guatemala,Extraction Rate,0.7714,Percentage (%)
09-21-2026,2025,2024,7,10,soybean-meal,guatemala,Crush,35.0,1000 Metric Tons
09-21-2026,2025,2024,5,8,soybean-meal,japan,Soybean Meal Equivalent,3141.0,1000 Metric Tons
09-21-2026,2025,2024,5,8,soybean-meal,japan,Total Distribution,3634.0,1000 Metric Tons
09-21-2026,2025,2024,5,8,soybean-meal,japan,Ending Stocks,112.0,1000 Metric Tons
09-21-2026,2025,2024,4,7,soybean-oil,south-korea,Crush,925.0,1000 Metric Tons
09-21-2026,2025,2024,4,7,soybean-oil,south-korea,Extraction Rate,0.1968,Percentage (%)
09-21-2026,2025,2024,4,7,soybean-oil,south-korea,Beginning Stocks,67.0,1000 Metric Tons
09-21-2026,2025,2024,4,7,soybean-oil,south-korea,Production,182.0,1000 Metric Tons
09-21-2026,2025,2024,4,7,soybean-oil,taiwan,Beginning Stocks,15.0,1000 Metric Tons
09-21-2026,2025,2024,4,7,soybean-oil,taiwan,Extraction Rate,0.1787,Percentage (%)
09-21-2026,2025,2024,4,7,soybean-oil,taiwan,Crush,2020.0,1000 Metric Tons
09-21-2026,2025,2024,4,7,soybean-oil,colombia,Total Distribution,428.0,1000 Metric Tons
09-21-2026,2025,2024,4,7,soybean-oil,colombia,Ending Stocks,67.0,1000 Metric Tons
09-21-2026,2025,2024,4,7,soybean-oil,colombia,Domestic Consumption,320.0,1000 Metric Tons
09-21-2026,2025,2024,4,7,soybean-oil,colombia,Feed Waste Domestic Consumption,0.0,1000 Metric Tons
09-21-2026,2025,2024,4,7,soybean-oil,colombia,Food Use Domestic Consumption,320.0,1000 Metric Tons
09-21-2026,2025,2024,4,7,soybean-oil,colombia,Industrial Domestic Consumption,0.0,1000 Metric Tons
09-21-2026,2025,2024,4,7,soybean-oil,colombia,Exports,41.0,1000 Metric Tons
09-21-2026,2025,2024,4,7,soybean-oil,colombia,Total Supply,428.0,1000 Metric Tons
09-21-2026,2025,2024,4,7,soybean-oil,colombia,Imports,317.0,1000 Metric Tons
09-21-2026,2025,2024,4,7,soybean-oil,colombia,Production,100.0,1000 Metric Tons
09-21-2026,2025,2024,4,7,soybean-oil,colombia,Beginning Stocks,11.0,1000 Metric Tons
09-21-2026,2025,2024,4,7,soybean-oil,colombia,Extraction Rate,0.1887,Percentage (%)
09-21-2026,2025,2024,4,7,soybean-oil,colombia,Crush,530.0,1000 Metric Tons
09-21-2026,2025,2024,4,7,soybean-oil,south-korea,Total Distribution,696.0,1000 Metric Tons
09-21-2026,2025,2024,4,7,soybean-oil,south-korea,Ending Stocks,94.0,1000 Metric Tons
09-21-2026,2025,2024,4,7,soybean-oil,south-korea,Domestic Consumption,600.0,1000 Metric Tons
09-21-2026,2025,2024,4,7,soybean-oil,south-korea,Feed Waste Domestic Consumption,0.0,1000 Metric Tons
09-21-2026,2025,2024,4,7,soybean-oil,south-korea,Food Use Domestic Consumption,560.0,1000 Metric Tons
09-21-2026,2025,2024,4,7,soybean-oil,south-korea,Industrial Domestic Consumption,40.0,1000 Metric Tons
09-21-2026,2025,2024,4,7,soybean-oil,south-korea,Exports,2.0,1000 Metric Tons
09-21-2026,2025,2024,4,7,soybean-oil,south-korea,Total Supply,696.0,1000 Metric Tons
09-21-2026,2025,2024,4,7,soybean-oil,south-korea,Imports,447.0,1000 Metric Tons
09-21-2026,2025,2024,5,8,soybean-meal,japan,Domestic Consumption,3521.0,1000 Metric Tons
09-21-2026,2025,2024,5,8,soybean-meal,japan,Feed Waste Domestic Consumption,3141.0,1000 Metric Tons
09-21-2026,2025,2024,5,8,soybean-meal,japan,Food Use Domestic Consumption,190.0,1000 Metric Tons
09-21-2026,2026,2024,4,8,soybeans,mexico,Food Use Domestic Consumption,0.0,1000 Metric Tons
09-21-2026,2026,2024,4,8,soybeans,mexico,Domestic Consumption,6595.0,1000 Metric Tons
09-21-2026,2026,2024,4,8,soybeans,mexico,Ending Stocks,610.0,1000 Metric Tons
09-21-2026,2026,2024,4,8,soybeans,mexico,Total Distribution,7213.0,1000 Metric Tons
09-21-2026,2026,2024,4,8,soybeans,mexico,Yield,2.1868,Yield (Metric Tons per Hectare)
09-21-2026,2025,2024,5,9,soybeans,japan,Area Harvested,155.0,1000 Hectares
09-21-2026,2025,2024,5,9,soybeans,japan,Beginning Stocks,183.0,1000 Metric Tons
09-21-2026,2025,2024,5,9,soybeans,japan,Production,247.0,1000 Metric Tons
09-21-2026,2025,2024,5,9,soybeans,japan,Imports,3099.0,1000 Metric Tons
09-21-2026,2025,2024,5,9,soybeans,japan,Total Supply,3529.0,1000 Metric Tons
09-21-2026,2025,2024,5,9,soybeans,japan,Exports,0.0,1000 Metric Tons
09-21-2026,2025,2024,5,9,soybeans,japan,Crush,2364.0,1000 Metric Tons
09-21-2026,2025,2024,5,9,soybeans,japan,Food Use Domestic Consumption,900.0,1000 Metric Tons
09-21-2026,2025,2024,5,9,soybeans,japan,Feed Waste Domestic Consumption,100.0,1000 Metric Tons
09-21-2026,2025,2024,5,9,soybeans,japan,Domestic Consumption,3364.0,1000 Metric Tons
09-21-2026,2025,2024,5,9,soybeans,japan,Ending Stocks,165.0,1000 Metric Tons
09-21-2026,2025,2024,5,9,soybeans,japan,Total Distribution,3529.0,1000 Metric Tons
09-21-2026,2025,2024,5,9,soybeans,japan,Yield,1.5935,Yield (Metric Tons per Hectare)
09-21-2026,2025,2024,11,3,soybeans,south-korea,Area Harvested,68.0,1000 Hectares
09-21-2026,2025,2024,11,3,soybeans,south-korea,Beginning Stocks,151.0,1000 Metric Tons
09-21-2026,2025,2024,11,3,soybeans,south-korea,Production,141.0,1000 Metric Tons
09-21-2026,2025,2024,11,3,soybeans,south-korea,Imports,1118.0,1000 Metric Tons
09-21-2026,2025,2024,11,3,soybeans,south-korea,Total Supply,1410.0,1000 Metric Tons
09-21-2026,2025,2024,11,3,soybeans,south-korea,Exports,0.0,1000 Metric Tons
09-21-2026,2025,2024,11,3,soybeans,south-korea,Crush,925.0,1000 Metric Tons
09-21-2026,2025,2024,11,3,soybeans,south-korea,Food Use Domestic Consumption,320.0,1000 Metric Tons
09-21-2026,2026,2024,4,8,soybeans,mexico,Feed Waste Domestic Consumption,65.0,1000 Metric Tons
09-21-2026,2026,2024,4,8,soybeans,mexico,Crush,6530.0,1000 Metric Tons
09-21-2026,2025,2024,5,8,soybean-meal,japan,Industrial Domestic Consumption,190.0,1000 Metric Tons
09-21-2026,2026,2024,4,8,soybeans,mexico,Exports,8.0,1000 Metric Tons
09-21-2026,2025,2024,5,8,soybean-meal,japan,Exports,1.0,1000 Metric Tons
09-21-2026,2025,2024,5,8,soybean-meal,japan,Total Supply,3634.0,1000 Metric Tons
09-21-2026,2025,2024,5,8,soybean-meal,japan,Imports,1822.0,1000 Metric Tons
09-21-2026,2025,2024,5,8,soybean-meal,japan,Production,1769.0,1000 Metric Tons
09-21-2026,2025,2024,5,8,soybean-meal,japan,Beginning Stocks,43.0,1000 Metric Tons
09-21-2026,2025,2024,5,8,soybean-meal,japan,Extraction Rate,0.7483,Percentage (%)
09-21-2026,2025,2024,5,8,soybean-meal,japan,Crush,2364.0,1000 Metric Tons
09-21-2026,2026,2024,7,11,soybeans,united-states,Area Harvested,33294.0,1000 Hectares
09-21-2026,2026,2024,7,11,soybeans,united-states,Beginning Stocks,7190.0,1000 Metric Tons
09-21-2026,2026,2024,7,11,soybeans,united-states,Production,113273.0,1000 Metric Tons
09-21-2026,2026,2024,7,11,soybeans,united-states,Imports,567.0,1000 Metric Tons
09-21-2026,2026,2024,7,11,soybeans,united-states,Total Supply,121030.0,1000 Metric Tons
09-21-2026,2026,2024,7,11,soybeans,united-states,Exports,46350.0,1000 Metric Tons
09-21-2026,2026,2024,7,11,soybeans,united-states,Crush,62196.0,1000 Metric Tons
09-21-2026,2026,2024,7,11,soybeans,united-states,Food Use Domestic Consumption,0.0,1000 Metric Tons
09-21-2026,2026,2024,7,11,soybeans,united-states,Feed Waste Domestic Consumption,3165.0,1000 Metric Tons
09-21-2026,2026,2024,7,11,soybeans,united-states,Domestic Consumption,65361.0,1000 Metric Tons
09-21-2026,2026,2024,7,11,soybeans,united-states,Ending Stocks,9319.0,1000 Metric Tons
09-21-2026,2026,2024,7,11,soybeans,united-states,Total Distribution,121030.0,1000 Metric Tons
09-21-2026,2026,2024,7,11,soybeans,united-states,Yield,3.4022,Yield (Metric Tons per Hectare)
09-21-2026,2026,2024,4,8,soybeans,mexico,Area Harvested,91.0,1000 Hectares
09-21-2026,2026,2024,4,8,soybeans,mexico,Beginning Stocks,557.0,1000 Metric Tons
09-21-2026,2026,2024,4,8,soybeans,mexico,Production,199.0,1000 Metric Tons
09-21-2026,2026,2024,4,8,soybeans,mexico,Imports,6457.0,1000 Metric Tons
09-21-2026,2026,2024,4,8,soybeans,mexico,Total Supply,7213.0,1000 Metric Tons
09-21-2026,2025,2024,4,7,soybean-oil,taiwan,Production,361.0,1000 Metric Tons
09-21-2026,2025,2024,4,7,soybean-oil,taiwan,Total Supply,376.0,1000 Metric Tons
09-21-2026,2025,2024,11,3,soybeans,south-korea,Domestic Consumption,1300.0,1000 Metric Tons
09-21-2026,2026,2024,7,2,wheat,united-states,Trade Year Imports From United States,0.0,1000 Metric Tons
09-21-2026,2026,2024,4,11,wheat,egypt,Domestic Consumption,20500.0,1000 Metric Tons
09-21-2026,2026,2024,4,11,wheat,egypt,Ending Stocks,3796.0,1000 Metric Tons
09-21-2026,2026,2024,4,11,wheat,egypt,Total Distribution,26147.0,1000 Metric Tons
09-21-2026,2026,2024,4,11,wheat,egypt,Yield,6.5704,Yield (Metric Tons per Hectare)
09-21-2026,2026,2024,7,2,wheat,united-states,Total Distribution,68346.0,1000 Metric Tons
09-21-2026,2025,2024,11,3,corn,canada,Yield,10.1521,Yield (Metric Tons per Hectare)
09-21-2026,2026,2024,7,2,wheat,united-states,Domestic Consumption,30180.0,1000 Metric Tons
09-21-2026,2026,2024,7,2,wheat,united-states,Food Seed and Industrial Consumption,27850.0,1000 Metric Tons
09-21-2026,2026,2024,7,2,wheat,united-states,Feed Domestic Consumption,2330.0,1000 Metric Tons
09-21-2026,2026,2024,7,2,wheat,united-states,Trade Year Exports,19615.0,1000 Metric Tons
09-21-2026,2026,2024,7,2,wheat,united-states,Exports,19212.0,1000 Metric Tons
09-21-2026,2026,2024,7,2,wheat,united-states,Total Supply,68346.0,1000 Metric Tons
09-21-2026,2026,2024,7,2,wheat,united-states,Trade Year Imports,3769.0,1000 Metric Tons
09-21-2026,2025,2024,4,7,soybean-oil,taiwan,Exports,29.0,1000 Metric Tons
09-21-2026,2026,2024,7,2,wheat,united-states,Imports,3750.0,1000 Metric Tons
09-21-2026,2026,2024,7,2,wheat,united-states,Production,49095.0,1000 Metric Tons
09-21-2026,2026,2024,7,2,wheat,united-states,Beginning Stocks,15501.0,1000 Metric Tons
09-21-2026,2026,2024,7,2,wheat,united-states,Area Harvested,15005.0,1000 Hectares
09-21-2026,2026,2024,9,4,wheat,european-union,Area Harvested,24320.0,1000 Hectares
09-21-2026,2026,2024,9,4,wheat,european-union,Beginning Stocks,16268.0,1000 Metric Tons
09-21-2026,2026,2024,9,4,wheat,european-union,Production,135375.0,1000 Metric Tons
09-21-2026,2026,2024,9,4,wheat,european-union,Imports,12777.0,1000 Metric Tons
09-21-2026,2026,2024,9,4,wheat,european-union,Trade Year Imports,12777.0,1000 Metric Tons
09-21-2026,2026,2024,9,4,wheat,european-union,Trade Year Imports From United States,337.0,1000 Metric Tons
09-21-2026,2026,2024,9,4,wheat,european-union,Total Supply,164420.0,1000 Metric Tons
09-21-2026,2026,2024,9,4,wheat,european-union,Exports,38001.0,1000 Metric Tons
09-21-2026,2026,2024,4,11,wheat,egypt,Food Seed and Industrial Consumption,19200.0,1000 Metric Tons
09-21-2026,2026,2024,4,11,wheat,egypt,Feed Domestic Consumption,1300.0,1000 Metric Tons
09-21-2026,2026,2024,4,11,wheat,egypt,Trade Year Exports,1851.0,1000 Metric Tons
09-21-2026,2026,2024,4,11,wheat,egypt,Exports,1851.0,1000 Metric Tons
09-21-2026,2026,2024,5,8,soybean-oil,european-union,Beginning Stocks,601.0,1000 Metric Tons
09-21-2026,2026,2024,9,1,corn,world,Area Harvested,208230.0,1000 Hectares
09-21-2026,2026,2024,9,4,wheat,colombia,Area Harvested,3.0,1000 Hectares
09-21-2026,2026,2024,9,4,wheat,colombia,Beginning Stocks,305.0,1000 Metric Tons
09-21-2026,2026,2024,9,4,wheat,colombia,Production,9.0,1000 Metric Tons
09-21-2026,2026,2024,9,4,wheat,colombia,Imports,1973.0,1000 Metric Tons
09-21-2026,2026,2024,9,4,wheat,colombia,Trade Year Imports,1973.0,1000 Metric Tons
09-21-2026,2026,2024,9,4,wheat,colombia,Trade Year Imports From United States,493.0,1000 Metric Tons
09-21-2026,2026,2024,9,4,wheat,colombia,Total Supply,2287.0,1000 Metric Tons
09-21-2026,2026,2024,9,4,wheat,colombia,Exports,18.0,1000 Metric Tons
09-21-2026,2026,2024,9,4,wheat,colombia,Trade Year Exports,18.0,1000 Metric Tons
09-21-2026,2026,2024,9,4,wheat,colombia,Feed Domestic Consumption,100.0,1000 Metric Tons
09-21-2026,2026,2024,9,4,wheat,colombia,Food Seed and Industrial Consumption,1950.0,1000 Metric Tons
09-21-2026,2026,2024,9,4,wheat,colombia,Domestic Consumption,2050.0,1000 Metric Tons
09-21-2026,2026,2024,9,4,wheat,colombia,Ending Stocks,219.0,1000 Metric Tons
09-21-2026,2026,2024,9,4,wheat,colombia,Total Distribution,2287.0,1000 Metric Tons
09-21-2026,2026,2024,9,4,wheat,colombia,Yield,3.0,Yield (Metric Tons per Hectare)
09-21-2026,2026,2024,7,2,wheat,united-states,Yield,3.2719,Yield (Metric Tons per Hectare)
09-21-2026,2026,2024,4,11,wheat,egypt,Area Harvested,1350.0,1000 Hectares
09-21-2026,2026,2024,4,11,wheat,egypt,Beginning Stocks,4837.0,1000 Metric Tons
09-21-2026,2026,2024,4,11,wheat,egypt,Production,8870.0,1000 Metric Tons
09-21-2026,2026,2024,4,11,wheat,egypt,Imports,12440.0,1000 Metric Tons
09-21-2026,2026,2024,4,11,wheat,egypt,Trade Year Imports,12440.0,1000 Metric Tons
09-21-2026,2026,2024,4,11,wheat,egypt,Trade Year Imports From United States,92.0,1000 Metric Tons
09-21-2026,2026,2024,4,11,wheat,egypt,Total Supply,26147.0,1000 Metric Tons
09-21-2026,2026,2024,9,4,wheat,european-union,Trade Year Exports,38001.0,1000 Metric Tons
09-21-2026,2026,2024,9,4,wheat,european-union,Feed Domestic Consumption,46500.0,1000 Metric Tons
09-21-2026,2026,2024,9,4,wheat,european-union,Food Seed and Industrial Consumption,64000.0,1000 Metric Tons
09-21-2026,2025,2024,4,7,soybean-oil,thailand,Industrial Domestic Consumption,50.0,1000 Metric Tons
09-21-2026,2025,2024,4,7,soybean-oil,thailand,Total Supply,462.0,1000 Metric Tons
09-21-2026,2025,2024,4,7,soybean-oil,thailand,Imports,0.0,1000 Metric Tons
09-21-2026,2025,2024,4,7,soybean-oil,thailand,Production,431.0,1000 Metric Tons
09-21-2026,2025,2024,4,7,soybean-oil,thailand,Beginning Stocks,31.0,1000 Metric Tons
09-21-2026,2025,2024,4,7,soybean-oil,thailand,Extraction Rate,0.1796,Percentage (%)
09-21-2026,2025,2024,4,7,soybean-oil,thailand,Crush,2400.0,1000 Metric Tons
09-21-2026,2026,2024,3,6,soybean-oil,guatemala,Total Distribution,143.0,1000 Metric Tons
09-21-2026,2026,2024,3,6,soybean-oil,guatemala,Ending Stocks,25.0,1000 Metric Tons
09-21-2026,2026,2024,3,6,soybean-oil,guatemala,Domestic Consumption,110.0,1000 Metric Tons
09-21-2026,2026,2024,3,6,soybean-oil,guatemala,Feed Waste Domestic Consumption,0.0,1000 Metric Tons
09-21-2026,2026,2024,3,6,soybean-oil,guatemala,Food Use Domestic Consumption,110.0,1000 Metric Tons
09-21-2026,2026,2024,3,6,soybean-oil,guatemala,Industrial Domestic Consumption,0.0,1000 Metric Tons
09-21-2026,2026,2024,3,6,soybean-oil,guatemala,Exports,8.0,1000 Metric Tons
09-21-2026,2026,2024,3,6,soybean-oil,guatemala,Total Supply,143.0,1000 Metric Tons
09-21-2026,2026,2024,3,6,soybean-oil,guatemala,Imports,106.0,1000 Metric Tons
09-21-2026,2026,2024,3,6,soybean-oil,guatemala,Production,6.0,1000 Metric Tons
09-21-2026,2026,2024,3,6,soybean-oil,guatemala,Beginning Stocks,31.0,1000 Metric Tons
09-21-2026,2026,2024,3,6,soybean-oil,guatemala,Extraction Rate,0.1714,Percentage (%)
09-21-2026,2026,2024,3,6,soybean-oil,guatemala,Crush,35.0,1000 Metric Tons
09-21-2026,2025,2024,4,7,soybean-oil,taiwan,Total Distribution,376.0,1000 Metric Tons
09-21-2026,2025,2024,4,7,soybean-oil,taiwan,Ending Stocks,22.0,1000 Metric Tons
09-21-2026,2025,2024,4,7,soybean-oil,taiwan,Domestic Consumption,325.0,1000 Metric Tons
09-21-2026,2025,2024,4,7,soybean-oil,taiwan,Feed Waste Domestic Consumption,0.0,1000 Metric Tons
09-21-2026,2025,2024,4,7,soybean-oil,taiwan,Food Use Domestic Consumption,305.0,1000 Metric Tons
09-21-2026,2025,2024,4,7,soybean-oil,taiwan,Industrial Domestic Consumption,20.0,1000 Metric Tons
09-21-2026,2025,2024,4,7,soybean-oil,thailand,Exports,265.0,1000 Metric Tons
09-21-2026,2025,2024,4,7,soybean-oil,thailand,Food Use Domestic Consumption,125.0,1000 Metric Tons
09-21-2026,2026,2024,9,4,wheat,european-union,Domestic Consumption,110500.0,1000 Metric Tons
09-21-2026,2025,2024,4,7,soybean-oil,thailand,Feed Waste Domestic Consumption,0.0,1000 Metric Tons
09-21-2026,2026,2024,9,4,wheat,european-union,Ending Stocks,15919.0,1000 Metric Tons
09-21-2026,2026,2024,9,4,wheat,european-union,Total Distribution,164420.0,1000 Metric Tons
09-21-2026,2026,2024,9,4,wheat,european-union,Yield,5.5664,Yield (Metric Tons per Hectare)
09-21-2026,2026,2024,8,3,wheat,guatemala,Area Harvested,0.0,1000 Hectares
09-21-2026,2026,2024,8,3,wheat,guatemala,Beginning Stocks,174.0,1000 Metric Tons
09-21-2026,2026,2024,8,3,wheat,guatemala,Production,0.0,1000 Metric Tons
09-21-2026,2026,2024,8,3,wheat,guatemala,Imports,803.0,1000 Metric Tons
09-21-2026,2026,2024,8,3,wheat,guatemala,Trade Year Imports,803.0,1000 Metric Tons
09-21-2026,2026,2024,8,3,wheat,guatemala,Trade Year Imports From United States,100.0,1000 Metric Tons
09-21-2026,2025,2024,12,3,soybean-oil,egypt,Total Distribution,722.0,1000 Metric Tons
09-21-2026,2025,2024,12,3,soybean-oil,egypt,Ending Stocks,80.0,1000 Metric Tons
09-21-2026,2025,2024,12,3,soybean-oil,egypt,Domestic Consumption,510.0,1000 Metric Tons
09-21-2026,2025,2024,12,3,soybean-oil,egypt,Feed Waste Domestic Consumption,0.0,1000 Metric Tons
09-21-2026,2025,2024,12,3,soybean-oil,egypt,Food Use Domestic Consumption,500.0,1000 Metric Tons
09-21-2026,2025,2024,12,3,soybean-oil,egypt,Industrial Domestic Consumption,10.0,1000 Metric Tons
09-21-2026,2025,2024,12,3,soybean-oil,egypt,Exports,132.0,1000 Metric Tons
09-21-2026,2025,2024,12,3,soybean-oil,egypt,Total Supply,722.0,1000 Metric Tons
09-21-2026,2025,2024,12,3,soybean-oil,egypt,Imports,37.0,1000 Metric Tons
09-21-2026,2025,2024,12,3,soybean-oil,egypt,Production,595.0,1000 Metric Tons
09-21-2026,2025,2024,12,3,soybean-oil,egypt,Beginning Stocks,90.0,1000 Metric Tons
09-21-2026,2025,2024,12,3,soybean-oil,egypt,Extraction Rate,0.1831,Percentage (%)
09-21-2026,2025,2024,12,3,soybean-oil,egypt,Crush,3250.0,1000 Metric Tons
09-21-2026,2025,2024,4,7,soybean-oil,thailand,Total Distribution,462.0,1000 Metric Tons
09-21-2026,2025,2024,4,7,soybean-oil,thailand,Ending Stocks,22.0,1000 Metric Tons
09-21-2026,2025,2024,4,7,soybean-oil,thailand,Domestic Consumption,175.0,1000 Metric Tons
09-21-2026,2025,2024,11,3,soybeans,south-korea,Feed Waste Domestic Consumption,55.0,1000 Metric Tons
09-21-2026,2025,2024,11,3,soybeans,south-korea,Ending Stocks,110.0,1000 Metric Tons
09-21-2026,2025,2024,8,3,wheat,japan,Beginning Stocks,1142.0,1000 Metric Tons
09-21-2026,2026,2024,7,11,soybeans,bangladesh,Beginning Stocks,107.0,1000 Metric Tons
09-21-2026,2026,2024,4,8,soybeans,pakistan,Production,1.0,1000 Metric Tons
09-21-2026,2026,2024,4,8,soybeans,pakistan,Imports,997.0,1000 Metric Tons
09-21-2026,2026,2024,4,8,soybeans,pakistan,Total Supply,1059.0,1000 Metric Tons
09-21-2026,2026,2024,4,8,soybeans,pakistan,Exports,1.0,1000 Metric Tons
09-21-2026,2026,2024,4,8,soybeans,pakistan,Crush,950.0,1000 Metric Tons
09-21-2026,2026,2024,4,8,soybeans,pakistan,Food Use Domestic Consumption,0.0,1000 Metric Tons
09-21-2026,2026,2024,4,8,soybeans,pakistan,Feed Waste Domestic Consumption,20.0,1000 Metric Tons
09-21-2026,2026,2024,4,8,soybeans,pakistan,Domestic Consumption,970.0,1000 Metric Tons
09-21-2026,2026,2024,4,8,soybeans,pakistan,Ending Stocks,88.0,1000 Metric Tons
09-21-2026,2026,2024,4,8,soybeans,pakistan,Total Distribution,1059.0,1000 Metric Tons
09-21-2026,2026,2024,4,8,soybeans,pakistan,Yield,1.0,Yield (Metric Tons per Hectare)
09-21-2026,2026,2024,7,11,soybeans,bangladesh,Area Harvested,80.0,1000 Hectares
09-21-2026,2026,2024,7,11,soybeans,bangladesh,Production,145.0,1000 Metric Tons
09-21-2026,2026,2024,4,8,soybeans,thailand,Ending Stocks,154.0,1000 Metric Tons
09-21-2026,2026,2024,7,11,soybeans,bangladesh,Imports,1984.0,1000 Metric Tons
09-21-2026,2026,2024,7,11,soybeans,bangladesh,Total Supply,2236.0,1000 Metric Tons
09-21-2026,2026,2024,7,11,soybeans,bangladesh,Exports,0.0,1000 Metric Tons
09-21-2026,2026,2024,7,11,soybeans,bangladesh,Crush,2000.0,1000 Metric Tons
09-21-2026,2026,2024,7,11,soybeans,bangladesh,Food Use Domestic Consumption,5.0,1000 Metric Tons
09-21-2026,2026,2024,7,11,soybeans,bangladesh,Feed Waste Domestic Consumption,100.0,1000 Metric Tons
09-21-2026,2026,2024,7,11,soybeans,bangladesh,Domestic Consumption,2105.0,1000 Metric Tons
09-21-2026,2026,2024,7,11,soybeans,bangladesh,Ending Stocks,131.0,1000 Metric Tons
09-21-2026,2026,2024,7,11,soybeans,bangladesh,Total Distribution,2236.0,1000 Metric Tons
09-21-2026,2026,2024,7,11,soybeans,bangladesh,Yield,1.8125,Yield (Metric Tons per Hectare)
09-21-2026,2026,2024,4,11,wheat,thailand,Yield,0.0,Yield (Metric Tons per Hectare)
09-21-2026,2026,2024,5,12,wheat,indonesia,Area Harvested,0.0,1000 Hectares
09-21-2026,2026,2024,4,8,soybeans,pakistan,Beginning Stocks,61.0,1000 Metric Tons
09-21-2026,2026,2024,4,8,soybeans,pakistan,Area Harvested,1.0,1000 Hectares
09-21-2026,2026,2024,4,8,soybeans,egypt,Yield,2.8333,Yield (Metric Tons per Hectare)
09-21-2026,2026,2024,4,8,soybeans,egypt,Total Distribution,3547.0,1000 Metric Tons
09-21-2026,2026,2024,4,8,soybeans,thailand,Yield,1.625,Yield (Metric Tons per Hectare)
09-21-2026,2026,2024,4,8,soybeans,china,Area Harvested,10470.0,1000 Hectares
09-21-2026,2026,2024,4,8,soybeans,china,Beginning Stocks,32341.0,1000 Metric Tons
09-21-2026,2026,2024,4,8,soybeans,china,Production,20840.0,1000 Metric Tons
09-21-2026,2026,2024,4,8,soybeans,china,Imports,112000.0,1000 Metric Tons
09-21-2026,2026,2024,4,8,soybeans,china,Total Supply,165181.0,1000 Metric Tons
09-21-2026,2026,2024,4,8,soybeans,china,Exports,70.0,1000 Metric Tons
09-21-2026,2026,2024,4,8,soybeans,china,Crush,99000.0,1000 Metric Tons
09-21-2026,2026,2024,4,8,soybeans,china,Food Use Domestic Consumption,16800.0,1000 Metric Tons
09-21-2026,2026,2024,4,8,soybeans,china,Feed Waste Domestic Consumption,6000.0,1000 Metric Tons
09-21-2026,2026,2024,4,8,soybeans,china,Domestic Consumption,121800.0,1000 Metric Tons
09-21-2026,2026,2024,4,8,soybeans,china,Ending Stocks,43311.0,1000 Metric Tons
09-21-2026,2026,2024,4,8,soybeans,china,Total Distribution,165181.0,1000 Metric Tons
09-21-2026,2026,2024,4,8,soybeans,china,Yield,1.9904,Yield (Metric Tons per Hectare)
09-21-2026,2026,2024,4,8,soybeans,egypt,Area Harvested,30.0,1000 Hectares
09-21-2026,2026,2024,4,8,soybeans,egypt,Beginning Stocks,141.0,1000 Metric Tons
09-21-2026,2026,2024,4,8,soybeans,egypt,Production,85.0,1000 Metric Tons
09-21-2026,2026,2024,4,8,soybeans,egypt,Imports,3321.0,1000 Metric Tons
09-21-2026,2026,2024,4,8,soybeans,egypt,Total Supply,3547.0,1000 Metric Tons
09-21-2026,2026,2024,4,8,soybeans,egypt,Exports,0.0,1000 Metric Tons
09-21-2026,2026,2024,4,8,soybeans,egypt,Crush,3250.0,1000 Metric Tons
09-21-2026,2026,2024,4,8,soybeans,egypt,Food Use Domestic Consumption,17.0,1000 Metric Tons
09-21-2026,2026,2024,4,8,soybeans,egypt,Feed Waste Domestic Consumption,25.0,1000 Metric Tons
09-21-2026,2026,2024,4,8,soybeans,egypt,Domestic Consumption,3292.0,1000 Metric Tons
09-21-2026,2026,2024,4,8,soybeans,egypt,Ending Stocks,255.0,1000 Metric Tons
09-21-2026,2026,2024,5,12,wheat,indonesia,Beginning Stocks,1015.0,1000 Metric Tons
09-21-2026,2026,2024,5,12,wheat,indonesia,Production,0.0,1000 Metric Tons
09-21-2026,2026,2024,5,12,wheat,indonesia,Imports,13015.0,1000 Metric Tons
09-21-2026,2026,2024,5,12,wheat,mexico,Imports,5292.0,1000 Metric Tons
09-21-2026,2026,2024,5,12,wheat,mexico,Trade Year Imports From United States,3493.0,1000 Metric Tons
09-21-2026,2026,2024,5,12,wheat,mexico,Total Supply,9400.0,1000 Metric Tons
09-21-2026,2026,2024,5,12,wheat,mexico,Exports,850.0,1000 Metric Tons
09-21-2026,2026,2024,5,12,wheat,mexico,Trade Year Exports,850.0,1000 Metric Tons
09-21-2026,2026,2024,5,12,wheat,mexico,Feed Domestic Consumption,700.0,1000 Metric Tons
09-21-2026,2026,2024,5,12,wheat,mexico,Food Seed and Industrial Consumption,7300.0,1000 Metric Tons
09-21-2026,2026,2024,5,12,wheat,mexico,Domestic Consumption,8000.0,1000 Metric Tons
09-21-2026,2026,2024,5,12,wheat,mexico,Ending Stocks,550.0,1000 Metric Tons
09-21-2026,2026,2024,5,12,wheat,mexico,Total Distribution,9400.0,1000 Metric Tons
09-21-2026,2026,2024,5,12,wheat,mexico,Yield,6.2071,Yield (Metric Tons per Hectare)
09-21-2026,2026,2024,4,11,wheat,nigeria,Area Harvested,110.0,1000 Hectares
09-21-2026,2026,2024,4,11,wheat,nigeria,Beginning Stocks,370.0,1000 Metric Tons
09-21-2026,2026,2024,4,11,wheat,nigeria,Production,120.0,1000 Metric Tons
09-21-2026,2026,2024,4,11,wheat,nigeria,Imports,5105.0,1000 Metric Tons
09-21-2026,2026,2024,4,11,wheat,nigeria,Trade Year Imports,5105.0,1000 Metric Tons
09-21-2026,2026,2024,4,11,wheat,nigeria,Trade Year Imports From United States,299.0,1000 Metric Tons
09-21-2026,2026,2024,4,11,wheat,nigeria,Total Supply,5595.0,1000 Metric Tons
09-21-2026,2026,2024,4,11,wheat,nigeria,Exports,350.0,1000 Metric Tons
09-21-2026,2026,2024,4,11,wheat,nigeria,Trade Year Exports,350.0,1000 Metric Tons
09-21-2026,2026,2024,4,11,wheat,nigeria,Feed Domestic Consumption,0.0,1000 Metric Tons
09-21-2026,2026,2024,4,11,wheat,nigeria,Food Seed and Industrial Consumption,4800.0,1000 Metric Tons
09-21-2026,2026,2024,4,11,wheat,nigeria,Domestic Consumption,4800.0,1000 Metric Tons
09-21-2026,2026,2024,4,11,wheat,nigeria,Ending Stocks,445.0,1000 Metric Tons
09-21-2026,2026,2024,4,11,wheat,nigeria,Total Distribution,5595.0,1000 Metric Tons
09-21-2026,2026,2024,4,11,wheat,nigeria,Yield,1.0909,Yield (Metric Tons per Hectare)
09-21-2026,2026,2024,5,12,wheat,mexico,Trade Year Imports,5292.0,1000 Metric Tons
09-21-2026,2026,2024,5,12,wheat,mexico,Production,3476.0,1000 Metric Tons
09-21-2026,2026,2024,5,12,wheat,indonesia,Trade Year Imports,13015.0,1000 Metric Tons
09-21-2026,2026,2024,5,12,wheat,mexico,Beginning Stocks,632.0,1000 Metric Tons
09-21-2026,2026,2024,5,12,wheat,indonesia,Trade Year Imports From United States,560.0,1000 Metric Tons
09-21-2026,2026,2024,5,12,wheat,indonesia,Total Supply,14030.0,1000 Metric Tons
09-21-2026,2026,2024,5,12,wheat,indonesia,Exports,391.0,1000 Metric Tons
09-21-2026,2026,2024,5,12,wheat,indonesia,Trade Year Exports,391.0,1000 Metric Tons
09-21-2026,2026,2024,5,12,wheat,indonesia,Feed Domestic Consumption,2300.0,1000 Metric Tons
09-21-2026,2026,2024,5,12,wheat,indonesia,Food Seed and Industrial Consumption,9100.0,1000 Metric Tons
09-21-2026,2026,2024,5,12,wheat,indonesia,Domestic Consumption,11400.0,1000 Metric Tons
09-21-2026,2026,2024,5,12,wheat,indonesia,Ending Stocks,2239.0,1000 Metric Tons
09-21-2026,2026,2024,5,12,wheat,indonesia,Total Distribution,14030.0,1000 Metric Tons
09-21-2026,2026,2024,5,12,wheat,indonesia,Yield,0.0,Yield (Metric Tons per Hectare)
09-21-2026,2026,2024,4,11,wheat,thailand,Total Distribution,3956.0,1000 Metric Tons
09-21-2026,2026,2024,4,11,wheat,thailand,Ending Stocks,672.0,1000 Metric Tons
09-21-2026,2026,2024,4,11,wheat,thailand,Domestic Consumption,2950.0,1000 Metric Tons
09-21-2026,2026,2024,4,11,wheat,thailand,Food Seed and Industrial Consumption,1350.0,1000 Metric Tons
09-21-2026,2026,2024,4,11,wheat,thailand,Feed Domestic Consumption,1600.0,1000 Metric Tons
09-21-2026,2026,2024,4,11,wheat,thailand,Trade Year Exports,334.0,1000 Metric Tons
09-21-2026,2026,2024,4,11,wheat,thailand,Exports,334.0,1000 Metric Tons
09-21-2026,2026,2024,4,11,wheat,thailand,Total Supply,3956.0,1000 Metric Tons
09-21-2026,2026,2024,4,11,wheat,thailand,Trade Year Imports From United States,572.0,1000 Metric Tons
09-21-2026,2026,2024,4,11,wheat,thailand,Trade Year Imports,3316.0,1000 Metric Tons
09-21-2026,2026,2024,4,11,wheat,thailand,Imports,3316.0,1000 Metric Tons
09-21-2026,2026,2024,4,11,wheat,thailand,Production,0.0,1000 Metric Tons
09-21-2026,2026,2024,4,11,wheat,thailand,Beginning Stocks,640.0,1000 Metric Tons
09-21-2026,2026,2024,4,11,wheat,thailand,Area Harvested,0.0,1000 Hectares
09-21-2026,2026,2024,5,12,wheat,mexico,Area Harvested,560.0,1000 Hectares
09-21-2026,2026,2024,4,8,soybeans,thailand,Total Distribution,3674.0,1000 Metric Tons
09-21-2026,2026,2024,4,8,soybeans,thailand,Domestic Consumption,3520.0,1000 Metric Tons
09-21-2026,2025,2024,11,3,soybeans,south-korea,Total Distribution,1410.0,1000 Metric Tons
09-21-2026,2026,2024,4,8,soybeans,vietnam,Beginning Stocks,280.0,1000 Metric Tons
09-21-2026,2026,2024,4,8,soybeans,guatemala,Production,36.0,1000 Metric Tons
09-21-2026,2026,2024,4,8,soybeans,guatemala,Imports,0.0,1000 Metric Tons
09-21-2026,2026,2024,4,8,soybeans,guatemala,Total Supply,36.0,1000 Metric Tons
09-21-2026,2026,2024,4,8,soybeans,guatemala,Exports,0.0,1000 Metric Tons
09-21-2026,2026,2024,4,8,soybeans,guatemala,Crush,35.0,1000 Metric Tons
09-21-2026,2026,2024,4,8,soybeans,guatemala,Food Use Domestic Consumption,0.0,1000 Metric Tons
09-21-2026,2026,2024,4,8,soybeans,guatemala,Feed Waste Domestic Consumption,1.0,1000 Metric Tons
09-21-2026,2026,2024,4,8,soybeans,guatemala,Domestic Consumption,36.0,1000 Metric Tons
09-21-2026,2026,2024,4,8,soybeans,guatemala,Ending Stocks,0.0,1000 Metric Tons
09-21-2026,2026,2024,4,8,soybeans,guatemala,Total Distribution,36.0,1000 Metric Tons
09-21-2026,2026,2024,4,8,soybeans,guatemala,Yield,2.5714,Yield (Metric Tons per Hectare)
09-21-2026,2026,2024,4,8,soybeans,vietnam,Area Harvested,27.0,1000 Hectares
09-21-2026,2026,2024,4,8,soybeans,vietnam,Production,45.0,1000 Metric Tons
09-21-2026,2026,2024,4,8,soybeans,thailand,Feed Waste Domestic Consumption,850.0,1000 Metric Tons
09-21-2026,2026,2024,4,8,soybeans,vietnam,Imports,2265.0,1000 Metric Tons
09-21-2026,2026,2024,4,8,soybeans,vietnam,Total Supply,2590.0,1000 Metric Tons
09-21-2026,2026,2024,4,8,soybeans,vietnam,Exports,0.0,1000 Metric Tons
09-21-2026,2026,2024,4,8,soybeans,vietnam,Crush,1400.0,1000 Metric Tons
09-21-2026,2026,2024,4,8,soybeans,vietnam,Food Use Domestic Consumption,530.0,1000 Metric Tons
09-21-2026,2026,2024,4,8,soybeans,vietnam,Feed Waste Domestic Consumption,200.0,1000 Metric Tons
09-21-2026,2026,2024,4,8,soybeans,vietnam,Domestic Consumption,2130.0,1000 Metric Tons
09-21-2026,2026,2024,4,8,soybeans,vietnam,Ending Stocks,460.0,1000 Metric Tons
09-21-2026,2026,2024,4,8,soybeans,vietnam,Total Distribution,2590.0,1000 Metric Tons
09-21-2026,2026,2024,4,8,soybeans,vietnam,Yield,1.6667,Yield (Metric Tons per Hectare)
09-21-2026,2026,2024,5,9,soybeans,canada,Area Harvested,2261.0,1000 Hectares
09-21-2026,2026,2024,5,9,soybeans,canada,Beginning Stocks,372.0,1000 Metric Tons
09-21-2026,2026,2024,4,8,soybeans,guatemala,Beginning Stocks,0.0,1000 Metric Tons
09-21-2026,2026,2024,4,8,soybeans,guatemala,Area Harvested,14.0,1000 Hectares
09-21-2026,2026,2024,4,8,soybeans,taiwan,Yield,1.5,Yield (Metric Tons per Hectare)
09-21-2026,2026,2024,4,8,soybeans,taiwan,Total Distribution,2728.0,1000 Metric Tons
09-21-2026,2025,2024,11,3,soybeans,south-korea,Yield,2.0735,Yield (Metric Tons per Hectare)
09-21-2026,2025,2024,12,4,soybeans,colombia,Area Harvested,40.0,1000 Hectares
09-21-2026,2025,2024,12,4,soybeans,colombia,Beginning Stocks,159.0,1000 Metric Tons
09-21-2026,2025,2024,12,4,soybeans,colombia,Production,110.0,1000 Metric Tons
09-21-2026,2025,2024,12,4,soybeans,colombia,Imports,447.0,1000 Metric Tons
09-21-2026,2025,2024,12,4,soybeans,colombia,Total Supply,716.0,1000 Metric Tons
09-21-2026,2025,2024,12,4,soybeans,colombia,Exports,0.0,1000 Metric Tons
09-21-2026,2025,2024,12,4,soybeans,colombia,Crush,530.0,1000 Metric Tons
09-21-2026,2025,2024,12,4,soybeans,colombia,Food Use Domestic Consumption,0.0,1000 Metric Tons
09-21-2026,2025,2024,12,4,soybeans,colombia,Feed Waste Domestic Consumption,100.0,1000 Metric Tons
09-21-2026,2025,2024,12,4,soybeans,colombia,Domestic Consumption,630.0,1000 Metric Tons
09-21-2026,2025,2024,12,4,soybeans,colombia,Ending Stocks,86.0,1000 Metric Tons
09-21-2026,2025,2024,12,4,soybeans,colombia,Total Distribution,716.0,1000 Metric Tons
09-21-2026,2025,2024,12,4,soybeans,colombia,Yield,2.75,Yield (Metric Tons per Hectare)
09-21-2026,2026,2024,4,8,soybeans,taiwan,Area Harvested,4.0,1000 Hectares
09-21-2026,2026,2024,4,8,soybeans,taiwan,Beginning Stocks,145.0,1000 Metric Tons
09-21-2026,2026,2024,4,8,soybeans,taiwan,Production,6.0,1000 Metric Tons
09-21-2026,2026,2024,4,8,soybeans,taiwan,Imports,2577.0,1000 Metric Tons
09-21-2026,2026,2024,4,8,soybeans,taiwan,Total Supply,2728.0,1000 Metric Tons
09-21-2026,2026,2024,4,8,soybeans,taiwan,Exports,0.0,1000 Metric Tons
09-21-2026,2026,2024,4,8,soybeans,taiwan,Crush,2020.0,1000 Metric Tons
09-21-2026,2026,2024,4,8,soybeans,taiwan,Food Use Domestic Consumption,310.0,1000 Metric Tons
09-21-2026,2026,2024,4,8,soybeans,taiwan,Feed Waste Domestic Consumption,300.0,1000 Metric Tons
09-21-2026,2026,2024,4,8,soybeans,taiwan,Domestic Consumption,2630.0,1000 Metric Tons
09-21-2026,2026,2024,4,8,soybeans,taiwan,Ending Stocks,98.0,1000 Metric Tons
09-21-2026,2026,2024,5,9,soybeans,canada,Production,7035.0,1000 Metric Tons
09-21-2026,2026,2024,5,9,soybeans,canada,Imports,335.0,1000 Metric Tons
09-21-2026,2026,2024,5,9,soybeans,canada,Total Supply,7742.0,1000 Metric Tons
09-21-2026,2026,2024,4,8,soybeans,nigeria,Food Use Domestic Consumption,175.0,1000 Metric Tons
09-21-2026,2026,2024,4,8,soybeans,nigeria,Domestic Consumption,1025.0,1000 Metric Tons
09-21-2026,2026,2024,4,8,soybeans,nigeria,Ending Stocks,83.0,1000 Metric Tons
09-21-2026,2026,2024,4,8,soybeans,nigeria,Total Distribution,1478.0,1000 Metric Tons
09-21-2026,2026,2024,4,8,soybeans,nigeria,Yield,1.125,Yield (Metric Tons per Hectare)
09-21-2026,2026,2024,4,8,soybeans,indonesia,Area Harvested,320.0,1000 Hectares
09-21-2026,2026,2024,4,8,soybeans,indonesia,Beginning Stocks,100.0,1000 Metric Tons
09-21-2026,2026,2024,4,8,soybeans,indonesia,Production,375.0,1000 Metric Tons
09-21-2026,2026,2024,4,8,soybeans,indonesia,Imports,2567.0,1000 Metric Tons
09-21-2026,2026,2024,4,8,soybeans,indonesia,Total Supply,3042.0,1000 Metric Tons
09-21-2026,2026,2024,4,8,soybeans,indonesia,Exports,3.0,1000 Metric Tons
09-21-2026,2026,2024,4,8,soybeans,indonesia,Crush,0.0,1000 Metric Tons
09-21-2026,2026,2024,4,8,soybeans,indonesia,Food Use Domestic Consumption,2760.0,1000 Metric Tons
09-21-2026,2026,2024,4,8,soybeans,indonesia,Feed Waste Domestic Consumption,150.0,1000 Metric Tons
09-21-2026,2026,2024,4,8,soybeans,indonesia,Domestic Consumption,2910.0,1000 Metric Tons
09-21-2026,2026,2024,4,8,soybeans,indonesia,Ending Stocks,129.0,1000 Metric Tons
09-21-2026,2026,2024,4,8,soybeans,indonesia,Total Distribution,3042.0,1000 Metric Tons
09-21-2026,2026,2024,4,8,soybeans,indonesia,Yield,1.1719,Yield (Metric Tons per Hectare)
09-21-2026,2026,2024,4,8,soybeans,thailand,Area Harvested,32.0,1000 Hectares
09-21-2026,2026,2024,4,8,soybeans,thailand,Beginning Stocks,194.0,1000 Metric Tons
09-21-2026,2026,2024,4,8,soybeans,thailand,Production,52.0,1000 Metric Tons
09-21-2026,2026,2024,4,8,soybeans,thailand,Imports,3428.0,1000 Metric Tons
09-21-2026,2026,2024,4,8,soybeans,thailand,Total Supply,3674.0,1000 Metric Tons
09-21-2026,2026,2024,4,8,soybeans,thailand,Exports,0.0,1000 Metric Tons
09-21-2026,2026,2024,4,8,soybeans,thailand,Crush,2400.0,1000 Metric Tons
09-21-2026,2026,2024,4,8,soybeans,thailand,Food Use Domestic Consumption,270.0,1000 Metric Tons
09-21-2026,2026,2024,4,8,soybeans,nigeria,Feed Waste Domestic Consumption,150.0,1000 Metric Tons
09-21-2026,2026,2024,4,8,soybeans,nigeria,Crush,700.0,1000 Metric Tons
09-21-2026,2026,2024,5,9,soybeans,canada,Exports,4861.0,1000 Metric Tons
09-21-2026,2026,2024,4,8,soybeans,nigeria,Exports,370.0,1000 Metric Tons
09-21-2026,2026,2024,5,9,soybeans,canada,Crush,1652.0,1000 Metric Tons
09-21-2026,2026,2024,5,9,soybeans,canada,Food Use Domestic Consumption,0.0,1000 Metric Tons
09-21-2026,2026,2024,5,9,soybeans,canada,Feed Waste Domestic Consumption,677.0,1000 Metric Tons
09-21-2026,2026,2024,5,9,soybeans,canada,Domestic Consumption,2329.0,1000 Metric Tons
09-21-2026,2026,2024,5,9,soybeans,canada,Ending Stocks,552.0,1000 Metric Tons
09-21-2026,2026,2024,5,9,soybeans,canada,Total Distribution,7742.0,1000 Metric Tons
09-21-2026,2026,2024,5,9,soybeans,canada,Yield,3.1115,Yield (Metric Tons per Hectare)
09-21-2026,2026,2024,4,8,soybeans,philippines,Area Harvested,1.0,1000 Hectares
09-21-2026,2026,2024,4,8,soybeans,philippines,Beginning Stocks,17.0,1000 Metric Tons
09-21-2026,2026,2024,4,8,soybeans,philippines,Production,1.0,1000 Metric Tons
09-21-2026,2026,2024,4,8,soybeans,philippines,Imports,149.0,1000 Metric Tons
09-21-2026,2026,2024,4,8,soybeans,philippines,Total Supply,167.0,1000 Metric Tons
09-21-2026,2026,2024,4,8,soybeans,philippines,Exports,0.0,1000 Metric Tons
09-21-2026,2026,2024,4,8,soybeans,philippines,Crush,65.0,1000 Metric Tons
09-21-2026,2026,2024,4,8,soybeans,philippines,Food Use Domestic Consumption,38.0,1000 Metric Tons
09-21-2026,2026,2024,4,8,soybeans,philippines,Feed Waste Domestic Consumption,50.0,1000 Metric Tons
09-21-2026,2026,2024,4,8,soybeans,philippines,Domestic Consumption,153.0,1000 Metric Tons
09-21-2026,2026,2024,4,8,soybeans,philippines,Ending Stocks,14.0,1000 Metric Tons
09-21-2026,2026,2024,4,8,soybeans,philippines,Total Distribution,167.0,1000 Metric Tons
09-21-2026,2026,2024,4,8,soybeans,philippines,Yield,1.0,Yield (Metric Tons per Hectare)
09-21-2026,2026,2024,4,8,soybeans,nigeria,Area Harvested,1200.0,1000 Hectares
09-21-2026,2026,2024,4,8,soybeans,nigeria,Beginning Stocks,128.0,1000 Metric Tons
09-21-2026,2026,2024,4,8,soybeans,nigeria,Production,1350.0,1000 Metric Tons
09-21-2026,2026,2024,4,8,soybeans,nigeria,Imports,0.0,1000 Metric Tons
09-21-2026,2026,2024,4,8,soybeans,nigeria,Total Supply,1478.0,1000 Metric Tons
09-21-2026,2025,2024,8,3,wheat,japan,Area Harvested,232.0,1000 Hectares
09-21-2026,2026,2024,7,2,wheat,united-states,Ending Stocks,18954.0,1000 Metric Tons
09-21-2026,2025,2024,8,3,wheat,japan,Production,1145.0,1000 Metric Tons
09-21-2026,2026,2024,7,11,corn,pakistan,Yield,5.9348,Yield (Metric Tons per Hectare)
09-21-2026,2026,2024,9,12,soybean-meal,world,Total Supply,343639.0,1000 Metric Tons
09-21-2026,2026,2024,9,12,soybean-meal,world,Imports,69606.0,1000 Metric Tons
09-21-2026,2026,2024,9,12,soybean-meal,world,Production,259859.0,1000 Metric Tons
09-21-2026,2026,2024,9,12,soybean-meal,world,Beginning Stocks,14174.0,1000 Metric Tons
09-21-2026,2026,2024,9,12,soybean-meal,world,Extraction Rate,0.7845,Percentage (%)
09-21-2026,2026,2024,9,12,soybean-meal,world,Crush,331245.0,1000 Metric Tons
09-21-2026,2026,2024,5,8,soybean-oil,united-states,Crush,62196.0,1000 Metric Tons
09-21-2026,2026,2024,5,8,soybean-oil,united-states,Extraction Rate,0.1976,Percentage (%)
09-21-2026,2026,2024,5,8,soybean-oil,united-states,Beginning Stocks,729.0,1000 Metric Tons
09-21-2026,2026,2024,5,8,soybean-oil,united-states,Production,12289.0,1000 Metric Tons
09-21-2026,2026,2024,5,8,soybean-oil,united-states,Imports,282.0,1000 Metric Tons
09-21-2026,2026,2024,5,8,soybean-oil,united-states,Total Supply,13300.0,1000 Metric Tons
09-21-2026,2026,2024,5,8,soybean-oil,united-states,Exports,280.0,1000 Metric Tons
09-21-2026,2026,2024,5,8,soybean-oil,united-states,Industrial Domestic Consumption,5894.0,1000 Metric Tons
09-21-2026,2026,2024,5,8,soybean-oil,united-states,Food Use Domestic Consumption,6423.0,1000 Metric Tons
09-21-2026,2026,2024,5,8,soybean-oil,united-states,Feed Waste Domestic Consumption,0.0,1000 Metric Tons
09-21-2026,2026,2024,5,8,soybean-oil,united-states,Domestic Consumption,12317.0,1000 Metric Tons
09-21-2026,2026,2024,5,8,soybean-oil,united-states,Ending Stocks,703.0,1000 Metric Tons
09-21-2026,2026,2024,5,8,soybean-oil,united-states,Total Distribution,13300.0,1000 Metric Tons
09-21-2026,2026,2024,5,8,soybean-oil,vietnam,Crush,1400.0,1000 Metric Tons
09-21-2026,2026,2024,5,8,soybean-oil,vietnam,Extraction Rate,0.19,Percentage (%)
09-21-2026,2026,2024,5,8,soybean-oil,vietnam,Beginning Stocks,33.0,1000 Metric Tons
09-21-2026,2026,2024,5,8,soybean-oil,vietnam,Production,266.0,1000 Metric Tons
09-21-2026,2026,2024,5,8,soybean-oil,vietnam,Imports,82.0,1000 Metric Tons
09-21-2026,2026,2024,5,8,soybean-oil,vietnam,Total Supply,381.0,1000 Metric Tons
09-21-2026,2026,2024,5,8,soybean-oil,vietnam,Exports,78.0,1000 Metric Tons
09-21-2026,2026,2024,5,8,soybean-oil,vietnam,Industrial Domestic Consumption,0.0,1000 Metric Tons
09-21-2026,2026,2024,9,12,soybean-meal,world,Exports,74223.0,1000 Metric Tons
09-21-2026,2026,2024,9,12,soybean-meal,world,Industrial Domestic Consumption,1350.0,1000 Metric Tons
09-21-2026,2026,2024,9,12,soybean-meal,world,Food Use Domestic Consumption,841.0,1000 Metric Tons
09-21-2026,2025,2024,8,12,corn,bangladesh,Total Distribution,6004.0,1000 Metric Tons
09-21-2026,2025,2024,8,12,corn,bangladesh,Beginning Stocks,177.0,1000 Metric Tons
09-21-2026,2025,2024,8,12,corn,bangladesh,Production,5400.0,1000 Metric Tons
09-21-2026,2025,2024,8,12,corn,bangladesh,Imports,427.0,1000 Metric Tons
09-21-2026,2025,2024,8,12,corn,bangladesh,Trade Year Imports,885.0,1000 Metric Tons
09-21-2026,2025,2024,8,12,corn,bangladesh,Trade Year Imports From United States,0.0,1000 Metric Tons
09-21-2026,2025,2024,8,12,corn,bangladesh,Total Supply,6004.0,1000 Metric Tons
09-21-2026,2025,2024,8,12,corn,bangladesh,Exports,0.0,1000 Metric Tons
09-21-2026,2025,2024,8,12,corn,bangladesh,Trade Year Exports,0.0,1000 Metric Tons
09-21-2026,2025,2024,8,12,corn,bangladesh,Feed Domestic Consumption,5450.0,1000 Metric Tons
09-21-2026,2025,2024,8,12,corn,bangladesh,Food Seed and Industrial Consumption,400.0,1000 Metric Tons
09-21-2026,2025,2024,8,12,corn,bangladesh,Domestic Consumption,5850.0,1000 Metric Tons
09-21-2026,2025,2024,8,12,corn,bangladesh,Ending Stocks,154.0,1000 Metric Tons
09-21-2026,2025,2024,8,12,corn,bangladesh,Yield,8.7097,Yield (Metric Tons per Hectare)
09-21-2026,2026,2024,9,12,soybean-meal,world,Feed Waste Domestic Consumption,252908.0,1000 Metric Tons
09-21-2026,2026,2024,5,8,soybean-oil,philippines,Total Supply,66.0,1000 Metric Tons
09-21-2026,2026,2024,5,8,soybean-oil,philippines,Exports,0.0,1000 Metric Tons
09-21-2026,2026,2024,5,8,soybean-oil,philippines,Industrial Domestic Consumption,4.0,1000 Metric Tons
09-21-2026,2026,2024,5,8,soybean-oil,philippines,Food Use Domestic Consumption,60.0,1000 Metric Tons
09-21-2026,2026,2024,5,8,soybean-oil,philippines,Feed Waste Domestic Consumption,0.0,1000 Metric Tons
09-21-2026,2026,2024,5,8,soybean-oil,philippines,Domestic Consumption,64.0,1000 Metric Tons
09-21-2026,2026,2024,5,8,soybean-oil,philippines,Ending Stocks,2.0,1000 Metric Tons
09-21-2026,2026,2024,5,8,soybean-oil,philippines,Total Distribution,66.0,1000 Metric Tons
09-21-2026,2026,2024,9,12,soybean-meal,world,Soybean Meal Equivalent,252908.0,1000 Metric Tons
09-21-2026,2026,2024,9,12,soybean-meal,world,Total Distribution,343639.0,1000 Metric Tons
09-21-2026,2026,2024,9,12,soybean-meal,world,Ending Stocks,14317.0,1000 Metric Tons
09-21-2026,2026,2024,9,12,soybean-meal,world,Domestic Consumption,255099.0,1000 Metric Tons
09-21-2026,2026,2024,5,8,soybean-oil,vietnam,Food Use Domestic Consumption,235.0,1000 Metric Tons
09-21-2026,2026,2024,5,8,soybean-oil,vietnam,Feed Waste Domestic Consumption,0.0,1000 Metric Tons
09-21-2026,2026,2024,5,8,soybean-oil,vietnam,Domestic Consumption,235.0,1000 Metric Tons
09-21-2026,2026,2024,9,4,wheat,canada,Yield,3.1202,Yield (Metric Tons per Hectare)
09-21-2026,2026,2024,9,4,wheat,canada,Production,33414.0,1000 Metric Tons
09-21-2026,2026,2024,9,4,wheat,canada,Imports,556.0,1000 Metric Tons
09-21-2026,2026,2024,9,4,wheat,canada,Trade Year Imports,557.0,1000 Metric Tons
09-21-2026,2026,2024,9,4,wheat,canada,Trade Year Imports From United States,348.0,1000 Metric Tons
09-21-2026,2026,2024,9,4,wheat,canada,Total Supply,39670.0,1000 Metric Tons
09-21-2026,2026,2024,9,4,wheat,canada,Exports,25439.0,1000 Metric Tons
09-21-2026,2026,2024,9,4,wheat,canada,Trade Year Exports,25673.0,1000 Metric Tons
09-21-2026,2026,2024,9,4,wheat,canada,Feed Domestic Consumption,3791.0,1000 Metric Tons
09-21-2026,2026,2024,9,4,wheat,canada,Food Seed and Industrial Consumption,5131.0,1000 Metric Tons
09-21-2026,2026,2024,9,4,wheat,canada,Domestic Consumption,8922.0,1000 Metric Tons
09-21-2026,2026,2024,9,4,wheat,canada,Ending Stocks,5309.0,1000 Metric Tons
09-21-2026,2026,2024,9,4,wheat,canada,Total Distribution,39670.0,1000 Metric Tons
09-21-2026,2025,2024,8,3,wheat,bangladesh,Yield,3.5484,Yield (Metric Tons per Hectare)
09-21-2026,2026,2024,9,4,wheat,canada,Area Harvested,10709.0,1000 Hectares
09-21-2026,2025,2024,8,3,wheat,bangladesh,Total Distribution,8583.0,1000 Metric Tons
09-21-2026,2025,2024,8,3,wheat,bangladesh,Ending Stocks,1283.0,1000 Metric Tons
09-21-2026,2025,2024,8,3,wheat,bangladesh,Domestic Consumption,7300.0,1000 Metric Tons
09-21-2026,2025,2024,8,3,wheat,bangladesh,Food Seed and Industrial Consumption,7100.0,1000 Metric Tons
09-21-2026,2025,2024,8,3,wheat,bangladesh,Feed Domestic Consumption,200.0,1000 Metric Tons
09-21-2026,2025,2024,8,3,wheat,bangladesh,Trade Year Exports,0.0,1000 Metric Tons
09-21-2026,2025,2024,8,3,wheat,bangladesh,Exports,0.0,1000 Metric Tons
09-21-2026,2025,2024,8,3,wheat,bangladesh,Total Supply,8583.0,1000 Metric Tons
09-21-2026,2025,2024,8,3,wheat,bangladesh,Trade Year Imports From United States,150.0,1000 Metric Tons
09-21-2026,2025,2024,8,3,wheat,bangladesh,Trade Year Imports,6650.0,1000 Metric Tons
09-21-2026,2025,2024,8,3,wheat,bangladesh,Imports,6650.0,1000 Metric Tons
09-21-2026,2025,2024,8,3,wheat,bangladesh,Production,1100.0,1000 Metric Tons
09-21-2026,2026,2024,9,4,wheat,canada,Beginning Stocks,5700.0,1000 Metric Tons
09-21-2026,2026,2024,9,1,corn,world,Beginning Stocks,303718.0,1000 Metric Tons
09-21-2026,2026,2024,5,8,soybean-oil,vietnam,Ending Stocks,68.0,1000 Metric Tons
09-21-2026,2026,2024,9,1,soybeans,european-union,Total Distribution,17620.0,1000 Metric Tons
09-21-2026,2026,2024,5,8,soybean-oil,vietnam,Total Distribution,381.0,1000 Metric Tons
09-21-2026,2026,2024,9,1,soybeans,european-union,Area Harvested,1017.0,1000 Hectares
09-21-2026,2026,2024,9,1,soybeans,european-union,Beginning Stocks,1259.0,1000 Metric Tons
09-21-2026,2026,2024,9,1,soybeans,european-union,Production,2811.0,1000 Metric Tons
09-21-2026,2026,2024,9,1,soybeans,european-union,Imports,13550.0,1000 Metric Tons
09-21-2026,2026,2024,9,1,soybeans,european-union,Total Supply,17620.0,1000 Metric Tons
09-21-2026,2026,2024,9,1,soybeans,european-union,Exports,253.0,1000 Metric Tons
09-21-2026,2025,2024,8,3,wheat,japan,Imports,5346.0,1000 Metric Tons
09-21-2026,2026,2024,9,1,soybeans,european-union,Food Use Domestic Consumption,220.0,1000 Metric Tons
09-21-2026,2026,2024,9,1,soybeans,european-union,Feed Waste Domestic Consumption,1350.0,1000 Metric Tons
09-21-2026,2026,2024,9,1,soybeans,european-union,Domestic Consumption,16070.0,1000 Metric Tons
09-21-2026,2026,2024,9,1,soybeans,european-union,Ending Stocks,1297.0,1000 Metric Tons
09-21-2026,2026,2024,9,1,soybeans,european-union,Yield,2.764,Yield (Metric Tons per Hectare)
09-21-2026,2026,2024,9,1,corn,world,Production,1232008.0,1000 Metric Tons
09-21-2026,2026,2024,9,1,corn,world,Yield,5.9166,Yield (Metric Tons per Hectare)
09-21-2026,2026,2024,9,1,corn,world,Total Distribution,1733481.0,1000 Metric Tons
09-21-2026,2026,2024,9,1,corn,world,Ending Stocks,313842.0,1000 Metric Tons
09-21-2026,2026,2024,9,1,corn,world,Domestic Consumption,1226894.0,1000 Metric Tons
09-21-2026,2026,2024,9,1,corn,world,Food Seed and Industrial Consumption,457131.0,1000 Metric Tons
09-21-2026,2026,2024,9,1,corn,world,Feed Domestic Consumption,769763.0,1000 Metric Tons
09-21-2026,2026,2024,9,1,corn,world,Trade Year Exports,197631.0,1000 Metric Tons
09-21-2026,2026,2024,9,1,corn,world,Exports,192745.0,1000 Metric Tons
09-21-2026,2026,2024,9,1,corn,world,Total Supply,1733481.0,1000 Metric Tons
09-21-2026,2026,2024,9,1,corn,world,Trade Year Imports From United States,58434.0,1000 Metric Tons
09-21-2026,2026,2024,9,1,corn,world,Trade Year Imports,199247.0,1000 Metric Tons
09-21-2026,2026,2024,9,1,corn,world,Imports,197755.0,1000 Metric Tons
09-21-2026,2025,2024,8,12,corn,bangladesh,Area Harvested,620.0,1000 Hectares
09-21-2026,2026,2024,7,11,corn,pakistan,Total Distribution,12096.0,1000 Metric Tons
09-21-2026,2025,2024,8,3,wheat,bangladesh,Area Harvested,310.0,1000 Hectares
09-21-2026,2026,2024,7,11,corn,pakistan,Ending Stocks,1557.0,1000 Metric Tons
09-21-2026,2025,2024,12,4,corn,nigeria,Area Harvested,5100.0,1000 Hectares
09-21-2026,2025,2024,12,4,corn,nigeria,Beginning Stocks,1561.0,1000 Metric Tons
09-21-2026,2025,2024,12,4,corn,nigeria,Production,11053.0,1000 Metric Tons
09-21-2026,2025,2024,12,4,corn,nigeria,Imports,300.0,1000 Metric Tons
09-21-2026,2025,2024,12,4,corn,nigeria,Trade Year Imports,300.0,1000 Metric Tons
09-21-2026,2025,2024,12,4,corn,nigeria,Trade Year Imports From United States,0.0,1000 Metric Tons
09-21-2026,2025,2024,12,4,corn,nigeria,Total Supply,12914.0,1000 Metric Tons
09-21-2026,2025,2024,12,4,corn,nigeria,Exports,50.0,1000 Metric Tons
09-21-2026,2025,2024,12,4,corn,nigeria,Trade Year Exports,50.0,1000 Metric Tons
09-21-2026,2025,2024,12,4,corn,nigeria,Feed Domestic Consumption,5000.0,1000 Metric Tons
09-21-2026,2025,2024,12,4,corn,nigeria,Food Seed and Industrial Consumption,7300.0,1000 Metric Tons
09-21-2026,2025,2024,12,4,corn,nigeria,Domestic Consumption,12300.0,1000 Metric Tons
09-21-2026,2025,2024,12,4,corn,nigeria,Ending Stocks,564.0,1000 Metric Tons
09-21-2026,2025,2024,12,4,corn,nigeria,Total Distribution,12914.0,1000 Metric Tons
09-21-2026,2025,2024,12,4,corn,nigeria,Yield,2.1673,Yield (Metric Tons per Hectare)
09-21-2026,2025,2024,8,12,corn,indonesia,Area Harvested,3700.0,1000 Hectares
09-21-2026,2025,2024,8,12,corn,indonesia,Beginning Stocks,1021.0,1000 Metric Tons
09-21-2026,2025,2024,8,12,corn,indonesia,Production,12700.0,1000 Metric Tons
09-21-2026,2025,2024,8,12,corn,indonesia,Imports,1780.0,1000 Metric Tons
09-21-2026,2025,2024,8,12,corn,indonesia,Trade Year Imports,1780.0,1000 Metric Tons
09-21-2026,2025,2024,8,12,corn,indonesia,Trade Year Imports From United States,0.0,1000 Metric Tons
09-21-2026,2025,2024,8,12,corn,indonesia,Total Supply,15501.0,1000 Metric Tons
09-21-2026,2025,2024,8,12,corn,indonesia,Exports,56.0,1000 Metric Tons
09-21-2026,2025,2024,8,12,corn,indonesia,Trade Year Exports,56.0,1000 Metric Tons
09-21-2026,2025,2024,8,12,corn,indonesia,Feed Domestic Consumption,9200.0,1000 Metric Tons
09-21-2026,2025,2024,8,12,corn,indonesia,Food Seed and Industrial Consumption,4900.0,1000 Metric Tons
09-21-2026,2025,2024,8,12,corn,indonesia,Domestic Consumption,14100.0,1000 Metric Tons
09-21-2026,2025,2024,8,12,corn,philippines,Yield,3.2606,Yield (Metric Tons per Hectare)
09-21-2026,2025,2024,8,12,corn,philippines,Total Distribution,10104.0,1000 Metric Tons
09-21-2026,2025,2024,8,12,corn,philippines,Ending Stocks,303.0,1000 Metric Tons
09-21-2026,2026,2024,3,7,corn,honduras,Ending Stocks,151.0,1000 Metric Tons
09-21-2026,2026,2024,3,7,corn,honduras,Area Harvested,350.0,1000 Hectares
09-21-2026,2026,2024,3,7,corn,honduras,Beginning Stocks,169.0,1000 Metric Tons
09-21-2026,2026,2024,3,7,corn,honduras,Production,640.0,1000 Metric Tons
09-21-2026,2026,2024,3,7,corn,honduras,Imports,928.0,1000 Metric Tons
09-21-2026,2026,2024,3,7,corn,honduras,Trade Year Imports,922.0,1000 Metric Tons
09-21-2026,2026,2024,3,7,corn,honduras,Trade Year Imports From United States,916.0,1000 Metric Tons
09-21-2026,2026,2024,3,7,corn,honduras,Total Supply,1737.0,1000 Metric Tons
09-21-2026,2026,2024,3,7,corn,honduras,Exports,11.0,1000 Metric Tons
09-21-2026,2026,2024,3,7,corn,honduras,Trade Year Exports,12.0,1000 Metric Tons
09-21-2026,2026,2024,3,7,corn,honduras,Feed Domestic Consumption,825.0,1000 Metric Tons
09-21-2026,2026,2024,3,7,corn,honduras,Food Seed and Industrial Consumption,750.0,1000 Metric Tons
09-21-2026,2026,2024,3,7,corn,honduras,Domestic Consumption,1575.0,1000 Metric Tons
09-21-2026,2026,2024,3,7,corn,honduras,Total Distribution,1737.0,1000 Metric Tons
09-21-2026,2025,2024,8,12,corn,philippines,Domestic Consumption,9800.0,1000 Metric Tons
09-21-2026,2026,2024,3,7,corn,honduras,Yield,1.8286,Yield (Metric Tons per Hectare)
09-21-2026,2025,2024,8,12,corn,philippines,Area Harvested,2490.0,1000 Hectares
09-21-2026,2025,2024,8,12,corn,philippines,Beginning Stocks,464.0,1000 Metric Tons
09-21-2026,2025,2024,8,12,corn,philippines,Production,8119.0,1000 Metric Tons
09-21-2026,2025,2024,8,12,corn,philippines,Imports,1521.0,1000 Metric Tons
09-21-2026,2026,2024,5,8,soybean-oil,philippines,Imports,54.0,1000 Metric Tons
09-21-2026,2025,2024,8,12,corn,philippines,Trade Year Imports From United States,110.0,1000 Metric Tons
09-21-2026,2025,2024,8,12,corn,philippines,Total Supply,10104.0,1000 Metric Tons
09-21-2026,2025,2024,8,12,corn,philippines,Exports,1.0,1000 Metric Tons
09-21-2026,2025,2024,8,12,corn,philippines,Trade Year Exports,1.0,1000 Metric Tons
09-21-2026,2025,2024,8,12,corn,philippines,Feed Domestic Consumption,5500.0,1000 Metric Tons
09-21-2026,2025,2024,8,12,corn,philippines,Food Seed and Industrial Consumption,4300.0,1000 Metric Tons
09-21-2026,2025,2024,8,12,corn,indonesia,Ending Stocks,1345.0,1000 Metric Tons
09-21-2026,2025,2024,8,12,corn,indonesia,Total Distribution,15501.0,1000 Metric Tons
09-21-2026,2025,2024,8,12,corn,indonesia,Yield,3.4324,Yield (Metric Tons per Hectare)
09-21-2026,2025,2024,9,1,corn,egypt,Total Distribution,16730.0,1000 Metric Tons
09-21-2026,2025,2024,9,1,corn,egypt,Beginning Stocks,1511.0,1000 Metric Tons
09-21-2026,2025,2024,9,1,corn,egypt,Production,7200.0,1000 Metric Tons
09-21-2026,2025,2024,9,1,corn,egypt,Imports,8019.0,1000 Metric Tons
09-21-2026,2025,2024,9,1,corn,egypt,Trade Year Imports,8019.0,1000 Metric Tons
09-21-2026,2025,2024,9,1,corn,egypt,Trade Year Imports From United States,0.0,1000 Metric Tons
09-21-2026,2025,2024,9,1,corn,egypt,Total Supply,16730.0,1000 Metric Tons
09-21-2026,2025,2024,9,1,corn,egypt,Exports,1.0,1000 Metric Tons
09-21-2026,2025,2024,9,1,corn,egypt,Trade Year Exports,1.0,1000 Metric Tons
09-21-2026,2025,2024,9,1,corn,egypt,Feed Domestic Consumption,12800.0,1000 Metric Tons
09-21-2026,2025,2024,9,1,corn,egypt,Food Seed and Industrial Consumption,2500.0,1000 Metric Tons
09-21-2026,2025,2024,9,1,corn,egypt,Domestic Consumption,15300.0,1000 Metric Tons
09-21-2026,2025,2024,9,1,corn,egypt,Ending Stocks,1429.0,1000 Metric Tons
09-21-2026,2025,2024,9,1,corn,egypt,Yield,7.5789,Yield (Metric Tons per Hectare)
09-21-2026,2025,2024,9,1,corn,china,Yield,6.5322,Yield (Metric Tons per Hectare)
09-21-2026,2026,2024,7,11,corn,pakistan,Area Harvested,1641.0,1000 Hectares
09-21-2026,2026,2024,7,11,corn,pakistan,Beginning Stocks,2326.0,1000 Metric Tons
09-21-2026,2026,2024,7,11,corn,pakistan,Production,9739.0,1000 Metric Tons
09-21-2026,2026,2024,7,11,corn,pakistan,Imports,31.0,1000 Metric Tons
09-21-2026,2026,2024,7,11,corn,pakistan,Trade Year Imports,29.0,1000 Metric Tons
09-21-2026,2026,2024,7,11,corn,pakistan,Trade Year Imports From United States,11.0,1000 Metric Tons
09-21-2026,2026,2024,7,11,corn,pakistan,Total Supply,12096.0,1000 Metric Tons
09-21-2026,2026,2024,7,11,corn,pakistan,Exports,1839.0,1000 Metric Tons
09-21-2026,2026,2024,7,11,corn,pakistan,Trade Year Exports,1712.0,1000 Metric Tons
09-21-2026,2026,2024,7,11,corn,pakistan,Feed Domestic Consumption,6300.0,1000 Metric Tons
09-21-2026,2026,2024,7,11,corn,pakistan,Food Seed and Industrial Consumption,2400.0,1000 Metric Tons
09-21-2026,2026,2024,7,11,corn,pakistan,Domestic Consumption,8700.0,1000 Metric Tons
09-21-2026,2025,2024,9,1,corn,egypt,Area Harvested,950.0,1000 Hectares
09-21-2026,2025,2024,9,1,corn,china,Total Distribution,518195.0,1000 Metric Tons
09-21-2026,2025,2024,11,3,corn,thailand,Area Harvested,1220.0,1000 Hectares
09-21-2026,2025,2024,11,3,corn,thailand,Total Distribution,7407.0,1000 Metric Tons
09-21-2026,2025,2024,11,3,corn,thailand,Beginning Stocks,391.0,1000 Metric Tons
09-21-2026,2025,2024,11,3,corn,thailand,Production,5300.0,1000 Metric Tons
09-21-2026,2025,2024,11,3,corn,thailand,Imports,1716.0,1000 Metric Tons
09-21-2026,2025,2024,11,3,corn,thailand,Trade Year Imports,2018.0,1000 Metric Tons
09-21-2026,2025,2024,11,3,corn,thailand,Trade Year Imports From United States,0.0,1000 Metric Tons
09-21-2026,2025,2024,11,3,corn,thailand,Total Supply,7407.0,1000 Metric Tons
09-21-2026,2025,2024,11,3,corn,thailand,Exports,33.0,1000 Metric Tons
09-21-2026,2025,2024,11,3,corn,thailand,Trade Year Exports,31.0,1000 Metric Tons
09-21-2026,2025,2024,11,3,corn,thailand,Feed Domestic Consumption,6800.0,1000 Metric Tons
09-21-2026,2025,2024,11,3,corn,thailand,Food Seed and Industrial Consumption,100.0,1000 Metric Tons
09-21-2026,2025,2024,11,3,corn,thailand,Domestic Consumption,6900.0,1000 Metric Tons
09-21-2026,2025,2024,11,3,corn,thailand,Ending Stocks,474.0,1000 Metric Tons
09-21-2026,2025,2024,11,3,corn,thailand,Yield,4.3443,Yield (Metric Tons per Hectare)
09-21-2026,2025,2024,9,1,corn,china,Ending Stocks,211192.0,1000 Metric Tons
09-21-2026,2025,2024,9,1,corn,china,Area Harvested,44218.0,1000 Hectares
09-21-2026,2025,2024,9,1,corn,china,Beginning Stocks,206023.0,1000 Metric Tons
09-21-2026,2025,2024,9,1,corn,china,Production,288842.0,1000 Metric Tons
09-21-2026,2025,2024,9,1,corn,china,Imports,23330.0,1000 Metric Tons
09-21-2026,2025,2024,9,1,corn,china,Trade Year Imports,23330.0,1000 Metric Tons
09-21-2026,2025,2024,9,1,corn,china,Trade Year Imports From United States,2301.0,1000 Metric Tons
09-21-2026,2025,2024,9,1,corn,china,Total Supply,518195.0,1000 Metric Tons
09-21-2026,2025,2024,9,1,corn,china,Exports,3.0,1000 Metric Tons
09-21-2026,2025,2024,9,1,corn,china,Trade Year Exports,3.0,1000 Metric Tons
09-21-2026,2025,2024,9,1,corn,china,Feed Domestic Consumption,225000.0,1000 Metric Tons
09-21-2026,2025,2024,9,1,corn,china,Food Seed and Industrial Consumption,82000.0,1000 Metric Tons
09-21-2026,2025,2024,9,1,corn,china,Domestic Consumption,307000.0,1000 Metric Tons
09-21-2026,2025,2024,8,3,wheat,bangladesh,Beginning Stocks,833.0,1000 Metric Tons
09-21-2026,2026,2024,9,1,soybeans,european-union,Crush,14500.0,1000 Metric Tons
09-21-2026,2025,2024,8,3,wheat,pakistan,Yield,3.1176,Yield (Metric Tons per Hectare)
09-21-2026,2025,2024,9,4,wheat,honduras,Imports,346.0,1000 Metric Tons
09-21-2026,2025,2024,9,4,wheat,honduras,Beginning Stocks,13.0,1000 Metric Tons
09-21-2026,2025,2024,9,4,wheat,honduras,Area Harvested,0.0,1000 Hectares
09-21-2026,2025,2024,8,3,wheat,vietnam,Yield,0.0,Yield (Metric Tons per Hectare)
09-21-2026,2025,2024,8,3,wheat,vietnam,Total Distribution,5707.0,1000 Metric Tons
09-21-2026,2025,2024,8,3,wheat,vietnam,Ending Stocks,495.0,1000 Metric Tons
09-21-2026,2025,2024,8,3,wheat,vietnam,Domestic Consumption,4800.0,1000 Metric Tons
09-21-2026,2025,2024,8,3,wheat,vietnam,Food Seed and Industrial Consumption,2300.0,1000 Metric Tons
09-21-2026,2025,2024,8,3,wheat,vietnam,Feed Domestic Consumption,2500.0,1000 Metric Tons
09-21-2026,2025,2024,8,3,wheat,vietnam,Trade Year Exports,412.0,1000 Metric Tons
09-21-2026,2025,2024,8,3,wheat,vietnam,Exports,412.0,1000 Metric Tons
09-21-2026,2025,2024,8,3,wheat,vietnam,Total Supply,5707.0,1000 Metric Tons
09-21-2026,2025,2024,8,3,wheat,vietnam,Trade Year Imports From United States,445.0,1000 Metric Tons
09-21-2026,2025,2024,8,3,wheat,pakistan,Total Distribution,35670.0,1000 Metric Tons
09-21-2026,2025,2024,8,3,wheat,vietnam,Trade Year Imports,5403.0,1000 Metric Tons
09-21-2026,2025,2024,8,3,wheat,vietnam,Imports,5403.0,1000 Metric Tons
09-21-2026,2025,2024,8,3,wheat,vietnam,Production,0.0,1000 Metric Tons
09-21-2026,2025,2024,8,3,wheat,vietnam,Beginning Stocks,304.0,1000 Metric Tons
09-21-2026,2025,2024,9,4,wheat,honduras,Production,0.0,1000 Metric Tons
09-21-2026,2025,2024,9,4,wheat,honduras,Trade Year Imports,346.0,1000 Metric Tons
09-21-2026,2024,2024,12,7,wheat,taiwan,Yield,2.0,Yield (Metric Tons per Hectare)
09-21-2026,2025,2024,9,4,wheat,honduras,Trade Year Imports From United States,293.0,1000 Metric Tons
09-21-2026,2025,2024,8,3,wheat,philippines,Exports,24.0,1000 Metric Tons
09-21-2026,2025,2024,8,3,wheat,philippines,Total Supply,7818.0,1000 Metric Tons
09-21-2026,2025,2024,8,3,wheat,philippines,Trade Year Imports From United States,2712.0,1000 Metric Tons
09-21-2026,2025,2024,8,3,wheat,philippines,Trade Year Imports,6915.0,1000 Metric Tons
09-21-2026,2025,2024,8,3,wheat,philippines,Imports,6915.0,1000 Metric Tons
09-21-2026,2025,2024,8,3,wheat,philippines,Production,0.0,1000 Metric Tons
09-21-2026,2025,2024,8,3,wheat,philippines,Beginning Stocks,903.0,1000 Metric Tons
09-21-2026,2025,2024,8,3,wheat,philippines,Area Harvested,0.0,1000 Hectares
09-21-2026,2025,2024,9,4,wheat,honduras,Yield,0.0,Yield (Metric Tons per Hectare)
09-21-2026,2025,2024,9,4,wheat,honduras,Total Distribution,359.0,1000 Metric Tons
09-21-2026,2025,2024,9,4,wheat,honduras,Ending Stocks,4.0,1000 Metric Tons
09-21-2026,2025,2024,9,4,wheat,honduras,Domestic Consumption,320.0,1000 Metric Tons
09-21-2026,2025,2024,9,4,wheat,honduras,Food Seed and Industrial Consumption,300.0,1000 Metric Tons
09-21-2026,2025,2024,9,4,wheat,honduras,Feed Domestic Consumption,20.0,1000 Metric Tons
09-21-2026,2025,2024,9,4,wheat,honduras,Trade Year Exports,35.0,1000 Metric Tons
09-21-2026,2025,2024,9,4,wheat,honduras,Exports,35.0,1000 Metric Tons
09-21-2026,2025,2024,9,4,wheat,honduras,Total Supply,359.0,1000 Metric Tons
09-21-2026,2025,2024,8,3,wheat,vietnam,Area Harvested,0.0,1000 Hectares
09-21-2026,2024,2024,12,7,wheat,taiwan,Total Distribution,1466.0,1000 Metric Tons
09-21-2026,2025,2024,8,3,wheat,philippines,Feed Domestic Consumption,3400.0,1000 Metric Tons
09-21-2026,2025,2024,12,7,wheat,south-korea,Exports,501.0,1000 Metric Tons
09-21-2026,2025,2024,12,7,wheat,south-korea,Trade Year Imports From United States,1366.0,1000 Metric Tons
09-21-2026,2025,2024,12,7,wheat,south-korea,Trade Year Imports,4989.0,1000 Metric Tons
09-21-2026,2025,2024,12,7,wheat,south-korea,Imports,4989.0,1000 Metric Tons
09-21-2026,2025,2024,12,7,wheat,south-korea,Production,52.0,1000 Metric Tons
09-21-2026,2025,2024,12,7,wheat,south-korea,Beginning Stocks,1618.0,1000 Metric Tons
09-21-2026,2025,2024,12,7,wheat,south-korea,Area Harvested,12.0,1000 Hectares
09-21-2026,2025,2024,8,3,wheat,japan,Yield,4.9353,Yield (Metric Tons per Hectare)
09-21-2026,2025,2024,8,3,wheat,japan,Total Distribution,7633.0,1000 Metric Tons
09-21-2026,2025,2024,8,3,wheat,japan,Ending Stocks,1094.0,1000 Metric Tons
09-21-2026,2025,2024,8,3,wheat,japan,Domestic Consumption,6230.0,1000 Metric Tons
09-21-2026,2025,2024,8,3,wheat,japan,Food Seed and Industrial Consumption,5500.0,1000 Metric Tons
09-21-2026,2025,2024,8,3,wheat,japan,Feed Domestic Consumption,730.0,1000 Metric Tons
09-21-2026,2025,2024,8,3,wheat,japan,Trade Year Exports,309.0,1000 Metric Tons
09-21-2026,2025,2024,8,3,wheat,japan,Exports,309.0,1000 Metric Tons
09-21-2026,2025,2024,8,3,wheat,japan,Total Supply,7633.0,1000 Metric Tons
09-21-2026,2025,2024,8,3,wheat,japan,Trade Year Imports From United States,2029.0,1000 Metric Tons
09-21-2026,2025,2024,8,3,wheat,japan,Trade Year Imports,5346.0,1000 Metric Tons
09-21-2026,2025,2024,12,7,wheat,south-korea,Total Supply,6659.0,1000 Metric Tons
09-21-2026,2025,2024,12,7,wheat,south-korea,Trade Year Exports,501.0,1000 Metric Tons
09-21-2026,2024,2024,12,7,wheat,taiwan,Ending Stocks,119.0,1000 Metric Tons
09-21-2026,2025,2024,12,7,wheat,south-korea,Feed Domestic Consumption,2104.0,1000 Metric Tons
09-21-2026,2024,2024,12,7,wheat,taiwan,Domestic Consumption,1275.0,1000 Metric Tons
09-21-2026,2024,2024,12,7,wheat,taiwan,Food Seed and Industrial Consumption,1200.0,1000 Metric Tons
09-21-2026,2024,2024,12,7,wheat,taiwan,Feed Domestic Consumption,75.0,1000 Metric Tons
09-21-2026,2024,2024,12,7,wheat,taiwan,Trade Year Exports,72.0,1000 Metric Tons
09-21-2026,2024,2024,12,7,wheat,taiwan,Exports,72.0,1000 Metric Tons
09-21-2026,2024,2024,12,7,wheat,taiwan,Total Supply,1466.0,1000 Metric Tons
09-21-2026,2024,2024,12,7,wheat,taiwan,Trade Year Imports From United States,1009.0,1000 Metric Tons
09-21-2026,2024,2024,12,7,wheat,taiwan,Trade Year Imports,1353.0,1000 Metric Tons
09-21-2026,2024,2024,12,7,wheat,taiwan,Imports,1353.0,1000 Metric Tons
09-21-2026,2024,2024,12,7,wheat,taiwan,Production,4.0,1000 Metric Tons
09-21-2026,2024,2024,12,7,wheat,taiwan,Beginning Stocks,109.0,1000 Metric Tons
09-21-2026,2024,2024,12,7,wheat,taiwan,Area Harvested,2.0,1000 Hectares
09-21-2026,2025,2024,12,7,wheat,south-korea,Yield,4.3333,Yield (Metric Tons per Hectare)
09-21-2026,2025,2024,12,7,wheat,south-korea,Total Distribution,6659.0,1000 Metric Tons
09-21-2026,2025,2024,12,7,wheat,south-korea,Ending Stocks,1718.0,1000 Metric Tons
09-21-2026,2025,2024,12,7,wheat,south-korea,Domestic Consumption,4440.0,1000 Metric Tons
09-21-2026,2025,2024,12,7,wheat,south-korea,Food Seed and Industrial Consumption,2336.0,1000 Metric Tons
09-21-2026,2025,2024,8,3,wheat,philippines,Trade Year Exports,24.0,1000 Metric Tons
09-21-2026,2026,2024,5,8,soybean-oil,european-union,Extraction Rate,0.19,Percentage (%)
09-21-2026,2025,2024,8,3,wheat,philippines,Food Seed and Industrial Consumption,3500.0,1000 Metric Tons
09-21-2026,2025,2024,8,3,wheat,china,Trade Year Imports From United States,2179.0,1000 Metric Tons
09-21-2026,2025,2024,8,3,wheat,china,Exports,1012.0,1000 Metric Tons
09-21-2026,2025,2024,8,3,wheat,china,Trade Year Exports,1012.0,1000 Metric Tons
09-21-2026,2025,2024,8,3,wheat,china,Feed Domestic Consumption,37000.0,1000 Metric Tons
09-21-2026,2025,2024,8,3,wheat,china,Food Seed and Industrial Consumption,116500.0,1000 Metric Tons
09-21-2026,2025,2024,8,3,wheat,china,Domestic Consumption,153500.0,1000 Metric Tons
09-21-2026,2025,2024,8,3,wheat,pakistan,Imports,3590.0,1000 Metric Tons
09-21-2026,2025,2024,8,3,wheat,china,Ending Stocks,134523.0,1000 Metric Tons
09-21-2026,2025,2024,8,3,wheat,china,Total Distribution,289035.0,1000 Metric Tons
09-21-2026,2025,2024,8,3,wheat,china,Yield,5.7811,Yield (Metric Tons per Hectare)
09-21-2026,2025,2024,8,3,wheat,pakistan,Domestic Consumption,30200.0,1000 Metric Tons
09-21-2026,2025,2024,8,3,wheat,pakistan,Food Seed and Industrial Consumption,28300.0,1000 Metric Tons
09-21-2026,2025,2024,8,3,wheat,pakistan,Feed Domestic Consumption,1900.0,1000 Metric Tons
09-21-2026,2025,2024,8,3,wheat,pakistan,Area Harvested,9033.0,1000 Hectares
09-21-2026,2025,2024,8,3,wheat,pakistan,Beginning Stocks,3919.0,1000 Metric Tons
09-21-2026,2025,2024,8,3,wheat,pakistan,Production,28161.0,1000 Metric Tons
09-21-2026,2025,2024,8,3,wheat,pakistan,Trade Year Exports,500.0,1000 Metric Tons
09-21-2026,2025,2024,8,3,wheat,pakistan,Exports,500.0,1000 Metric Tons
09-21-2026,2025,2024,8,3,wheat,pakistan,Total Supply,35670.0,1000 Metric Tons
09-21-2026,2025,2024,8,3,wheat,pakistan,Trade Year Imports From United States,0.0,1000 Metric Tons
09-21-2026,2025,2024,8,3,wheat,china,Total Supply,289035.0,1000 Metric Tons
09-21-2026,2025,2024,8,3,wheat,pakistan,Trade Year Imports,3539.0,1000 Metric Tons
09-21-2026,2025,2024,8,3,wheat,china,Production,136590.0,1000 Metric Tons
09-21-2026,2025,2024,8,3,wheat,philippines,Ending Stocks,894.0,1000 Metric Tons
09-21-2026,2025,2024,8,3,wheat,philippines,Total Distribution,7818.0,1000 Metric Tons
09-21-2026,2025,2024,8,3,wheat,philippines,Yield,0.0,Yield (Metric Tons per Hectare)
09-21-2026,2025,2024,8,3,wheat,philippines,Domestic Consumption,6900.0,1000 Metric Tons
09-21-2026,2025,2024,8,3,wheat,china,Area Harvested,23627.0,1000 Hectares
09-21-2026,2025,2024,8,3,wheat,china,Beginning Stocks,138818.0,1000 Metric Tons
09-21-2026,2025,2024,8,3,wheat,china,Imports,13627.0,1000 Metric Tons
09-21-2026,2025,2024,8,3,wheat,china,Trade Year Imports,13627.0,1000 Metric Tons
09-21-2026,2025,2024,8,3,wheat,pakistan,Ending Stocks,4970.0,1000 Metric Tons
09-21-2026,2026,2023,5,12,wheat,indonesia,Trade Year Exports,331.0,1000 Metric Tons
09-21-2026,2026,2023,5,12,wheat,indonesia,Total Supply,11146.0,1000 Metric Tons
09-21-2026,2026,2023,5,12,wheat,indonesia,Exports,331.0,1000 Metric Tons
09-21-2026,2026,2023,5,8,soybean-oil,nigeria,Imports,17.0,1000 Metric Tons
09-21-2026,2026,2023,5,12,wheat,indonesia,Feed Domestic Consumption,1100.0,1000 Metric Tons
09-21-2026,2026,2023,5,12,wheat,indonesia,Trade Year Imports,9446.0,1000 Metric Tons
09-21-2026,2026,2023,5,12,wheat,indonesia,Trade Year Imports From United States,351.0,1000 Metric Tons
09-21-2026,2026,2023,4,11,wheat,egypt,Exports,661.0,1000 Metric Tons
09-21-2026,2026,2023,5,12,wheat,indonesia,Imports,9446.0,1000 Metric Tons
09-21-2026,2026,2023,5,12,wheat,indonesia,Production,0.0,1000 Metric Tons
09-21-2026,2026,2023,5,12,wheat,indonesia,Beginning Stocks,1700.0,1000 Metric Tons
09-21-2026,2026,2023,5,12,wheat,indonesia,Area Harvested,0.0,1000 Hectares
09-21-2026,2026,2023,5,12,wheat,indonesia,Domestic Consumption,9800.0,1000 Metric Tons
09-21-2026,2026,2023,5,12,wheat,indonesia,Food Seed and Industrial Consumption,8700.0,1000 Metric Tons
09-21-2026,2026,2023,4,11,wheat,egypt,Trade Year Imports From United States,115.0,1000 Metric Tons
09-21-2026,2026,2023,5,12,wheat,indonesia,Ending Stocks,1015.0,1000 Metric Tons
09-21-2026,2026,2023,5,12,wheat,indonesia,Total Distribution,11146.0,1000 Metric Tons
09-21-2026,2026,2023,5,12,wheat,indonesia,Yield,0.0,Yield (Metric Tons per Hectare)
09-21-2026,2026,2023,4,11,wheat,egypt,Total Supply,26048.0,1000 Metric Tons
09-21-2026,2026,2023,4,11,wheat,egypt,Feed Domestic Consumption,1300.0,1000 Metric Tons
09-21-2026,2026,2023,4,11,wheat,egypt,Trade Year Imports,11218.0,1000 Metric Tons
09-21-2026,2026,2023,4,11,wheat,egypt,Imports,11218.0,1000 Metric Tons
09-21-2026,2026,2023,4,11,wheat,egypt,Production,9500.0,1000 Metric Tons
09-21-2026,2026,2023,4,11,wheat,egypt,Beginning Stocks,5330.0,1000 Metric Tons
09-21-2026,2026,2023,4,11,wheat,egypt,Area Harvested,1450.0,1000 Hectares
09-21-2026,2026,2023,9,1,soybeans,world,Area Harvested,137225.0,1000 Hectares
09-21-2026,2026,2023,9,1,soybeans,world,Beginning Stocks,93698.0,1000 Metric Tons
09-21-2026,2026,2023,4,11,wheat,egypt,Trade Year Exports,661.0,1000 Metric Tons
09-21-2026,2026,2023,4,11,wheat,egypt,Food Seed and Industrial Consumption,19250.0,1000 Metric Tons
09-21-2026,2026,2023,5,8,soybean-oil,nigeria,Production,172.0,1000 Metric Tons
09-21-2026,2026,2023,5,8,soybean-oil,indonesia,Crush,0.0,1000 Metric Tons
09-21-2026,2026,2023,5,8,soybean-oil,indonesia,Beginning Stocks,0.0,1000 Metric Tons
09-21-2026,2026,2023,5,8,soybean-oil,indonesia,Production,0.0,1000 Metric Tons
09-21-2026,2026,2023,5,8,soybean-oil,indonesia,Imports,31.0,1000 Metric Tons
09-21-2026,2026,2023,5,8,soybean-oil,indonesia,Total Supply,31.0,1000 Metric Tons
09-21-2026,2026,2023,5,8,soybean-oil,indonesia,Exports,0.0,1000 Metric Tons
09-21-2026,2026,2023,5,8,soybean-oil,indonesia,Industrial Domestic Consumption,0.0,1000 Metric Tons
09-21-2026,2026,2023,5,8,soybean-oil,indonesia,Food Use Domestic Consumption,31.0,1000 Metric Tons
09-21-2026,2026,2023,5,8,soybean-oil,indonesia,Feed Waste Domestic Consumption,0.0,1000 Metric Tons
09-21-2026,2026,2023,5,8,soybean-oil,indonesia,Domestic Consumption,31.0,1000 Metric Tons
09-21-2026,2026,2023,5,8,soybean-oil,indonesia,Ending Stocks,0.0,1000 Metric Tons
09-21-2026,2026,2023,7,2,wheat,canada,Total Distribution,39600.0,1000 Metric Tons
09-21-2026,2026,2023,5,8,soybean-oil,indonesia,Total Distribution,31.0,1000 Metric Tons
09-21-2026,2026,2023,5,8,soybean-oil,nigeria,Crush,950.0,1000 Metric Tons
09-21-2026,2026,2023,5,8,soybean-oil,nigeria,Extraction Rate,0.1811,Percentage (%)
09-21-2026,2026,2023,5,8,soybean-oil,nigeria,Beginning Stocks,47.0,1000 Metric Tons
09-21-2026,2026,2023,5,8,soybean-oil,indonesia,Extraction Rate,0.0,Percentage (%)
09-21-2026,2026,2023,5,8,soybean-oil,nigeria,Total Supply,236.0,1000 Metric Tons
09-21-2026,2026,2023,4,11,wheat,egypt,Domestic Consumption,20550.0,1000 Metric Tons
09-21-2026,2026,2023,5,8,soybean-oil,nigeria,Exports,0.0,1000 Metric Tons
09-21-2026,2026,2023,4,11,wheat,egypt,Ending Stocks,4837.0,1000 Metric Tons
09-21-2026,2026,2023,4,11,wheat,egypt,Total Distribution,26048.0,1000 Metric Tons
09-21-2026,2026,2023,4,11,wheat,egypt,Yield,6.5517,Yield (Metric Tons per Hectare)
09-21-2026,2026,2023,7,2,wheat,canada,Food Seed and Industrial Consumption,5140.0,1000 Metric Tons
09-21-2026,2026,2023,7,2,wheat,canada,Domestic Consumption,8268.0,1000 Metric Tons
09-21-2026,2026,2023,5,8,soybean-oil,mexico,Total Supply,1515.0,1000 Metric Tons
09-21-2026,2026,2023,5,8,soybean-oil,mexico,Exports,37.0,1000 Metric Tons
09-21-2026,2026,2023,5,8,soybean-oil,mexico,Industrial Domestic Consumption,0.0,1000 Metric Tons
09-21-2026,2026,2023,5,8,soybean-oil,mexico,Food Use Domestic Consumption,1305.0,1000 Metric Tons
09-21-2026,2026,2023,5,8,soybean-oil,mexico,Feed Waste Domestic Consumption,0.0,1000 Metric Tons
09-21-2026,2026,2023,7,2,wheat,canada,Ending Stocks,5700.0,1000 Metric Tons
09-21-2026,2026,2023,5,8,soybean-oil,mexico,Ending Stocks,173.0,1000 Metric Tons
09-21-2026,2026,2023,5,8,soybean-oil,mexico,Total Distribution,1515.0,1000 Metric Tons
09-21-2026,2026,2023,7,2,wheat,canada,Yield,3.4496,Yield (Metric Tons per Hectare)
09-21-2026,2026,2023,5,8,soybean-oil,nigeria,Industrial Domestic Consumption,0.0,1000 Metric Tons
09-21-2026,2026,2023,5,8,soybean-oil,mexico,Domestic Consumption,1305.0,1000 Metric Tons
09-21-2026,2026,2023,9,4,wheat,colombia,Yield,2.6,Yield (Metric Tons per Hectare)
09-21-2026,2026,2023,9,12,soybean-oil,world,Total Distribution,77005.0,1000 Metric Tons
09-21-2026,2026,2023,5,8,soybean-oil,nigeria,Ending Stocks,51.0,1000 Metric Tons
09-21-2026,2026,2023,5,8,soybean-oil,nigeria,Feed Waste Domestic Consumption,0.0,1000 Metric Tons
09-21-2026,2026,2023,5,8,soybean-oil,nigeria,Food Use Domestic Consumption,185.0,1000 Metric Tons
09-21-2026,2026,2023,9,4,wheat,colombia,Beginning Stocks,338.0,1000 Metric Tons
09-21-2026,2026,2023,9,4,wheat,colombia,Production,13.0,1000 Metric Tons
09-21-2026,2026,2023,9,4,wheat,colombia,Imports,2036.0,1000 Metric Tons
09-21-2026,2026,2023,9,4,wheat,colombia,Trade Year Imports,2036.0,1000 Metric Tons
09-21-2026,2026,2023,9,4,wheat,colombia,Trade Year Imports From United States,494.0,1000 Metric Tons
09-21-2026,2026,2023,9,4,wheat,colombia,Total Supply,2387.0,1000 Metric Tons
09-21-2026,2026,2023,9,4,wheat,colombia,Exports,22.0,1000 Metric Tons
09-21-2026,2026,2023,9,4,wheat,colombia,Trade Year Exports,22.0,1000 Metric Tons
09-21-2026,2026,2023,5,12,wheat,mexico,Yield,6.0587,Yield (Metric Tons per Hectare)
09-21-2026,2026,2023,5,12,wheat,mexico,Total Distribution,9132.0,1000 Metric Tons
09-21-2026,2026,2023,5,12,wheat,mexico,Ending Stocks,632.0,1000 Metric Tons
09-21-2026,2026,2023,5,12,wheat,mexico,Domestic Consumption,7700.0,1000 Metric Tons
09-21-2026,2026,2023,5,12,wheat,mexico,Food Seed and Industrial Consumption,7200.0,1000 Metric Tons
09-21-2026,2026,2023,5,8,soybean-oil,nigeria,Domestic Consumption,185.0,1000 Metric Tons
09-21-2026,2026,2023,5,8,soybean-oil,nigeria,Total Distribution,236.0,1000 Metric Tons
09-21-2026,2026,2023,9,12,soybean-oil,world,Ending Stocks,5869.0,1000 Metric Tons
09-21-2026,2026,2023,9,4,wheat,colombia,Area Harvested,5.0,1000 Hectares
09-21-2026,2026,2023,9,1,corn,world,Yield,5.7505,Yield (Metric Tons per Hectare)
09-21-2026,2026,2023,9,1,corn,world,Total Distribution,1652402.0,1000 Metric Tons
09-21-2026,2026,2023,9,1,corn,world,Ending Stocks,303718.0,1000 Metric Tons
09-21-2026,2026,2023,9,1,corn,world,Domestic Consumption,1168291.0,1000 Metric Tons
09-21-2026,2026,2023,9,1,corn,world,Food Seed and Industrial Consumption,437878.0,1000 Metric Tons
09-21-2026,2026,2023,9,1,corn,world,Feed Domestic Consumption,730413.0,1000 Metric Tons
09-21-2026,2026,2023,9,1,corn,world,Trade Year Exports,180663.0,1000 Metric Tons
09-21-2026,2026,2023,9,1,corn,world,Exports,180393.0,1000 Metric Tons
09-21-2026,2026,2023,9,1,corn,world,Total Supply,1652402.0,1000 Metric Tons
09-21-2026,2026,2023,9,1,corn,world,Trade Year Imports From United States,42659.0,1000 Metric Tons
09-21-2026,2026,2023,9,1,corn,world,Trade Year Imports,173246.0,1000 Metric Tons
09-21-2026,2026,2023,9,1,corn,world,Imports,173418.0,1000 Metric Tons
09-21-2026,2026,2023,9,1,corn,world,Production,1165651.0,1000 Metric Tons
09-21-2026,2026,2023,9,1,corn,world,Beginning Stocks,313333.0,1000 Metric Tons
09-21-2026,2026,2023,9,1,corn,world,Area Harvested,202704.0,1000 Hectares
09-21-2026,2026,2023,5,12,wheat,mexico,Feed Domestic Consumption,500.0,1000 Metric Tons
09-21-2026,2026,2023,5,12,wheat,mexico,Trade Year Exports,800.0,1000 Metric Tons
09-21-2026,2026,2023,5,12,wheat,mexico,Exports,800.0,1000 Metric Tons
09-21-2026,2026,2023,5,12,wheat,mexico,Total Supply,9132.0,1000 Metric Tons
09-21-2026,2026,2023,9,4,wheat,world,Area Harvested,219680.0,1000 Hectares
09-21-2026,2026,2023,4,11,wheat,thailand,Trade Year Exports,333.0,1000 Metric Tons
09-21-2026,2026,2023,4,11,wheat,thailand,Feed Domestic Consumption,1300.0,1000 Metric Tons
09-21-2026,2026,2023,4,11,wheat,thailand,Food Seed and Industrial Consumption,1300.0,1000 Metric Tons
09-21-2026,2026,2023,4,11,wheat,thailand,Domestic Consumption,2600.0,1000 Metric Tons
09-21-2026,2026,2023,4,11,wheat,thailand,Ending Stocks,640.0,1000 Metric Tons
09-21-2026,2026,2023,4,11,wheat,thailand,Total Distribution,3573.0,1000 Metric Tons
09-21-2026,2026,2023,4,11,wheat,thailand,Yield,0.0,Yield (Metric Tons per Hectare)
09-21-2026,2026,2023,9,4,wheat,colombia,Feed Domestic Consumption,110.0,1000 Metric Tons
09-21-2026,2026,2023,9,4,wheat,colombia,Food Seed and Industrial Consumption,1950.0,1000 Metric Tons
09-21-2026,2026,2023,9,4,wheat,colombia,Domestic Consumption,2060.0,1000 Metric Tons
09-21-2026,2026,2023,9,4,wheat,colombia,Ending Stocks,305.0,1000 Metric Tons
09-21-2026,2026,2023,9,4,wheat,colombia,Total Distribution,2387.0,1000 Metric Tons
09-21-2026,2026,2023,5,8,soybean-oil,mexico,Production,1227.0,1000 Metric Tons
09-21-2026,2026,2023,9,12,soybean-oil,world,Domestic Consumption,59394.0,1000 Metric Tons
09-21-2026,2026,2023,9,4,wheat,world,Beginning Stocks,275010.0,1000 Metric Tons
09-21-2026,2026,2023,9,4,wheat,world,Production,790286.0,1000 Metric Tons
09-21-2026,2026,2023,9,4,wheat,world,Imports,212649.0,1000 Metric Tons
09-21-2026,2026,2023,4,11,wheat,thailand,Area Harvested,0.0,1000 Hectares
09-21-2026,2026,2023,5,12,wheat,mexico,Trade Year Imports From United States,3621.0,1000 Metric Tons
09-21-2026,2026,2023,5,12,wheat,mexico,Trade Year Imports,5232.0,1000 Metric Tons
09-21-2026,2026,2023,5,12,wheat,mexico,Imports,5232.0,1000 Metric Tons
09-21-2026,2026,2023,5,12,wheat,mexico,Production,3611.0,1000 Metric Tons
09-21-2026,2026,2023,5,12,wheat,mexico,Beginning Stocks,289.0,1000 Metric Tons
09-21-2026,2026,2023,5,12,wheat,mexico,Area Harvested,596.0,1000 Hectares
09-21-2026,2026,2023,4,11,wheat,thailand,Beginning Stocks,410.0,1000 Metric Tons
09-21-2026,2026,2023,9,4,wheat,world,Trade Year Imports,211737.0,1000 Metric Tons
09-21-2026,2026,2023,4,11,wheat,thailand,Production,0.0,1000 Metric Tons
09-21-2026,2026,2023,4,11,wheat,thailand,Imports,3163.0,1000 Metric Tons
09-21-2026,2026,2023,4,11,wheat,thailand,Trade Year Imports,3163.0,1000 Metric Tons
09-21-2026,2026,2023,4,11,wheat,thailand,Trade Year Imports From United States,586.0,1000 Metric Tons
09-21-2026,2026,2023,4,11,wheat,thailand,Total Supply,3573.0,1000 Metric Tons
09-21-2026,2026,2023,4,11,wheat,thailand,Exports,333.0,1000 Metric Tons
09-21-2026,2026,2023,5,8,soybean-oil,mexico,Imports,97.0,1000 Metric Tons
09-21-2026,2026,2023,7,2,wheat,canada,Feed Domestic Consumption,3128.0,1000 Metric Tons
09-21-2026,2026,2023,5,8,soybean-oil,mexico,Beginning Stocks,191.0,1000 Metric Tons
09-21-2026,2026,2023,5,8,soybean-oil,united-states,Ending Stocks,729.0,1000 Metric Tons
09-21-2026,2026,2023,5,8,soybean-oil,united-states,Imports,170.0,1000 Metric Tons
09-21-2026,2026,2023,5,8,soybean-oil,united-states,Total Supply,12970.0,1000 Metric Tons
09-21-2026,2026,2023,5,8,soybean-oil,united-states,Exports,171.0,1000 Metric Tons
09-21-2026,2026,2023,5,8,soybean-oil,united-states,Industrial Domestic Consumption,5675.0,1000 Metric Tons
09-21-2026,2026,2023,5,8,soybean-oil,united-states,Food Use Domestic Consumption,6395.0,1000 Metric Tons
09-21-2026,2026,2023,5,8,soybean-oil,united-states,Feed Waste Domestic Consumption,0.0,1000 Metric Tons
09-21-2026,2026,2023,5,8,soybean-oil,united-states,Domestic Consumption,12070.0,1000 Metric Tons
09-21-2026,2026,2023,5,8,soybean-oil,united-states,Total Distribution,12970.0,1000 Metric Tons
09-21-2026,2026,2023,9,12,soybean-oil,world,Exports,11742.0,1000 Metric Tons
09-21-2026,2026,2023,7,2,wheat,canada,Imports,552.0,1000 Metric Tons
09-21-2026,2026,2023,7,2,wheat,guatemala,Area Harvested,0.0,1000 Hectares
09-21-2026,2026,2023,7,2,wheat,guatemala,Beginning Stocks,189.0,1000 Metric Tons
09-21-2026,2026,2023,7,2,wheat,guatemala,Production,0.0,1000 Metric Tons
09-21-2026,2026,2023,7,2,wheat,guatemala,Imports,633.0,1000 Metric Tons
09-21-2026,2026,2023,7,2,wheat,guatemala,Trade Year Imports,633.0,1000 Metric Tons
09-21-2026,2026,2023,7,2,wheat,guatemala,Trade Year Imports From United States,86.0,1000 Metric Tons
09-21-2026,2026,2023,9,12,soybean-oil,world,Industrial Domestic Consumption,12673.0,1000 Metric Tons
09-21-2026,2026,2023,9,12,soybean-oil,world,Total Supply,77005.0,1000 Metric Tons
09-21-2026,2026,2023,9,12,soybean-meal,world,Feed Waste Domestic Consumption,244864.0,1000 Metric Tons
09-21-2026,2026,2023,9,12,soybean-meal,world,Crush,315767.0,1000 Metric Tons
09-21-2026,2026,2023,9,12,soybean-meal,world,Industrial Domestic Consumption,1362.0,1000 Metric Tons
09-21-2026,2026,2023,9,12,soybean-meal,world,Exports,67066.0,1000 Metric Tons
09-21-2026,2026,2023,9,12,soybean-meal,world,Total Supply,328262.0,1000 Metric Tons
09-21-2026,2026,2023,9,12,soybean-meal,world,Imports,63296.0,1000 Metric Tons
09-21-2026,2026,2023,9,12,soybean-meal,world,Production,248385.0,1000 Metric Tons
09-21-2026,2026,2023,9,12,soybean-meal,world,Beginning Stocks,16581.0,1000 Metric Tons
09-21-2026,2026,2023,9,12,soybean-meal,world,Extraction Rate,0.7866,Percentage (%)
09-21-2026,2026,2023,5,8,soybean-oil,united-states,Crush,60199.0,1000 Metric Tons
09-21-2026,2026,2023,9,12,soybean-oil,world,Imports,10976.0,1000 Metric Tons
09-21-2026,2026,2023,5,8,soybean-oil,united-states,Extraction Rate,0.1976,Percentage (%)
09-21-2026,2026,2023,5,8,soybean-oil,united-states,Beginning Stocks,903.0,1000 Metric Tons
09-21-2026,2026,2023,5,8,soybean-oil,united-states,Production,11897.0,1000 Metric Tons
09-21-2026,2026,2023,9,12,soybean-oil,world,Crush,315767.0,1000 Metric Tons
09-21-2026,2026,2023,9,12,soybean-oil,world,Extraction Rate,0.1923,Percentage (%)
09-21-2026,2026,2023,9,12,soybean-oil,world,Beginning Stocks,5304.0,1000 Metric Tons
09-21-2026,2026,2023,9,12,soybean-oil,world,Production,60725.0,1000 Metric Tons
09-21-2026,2026,2023,7,2,wheat,guatemala,Total Supply,822.0,1000 Metric Tons
09-21-2026,2026,2023,7,2,wheat,guatemala,Exports,58.0,1000 Metric Tons
09-21-2026,2026,2023,7,2,wheat,guatemala,Trade Year Exports,58.0,1000 Metric Tons
09-21-2026,2026,2023,9,1,soybeans,european-union,Total Supply,17309.0,1000 Metric Tons
09-21-2026,2026,2023,7,2,wheat,canada,Beginning Stocks,4169.0,1000 Metric Tons
09-21-2026,2026,2023,7,2,wheat,canada,Area Harvested,10111.0,1000 Hectares
09-21-2026,2026,2023,9,12,soybean-oil,world,Food Use Domestic Consumption,46661.0,1000 Metric Tons
09-21-2026,2026,2023,9,1,soybeans,european-union,Area Harvested,1116.0,1000 Hectares
09-21-2026,2026,2023,9,1,soybeans,european-union,Beginning Stocks,1572.0,1000 Metric Tons
09-21-2026,2026,2023,9,1,soybeans,european-union,Production,2610.0,1000 Metric Tons
09-21-2026,2026,2023,9,1,soybeans,european-union,Imports,13127.0,1000 Metric Tons
09-21-2026,2026,2023,9,1,soybeans,european-union,Exports,230.0,1000 Metric Tons
09-21-2026,2026,2023,7,2,wheat,guatemala,Feed Domestic Consumption,40.0,1000 Metric Tons
09-21-2026,2026,2023,9,1,soybeans,european-union,Crush,14300.0,1000 Metric Tons
09-21-2026,2026,2023,9,1,soybeans,european-union,Food Use Domestic Consumption,220.0,1000 Metric Tons
09-21-2026,2026,2023,9,1,soybeans,european-union,Feed Waste Domestic Consumption,1300.0,1000 Metric Tons
09-21-2026,2026,2023,9,1,soybeans,european-union,Domestic Consumption,15820.0,1000 Metric Tons
09-21-2026,2026,2023,9,1,soybeans,european-union,Ending Stocks,1259.0,1000 Metric Tons
09-21-2026,2026,2023,9,1,soybeans,european-union,Total Distribution,17309.0,1000 Metric Tons
09-21-2026,2026,2023,9,1,soybeans,european-union,Yield,2.3387,Yield (Metric Tons per Hectare)
09-21-2026,2026,2023,7,2,wheat,canada,Production,34879.0,1000 Metric Tons
09-21-2026,2026,2023,7,2,wheat,guatemala,Yield,0.0,Yield (Metric Tons per Hectare)
09-21-2026,2026,2023,7,2,wheat,guatemala,Total Distribution,822.0,1000 Metric Tons
09-21-2026,2026,2023,7,2,wheat,guatemala,Ending Stocks,174.0,1000 Metric Tons
09-21-2026,2026,2023,7,2,wheat,guatemala,Food Seed and Industrial Consumption,550.0,1000 Metric Tons
09-21-2026,2026,2023,7,2,wheat,guatemala,Domestic Consumption,590.0,1000 Metric Tons
09-21-2026,2026,2023,5,8,soybean-oil,vietnam,Crush,1250.0,1000 Metric Tons
09-21-2026,2026,2023,5,8,soybean-oil,vietnam,Extraction Rate,0.1904,Percentage (%)
09-21-2026,2026,2023,5,8,soybean-oil,vietnam,Beginning Stocks,54.0,1000 Metric Tons
09-21-2026,2026,2023,5,8,soybean-oil,vietnam,Production,238.0,1000 Metric Tons
09-21-2026,2026,2023,5,8,soybean-oil,vietnam,Imports,78.0,1000 Metric Tons
09-21-2026,2026,2023,5,8,soybean-oil,vietnam,Total Supply,370.0,1000 Metric Tons
09-21-2026,2026,2023,5,8,soybean-oil,vietnam,Exports,82.0,1000 Metric Tons
09-21-2026,2026,2023,5,8,soybean-oil,vietnam,Industrial Domestic Consumption,0.0,1000 Metric Tons
09-21-2026,2026,2023,5,8,soybean-oil,vietnam,Food Use Domestic Consumption,255.0,1000 Metric Tons
09-21-2026,2026,2023,5,8,soybean-oil,vietnam,Feed Waste Domestic Consumption,0.0,1000 Metric Tons
09-21-2026,2026,2023,5,8,soybean-oil,vietnam,Domestic Consumption,255.0,1000 Metric Tons
09-21-2026,2026,2023,5,8,soybean-oil,vietnam,Ending Stocks,33.0,1000 Metric Tons
09-21-2026,2026,2023,5,8,soybean-oil,vietnam,Total Distribution,370.0,1000 Metric Tons
09-21-2026,2026,2023,9,12,soybean-meal,world,Food Use Domestic Consumption,796.0,1000 Metric Tons
09-21-2026,2026,2023,9,12,soybean-meal,world,Domestic Consumption,247022.0,1000 Metric Tons
09-21-2026,2026,2023,5,8,soybean-oil,mexico,Extraction Rate,0.1845,Percentage (%)
09-21-2026,2026,2023,7,2,wheat,united-states,Total Supply,66562.0,1000 Metric Tons
09-21-2026,2026,2023,7,2,wheat,united-states,Total Distribution,66562.0,1000 Metric Tons
09-21-2026,2026,2023,7,2,wheat,united-states,Ending Stocks,15501.0,1000 Metric Tons
09-21-2026,2026,2023,7,2,wheat,united-states,Domestic Consumption,30361.0,1000 Metric Tons
09-21-2026,2026,2023,7,2,wheat,united-states,Food Seed and Industrial Consumption,28306.0,1000 Metric Tons
09-21-2026,2026,2023,7,2,wheat,united-states,Feed Domestic Consumption,2055.0,1000 Metric Tons
09-21-2026,2026,2023,7,2,wheat,united-states,Trade Year Exports,20250.0,1000 Metric Tons
09-21-2026,2026,2023,7,2,wheat,united-states,Exports,20700.0,1000 Metric Tons
09-21-2026,2026,2023,7,2,wheat,united-states,Trade Year Imports From United States,0.0,1000 Metric Tons
09-21-2026,2026,2023,4,7,soybean-oil,pakistan,Beginning Stocks,56.0,1000 Metric Tons
09-21-2026,2026,2023,7,2,wheat,united-states,Trade Year Imports,3269.0,1000 Metric Tons
09-21-2026,2026,2023,7,2,wheat,united-states,Imports,3309.0,1000 Metric Tons
09-21-2026,2026,2023,7,2,wheat,united-states,Production,44898.0,1000 Metric Tons
09-21-2026,2026,2023,7,2,wheat,united-states,Beginning Stocks,18355.0,1000 Metric Tons
09-21-2026,2026,2023,7,2,wheat,united-states,Area Harvested,14360.0,1000 Hectares
09-21-2026,2026,2023,9,4,wheat,european-union,Area Harvested,24435.0,1000 Hectares
09-21-2026,2026,2023,9,4,wheat,european-union,Beginning Stocks,13631.0,1000 Metric Tons
09-21-2026,2026,2023,7,2,wheat,united-states,Yield,3.1266,Yield (Metric Tons per Hectare)
09-21-2026,2026,2023,4,7,soybean-oil,pakistan,Extraction Rate,0.1862,Percentage (%)
09-21-2026,2026,2023,9,12,soybean-meal,world,Ending Stocks,14174.0,1000 Metric Tons
09-21-2026,2026,2023,5,8,soybean-oil,philippines,Domestic Consumption,67.0,1000 Metric Tons
09-21-2026,2026,2023,5,8,soybean-oil,mexico,Crush,6650.0,1000 Metric Tons
09-21-2026,2026,2023,9,1,soybeans,world,Domestic Consumption,366810.0,1000 Metric Tons
09-21-2026,2026,2023,9,1,soybeans,world,Ending Stocks,101838.0,1000 Metric Tons
09-21-2026,2026,2023,9,1,soybeans,world,Total Distribution,640409.0,1000 Metric Tons
09-21-2026,2026,2023,9,1,soybeans,world,Yield,2.7561,Yield (Metric Tons per Hectare)
09-21-2026,2026,2023,5,8,soybean-oil,philippines,Total Distribution,69.0,1000 Metric Tons
09-21-2026,2026,2023,5,8,soybean-oil,philippines,Ending Stocks,2.0,1000 Metric Tons
09-21-2026,2026,2023,5,8,soybean-oil,philippines,Feed Waste Domestic Consumption,0.0,1000 Metric Tons
09-21-2026,2026,2023,4,7,soybean-oil,pakistan,Crush,650.0,1000 Metric Tons
09-21-2026,2026,2023,5,8,soybean-oil,philippines,Food Use Domestic Consumption,63.0,1000 Metric Tons
09-21-2026,2026,2023,5,8,soybean-oil,philippines,Industrial Domestic Consumption,4.0,1000 Metric Tons
09-21-2026,2026,2023,5,8,soybean-oil,philippines,Exports,0.0,1000 Metric Tons
09-21-2026,2026,2023,5,8,soybean-oil,philippines,Total Supply,69.0,1000 Metric Tons
09-21-2026,2026,2023,5,8,soybean-oil,philippines,Imports,52.0,1000 Metric Tons
09-21-2026,2026,2023,5,8,soybean-oil,philippines,Production,14.0,1000 Metric Tons
09-21-2026,2026,2023,9,12,soybean-oil,world,Feed Waste Domestic Consumption,60.0,1000 Metric Tons
09-21-2026,2026,2023,9,4,wheat,european-union,Production,134492.0,1000 Metric Tons
09-21-2026,2026,2023,9,4,wheat,european-union,Imports,12228.0,1000 Metric Tons
09-21-2026,2026,2023,9,4,wheat,european-union,Trade Year Imports,12228.0,1000 Metric Tons
09-21-2026,2026,2023,4,7,soybean-oil,pakistan,Ending Stocks,37.0,1000 Metric Tons
09-21-2026,2026,2023,4,7,soybean-oil,pakistan,Imports,222.0,1000 Metric Tons
09-21-2026,2026,2023,4,7,soybean-oil,pakistan,Total Supply,399.0,1000 Metric Tons
09-21-2026,2026,2023,4,7,soybean-oil,pakistan,Exports,2.0,1000 Metric Tons
09-21-2026,2026,2023,4,7,soybean-oil,pakistan,Industrial Domestic Consumption,10.0,1000 Metric Tons
09-21-2026,2026,2023,4,7,soybean-oil,pakistan,Food Use Domestic Consumption,350.0,1000 Metric Tons
09-21-2026,2026,2023,4,7,soybean-oil,pakistan,Feed Waste Domestic Consumption,0.0,1000 Metric Tons
09-21-2026,2026,2023,4,7,soybean-oil,pakistan,Domestic Consumption,360.0,1000 Metric Tons
09-21-2026,2026,2023,4,7,soybean-oil,pakistan,Total Distribution,399.0,1000 Metric Tons
09-21-2026,2026,2023,9,4,wheat,european-union,Trade Year Imports From United States,381.0,1000 Metric Tons
09-21-2026,2026,2023,7,2,wheat,canada,Trade Year Exports,25338.0,1000 Metric Tons
09-21-2026,2026,2023,7,2,wheat,canada,Exports,25632.0,1000 Metric Tons
09-21-2026,2026,2023,7,2,wheat,canada,Total Supply,39600.0,1000 Metric Tons
09-21-2026,2026,2023,7,2,wheat,canada,Trade Year Imports From United States,306.0,1000 Metric Tons
09-21-2026,2026,2023,7,2,wheat,canada,Trade Year Imports,545.0,1000 Metric Tons
09-21-2026,2026,2023,9,12,soybean-meal,world,Soybean Meal Equivalent,244864.0,1000 Metric Tons
09-21-2026,2026,2023,9,12,soybean-meal,world,Total Distribution,328262.0,1000 Metric Tons
09-21-2026,2026,2023,9,4,wheat,european-union,Yield,5.5041,Yield (Metric Tons per Hectare)
09-21-2026,2026,2023,9,4,wheat,european-union,Total Distribution,160351.0,1000 Metric Tons
09-21-2026,2026,2023,9,1,soybeans,world,Feed Waste Domestic Consumption,28185.0,1000 Metric Tons
09-21-2026,2026,2023,9,1,soybeans,world,Food Use Domestic Consumption,22858.0,1000 Metric Tons
09-21-2026,2026,2023,9,4,wheat,european-union,Total Supply,160351.0,1000 Metric Tons
09-21-2026,2026,2023,9,4,wheat,european-union,Exports,35083.0,1000 Metric Tons
09-21-2026,2026,2023,9,4,wheat,european-union,Trade Year Exports,35083.0,1000 Metric Tons
09-21-2026,2026,2023,5,8,soybean-oil,philippines,Beginning Stocks,3.0,1000 Metric Tons
09-21-2026,2026,2023,5,8,soybean-oil,philippines,Extraction Rate,0.175,Percentage (%)
09-21-2026,2026,2023,5,8,soybean-oil,philippines,Crush,80.0,1000 Metric Tons
09-21-2026,2026,2023,4,7,soybean-oil,pakistan,Production,121.0,1000 Metric Tons
09-21-2026,2026,2023,9,4,wheat,european-union,Food Seed and Industrial Consumption,64000.0,1000 Metric Tons
09-21-2026,2026,2023,9,4,wheat,european-union,Domestic Consumption,109000.0,1000 Metric Tons
09-21-2026,2026,2023,9,4,wheat,european-union,Ending Stocks,16268.0,1000 Metric Tons
09-21-2026,2026,2023,9,1,soybeans,world,Production,378210.0,1000 Metric Tons
09-21-2026,2026,2023,9,1,soybeans,world,Imports,168501.0,1000 Metric Tons
09-21-2026,2026,2023,9,1,soybeans,world,Total Supply,640409.0,1000 Metric Tons
09-21-2026,2026,2023,9,1,soybeans,world,Exports,171761.0,1000 Metric Tons
09-21-2026,2026,2023,9,1,soybeans,world,Crush,315767.0,1000 Metric Tons
09-21-2026,2026,2023,9,4,wheat,european-union,Feed Domestic Consumption,45000.0,1000 Metric Tons
09-21-2026,2026,2023,4,8,soybeans,mexico,Ending Stocks,557.0,1000 Metric Tons
09-21-2026,2026,2023,9,4,wheat,world,Trade Year Imports From United States,20113.0,1000 Metric Tons
09-21-2026,2024,2023,4,8,corn,bangladesh,Yield,8.6607,Yield (Metric Tons per Hectare)
09-21-2026,2024,2023,4,8,corn,bangladesh,Area Harvested,560.0,1000 Hectares
09-21-2026,2024,2023,4,8,corn,bangladesh,Beginning Stocks,189.0,1000 Metric Tons
09-21-2026,2024,2023,4,8,corn,bangladesh,Production,4850.0,1000 Metric Tons
09-21-2026,2024,2023,4,8,corn,bangladesh,Imports,2038.0,1000 Metric Tons
09-21-2026,2024,2023,4,8,corn,bangladesh,Trade Year Imports,1145.0,1000 Metric Tons
09-21-2026,2024,2023,4,8,corn,bangladesh,Trade Year Imports From United States,0.0,1000 Metric Tons
09-21-2026,2024,2023,4,8,corn,bangladesh,Total Supply,7077.0,1000 Metric Tons
09-21-2026,2024,2023,4,8,corn,bangladesh,Exports,0.0,1000 Metric Tons
09-21-2026,2024,2023,4,8,corn,bangladesh,Trade Year Exports,0.0,1000 Metric Tons
09-21-2026,2024,2023,4,8,corn,bangladesh,Feed Domestic Consumption,6500.0,1000 Metric Tons
09-21-2026,2024,2023,4,8,corn,bangladesh,Food Seed and Industrial Consumption,400.0,1000 Metric Tons
09-21-2026,2024,2023,4,8,corn,bangladesh,Domestic Consumption,6900.0,1000 Metric Tons
09-21-2026,2024,2023,4,8,corn,bangladesh,Ending Stocks,177.0,1000 Metric Tons
09-21-2026,2024,2023,4,8,corn,bangladesh,Total Distribution,7077.0,1000 Metric Tons
09-21-2026,2025,2023,4,7,soybean-oil,egypt,Total Distribution,691.0,1000 Metric Tons
09-21-2026,2026,2023,6,10,corn,pakistan,Total Distribution,12551.0,1000 Metric Tons
09-21-2026,2025,2023,4,7,soybean-oil,egypt,Ending Stocks,90.0,1000 Metric Tons
09-21-2026,2025,2023,4,7,soybean-oil,egypt,Domestic Consumption,560.0,1000 Metric Tons
09-21-2026,2025,2023,4,7,soybean-oil,egypt,Feed Waste Domestic Consumption,0.0,1000 Metric Tons
09-21-2026,2025,2023,4,7,soybean-oil,egypt,Food Use Domestic Consumption,550.0,1000 Metric Tons
09-21-2026,2025,2023,4,7,soybean-oil,egypt,Industrial Domestic Consumption,10.0,1000 Metric Tons
09-21-2026,2025,2023,4,7,soybean-oil,egypt,Exports,41.0,1000 Metric Tons
09-21-2026,2025,2023,4,7,soybean-oil,egypt,Total Supply,691.0,1000 Metric Tons
09-21-2026,2025,2023,4,7,soybean-oil,egypt,Imports,192.0,1000 Metric Tons
09-21-2026,2025,2023,4,7,soybean-oil,egypt,Production,401.0,1000 Metric Tons
09-21-2026,2025,2023,4,7,soybean-oil,egypt,Beginning Stocks,98.0,1000 Metric Tons
09-21-2026,2025,2023,4,7,soybean-oil,egypt,Extraction Rate,0.1823,Percentage (%)
09-21-2026,2025,2023,4,7,soybean-oil,egypt,Crush,2200.0,1000 Metric Tons
09-21-2026,2025,2023,4,7,soybean-oil,thailand,Total Distribution,411.0,1000 Metric Tons
09-21-2026,2025,2023,4,7,soybean-oil,thailand,Ending Stocks,31.0,1000 Metric Tons
09-21-2026,2026,2023,6,10,corn,pakistan,Yield,6.3903,Yield (Metric Tons per Hectare)
09-21-2026,2026,2023,6,10,corn,pakistan,Ending Stocks,2326.0,1000 Metric Tons
09-21-2026,2025,2023,4,7,soybean-oil,south-korea,Industrial Domestic Consumption,30.0,1000 Metric Tons
09-21-2026,2024,2023,5,9,corn,egypt,Food Seed and Industrial Consumption,2500.0,1000 Metric Tons
09-21-2026,2025,2023,9,1,corn,china,Domestic Consumption,299000.0,1000 Metric Tons
09-21-2026,2025,2023,9,1,corn,china,Ending Stocks,206023.0,1000 Metric Tons
09-21-2026,2025,2023,9,1,corn,china,Total Distribution,505031.0,1000 Metric Tons
09-21-2026,2025,2023,9,1,corn,china,Yield,6.436,Yield (Metric Tons per Hectare)
09-21-2026,2024,2023,5,9,corn,egypt,Area Harvested,930.0,1000 Hectares
09-21-2026,2024,2023,5,9,corn,egypt,Beginning Stocks,1557.0,1000 Metric Tons
09-21-2026,2024,2023,5,9,corn,egypt,Production,7440.0,1000 Metric Tons
09-21-2026,2024,2023,5,9,corn,egypt,Imports,6215.0,1000 Metric Tons
09-21-2026,2024,2023,5,9,corn,egypt,Trade Year Imports,6215.0,1000 Metric Tons
09-21-2026,2024,2023,5,9,corn,egypt,Trade Year Imports From United States,0.0,1000 Metric Tons
09-21-2026,2024,2023,5,9,corn,egypt,Total Supply,15212.0,1000 Metric Tons
09-21-2026,2024,2023,5,9,corn,egypt,Exports,1.0,1000 Metric Tons
09-21-2026,2024,2023,5,9,corn,egypt,Trade Year Exports,1.0,1000 Metric Tons
09-21-2026,2024,2023,5,9,corn,egypt,Feed Domestic Consumption,11200.0,1000 Metric Tons
09-21-2026,2024,2023,5,9,corn,egypt,Domestic Consumption,13700.0,1000 Metric Tons
09-21-2026,2026,2023,6,10,corn,pakistan,Domestic Consumption,9500.0,1000 Metric Tons
09-21-2026,2024,2023,5,9,corn,egypt,Ending Stocks,1511.0,1000 Metric Tons
09-21-2026,2024,2023,5,9,corn,egypt,Total Distribution,15212.0,1000 Metric Tons
09-21-2026,2024,2023,5,9,corn,egypt,Yield,8.0,Yield (Metric Tons per Hectare)
09-21-2026,2026,2023,6,10,corn,pakistan,Area Harvested,1719.0,1000 Hectares
09-21-2026,2026,2023,6,10,corn,pakistan,Beginning Stocks,1536.0,1000 Metric Tons
09-21-2026,2026,2023,6,10,corn,pakistan,Production,10985.0,1000 Metric Tons
09-21-2026,2026,2023,6,10,corn,pakistan,Imports,30.0,1000 Metric Tons
09-21-2026,2026,2023,6,10,corn,pakistan,Trade Year Imports,33.0,1000 Metric Tons
09-21-2026,2026,2023,6,10,corn,pakistan,Trade Year Imports From United States,18.0,1000 Metric Tons
09-21-2026,2026,2023,6,10,corn,pakistan,Total Supply,12551.0,1000 Metric Tons
09-21-2026,2026,2023,6,10,corn,pakistan,Exports,725.0,1000 Metric Tons
09-21-2026,2026,2023,6,10,corn,pakistan,Trade Year Exports,1017.0,1000 Metric Tons
09-21-2026,2026,2023,6,10,corn,pakistan,Feed Domestic Consumption,7100.0,1000 Metric Tons
09-21-2026,2026,2023,6,10,corn,pakistan,Food Seed and Industrial Consumption,2400.0,1000 Metric Tons
09-21-2026,2025,2023,4,7,soybean-oil,thailand,Domestic Consumption,160.0,1000 Metric Tons
09-21-2026,2025,2023,4,7,soybean-oil,thailand,Feed Waste Domestic Consumption,0.0,1000 Metric Tons
09-21-2026,2025,2023,4,7,soybean-oil,thailand,Food Use Domestic Consumption,110.0,1000 Metric Tons
09-21-2026,2025,2023,4,7,soybean-oil,colombia,Ending Stocks,11.0,1000 Metric Tons
09-21-2026,2026,2023,1,4,soybean-oil,european-union,Total Distribution,3921.0,1000 Metric Tons
09-21-2026,2026,2023,1,4,soybean-oil,european-union,Ending Stocks,601.0,1000 Metric Tons
09-21-2026,2026,2023,1,4,soybean-oil,european-union,Domestic Consumption,2405.0,1000 Metric Tons
09-21-2026,2026,2023,1,4,soybean-oil,european-union,Feed Waste Domestic Consumption,55.0,1000 Metric Tons
09-21-2026,2026,2023,1,4,soybean-oil,european-union,Food Use Domestic Consumption,1250.0,1000 Metric Tons
09-21-2026,2026,2023,1,4,soybean-oil,european-union,Industrial Domestic Consumption,1100.0,1000 Metric Tons
09-21-2026,2026,2023,1,4,soybean-oil,european-union,Exports,915.0,1000 Metric Tons
09-21-2026,2026,2023,1,4,soybean-oil,european-union,Total Supply,3921.0,1000 Metric Tons
09-21-2026,2026,2023,1,4,soybean-oil,european-union,Imports,641.0,1000 Metric Tons
09-21-2026,2026,2023,1,4,soybean-oil,european-union,Production,2717.0,1000 Metric Tons
09-21-2026,2026,2023,1,4,soybean-oil,european-union,Beginning Stocks,563.0,1000 Metric Tons
09-21-2026,2026,2023,1,4,soybean-oil,european-union,Extraction Rate,0.19,Percentage (%)
09-21-2026,2026,2023,1,4,soybean-oil,european-union,Crush,14300.0,1000 Metric Tons
09-21-2026,2025,2023,4,7,soybean-oil,colombia,Total Distribution,385.0,1000 Metric Tons
09-21-2026,2025,2023,4,7,soybean-oil,colombia,Domestic Consumption,320.0,1000 Metric Tons
09-21-2026,2025,2023,4,7,soybean-oil,thailand,Industrial Domestic Consumption,50.0,1000 Metric Tons
09-21-2026,2025,2023,4,7,soybean-oil,colombia,Feed Waste Domestic Consumption,0.0,1000 Metric Tons
09-21-2026,2025,2023,4,7,soybean-oil,colombia,Food Use Domestic Consumption,320.0,1000 Metric Tons
09-21-2026,2025,2023,4,7,soybean-oil,colombia,Industrial Domestic Consumption,0.0,1000 Metric Tons
09-21-2026,2025,2023,4,7,soybean-oil,colombia,Exports,54.0,1000 Metric Tons
09-21-2026,2025,2023,4,7,soybean-oil,colombia,Total Supply,385.0,1000 Metric Tons
09-21-2026,2025,2023,4,7,soybean-oil,colombia,Imports,242.0,1000 Metric Tons
09-21-2026,2025,2023,4,7,soybean-oil,colombia,Production,85.0,1000 Metric Tons
09-21-2026,2025,2023,4,7,soybean-oil,colombia,Beginning Stocks,58.0,1000 Metric Tons
09-21-2026,2025,2023,4,7,soybean-oil,colombia,Extraction Rate,0.1889,Percentage (%)
09-21-2026,2025,2023,4,7,soybean-oil,colombia,Crush,450.0,1000 Metric Tons
09-21-2026,2025,2023,4,7,soybean-oil,south-korea,Total Distribution,634.0,1000 Metric Tons
09-21-2026,2025,2023,4,7,soybean-oil,south-korea,Ending Stocks,67.0,1000 Metric Tons
09-21-2026,2025,2023,4,7,soybean-oil,south-korea,Domestic Consumption,565.0,1000 Metric Tons
09-21-2026,2025,2023,4,7,soybean-oil,south-korea,Feed Waste Domestic Consumption,0.0,1000 Metric Tons
09-21-2026,2025,2023,4,7,soybean-oil,taiwan,Crush,1950.0,1000 Metric Tons
09-21-2026,2025,2023,4,7,soybean-oil,taiwan,Extraction Rate,0.1785,Percentage (%)
09-21-2026,2025,2023,4,7,soybean-oil,taiwan,Beginning Stocks,25.0,1000 Metric Tons
09-21-2026,2025,2023,4,7,soybean-oil,taiwan,Production,348.0,1000 Metric Tons
09-21-2026,2025,2023,4,7,soybean-oil,thailand,Exports,220.0,1000 Metric Tons
09-21-2026,2025,2023,4,7,soybean-oil,thailand,Total Supply,411.0,1000 Metric Tons
09-21-2026,2025,2023,4,7,soybean-oil,thailand,Imports,0.0,1000 Metric Tons
09-21-2026,2025,2023,4,7,soybean-oil,thailand,Production,377.0,1000 Metric Tons
09-21-2026,2025,2023,4,7,soybean-oil,thailand,Beginning Stocks,34.0,1000 Metric Tons
09-21-2026,2025,2023,4,7,soybean-oil,thailand,Extraction Rate,0.1795,Percentage (%)
09-21-2026,2025,2023,4,7,soybean-oil,thailand,Crush,2100.0,1000 Metric Tons
09-21-2026,2025,2023,7,10,soybean-oil,guatemala,Total Distribution,152.0,1000 Metric Tons
09-21-2026,2025,2023,7,10,soybean-oil,guatemala,Ending Stocks,31.0,1000 Metric Tons
09-21-2026,2025,2023,7,10,soybean-oil,guatemala,Domestic Consumption,110.0,1000 Metric Tons
09-21-2026,2025,2023,7,10,soybean-oil,guatemala,Feed Waste Domestic Consumption,0.0,1000 Metric Tons
09-21-2026,2025,2023,7,10,soybean-oil,guatemala,Food Use Domestic Consumption,110.0,1000 Metric Tons
09-21-2026,2025,2023,7,10,soybean-oil,guatemala,Industrial Domestic Consumption,0.0,1000 Metric Tons
09-21-2026,2025,2023,7,10,soybean-oil,guatemala,Exports,11.0,1000 Metric Tons
09-21-2026,2025,2023,7,10,soybean-oil,guatemala,Total Supply,152.0,1000 Metric Tons
09-21-2026,2025,2023,7,10,soybean-oil,guatemala,Imports,109.0,1000 Metric Tons
09-21-2026,2025,2023,7,10,soybean-oil,guatemala,Production,6.0,1000 Metric Tons
09-21-2026,2025,2023,7,10,soybean-oil,guatemala,Beginning Stocks,37.0,1000 Metric Tons
09-21-2026,2025,2023,7,10,soybean-oil,guatemala,Extraction Rate,0.1714,Percentage (%)
09-21-2026,2025,2023,7,10,soybean-oil,guatemala,Crush,35.0,1000 Metric Tons
09-21-2026,2025,2023,4,7,soybean-oil,taiwan,Total Distribution,373.0,1000 Metric Tons
09-21-2026,2025,2023,4,7,soybean-oil,taiwan,Ending Stocks,15.0,1000 Metric Tons
09-21-2026,2025,2023,4,7,soybean-oil,taiwan,Domestic Consumption,315.0,1000 Metric Tons
09-21-2026,2025,2023,4,7,soybean-oil,taiwan,Feed Waste Domestic Consumption,0.0,1000 Metric Tons
09-21-2026,2025,2023,4,7,soybean-oil,taiwan,Food Use Domestic Consumption,300.0,1000 Metric Tons
09-21-2026,2025,2023,4,7,soybean-oil,taiwan,Industrial Domestic Consumption,15.0,1000 Metric Tons
09-21-2026,2025,2023,4,7,soybean-oil,taiwan,Exports,43.0,1000 Metric Tons
09-21-2026,2025,2023,4,7,soybean-oil,taiwan,Total Supply,373.0,1000 Metric Tons
09-21-2026,2025,2023,4,7,soybean-oil,taiwan,Imports,0.0,1000 Metric Tons
09-21-2026,2025,2023,9,1,corn,china,Food Seed and Industrial Consumption,81000.0,1000 Metric Tons
09-21-2026,2025,2023,9,1,corn,china,Feed Domestic Consumption,218000.0,1000 Metric Tons
09-21-2026,2025,2023,9,1,corn,china,Trade Year Exports,8.0,1000 Metric Tons
09-21-2026,2025,2023,2,6,corn,canada,Yield,10.0686,Yield (Metric Tons per Hectare)
09-21-2026,2025,2023,2,6,corn,canada,Area Harvested,1444.0,1000 Hectares
09-21-2026,2025,2023,2,6,corn,canada,Beginning Stocks,2746.0,1000 Metric Tons
09-21-2026,2025,2023,2,6,corn,canada,Production,14539.0,1000 Metric Tons
09-21-2026,2025,2023,2,6,corn,canada,Imports,2110.0,1000 Metric Tons
09-21-2026,2025,2023,2,6,corn,canada,Trade Year Imports,2219.0,1000 Metric Tons
09-21-2026,2025,2023,2,6,corn,canada,Trade Year Imports From United States,2031.0,1000 Metric Tons
09-21-2026,2025,2023,2,6,corn,canada,Total Supply,19395.0,1000 Metric Tons
09-21-2026,2025,2023,2,6,corn,canada,Exports,2870.0,1000 Metric Tons
09-21-2026,2025,2023,2,6,corn,canada,Trade Year Exports,2851.0,1000 Metric Tons
09-21-2026,2025,2023,2,6,corn,canada,Feed Domestic Consumption,9554.0,1000 Metric Tons
09-21-2026,2025,2023,2,6,corn,canada,Food Seed and Industrial Consumption,5343.0,1000 Metric Tons
09-21-2026,2025,2023,2,6,corn,canada,Domestic Consumption,14897.0,1000 Metric Tons
09-21-2026,2025,2023,2,6,corn,canada,Ending Stocks,1628.0,1000 Metric Tons
09-21-2026,2025,2023,2,6,corn,canada,Total Distribution,19395.0,1000 Metric Tons
09-21-2026,2026,2023,3,7,corn,honduras,Area Harvested,366.0,1000 Hectares
09-21-2026,2025,2023,7,11,corn,philippines,Beginning Stocks,437.0,1000 Metric Tons
09-21-2026,2026,2023,3,7,corn,honduras,Beginning Stocks,168.0,1000 Metric Tons
09-21-2026,2026,2023,3,7,corn,honduras,Production,723.0,1000 Metric Tons
09-21-2026,2026,2023,3,7,corn,honduras,Imports,831.0,1000 Metric Tons
09-21-2026,2026,2023,3,7,corn,honduras,Trade Year Imports,896.0,1000 Metric Tons
09-21-2026,2026,2023,3,7,corn,honduras,Trade Year Imports From United States,850.0,1000 Metric Tons
09-21-2026,2026,2023,3,7,corn,honduras,Total Supply,1722.0,1000 Metric Tons
09-21-2026,2026,2023,3,7,corn,honduras,Exports,3.0,1000 Metric Tons
09-21-2026,2026,2023,3,7,corn,honduras,Trade Year Exports,3.0,1000 Metric Tons
09-21-2026,2026,2023,3,7,corn,honduras,Feed Domestic Consumption,800.0,1000 Metric Tons
09-21-2026,2026,2023,3,7,corn,honduras,Food Seed and Industrial Consumption,750.0,1000 Metric Tons
09-21-2026,2026,2023,3,7,corn,honduras,Domestic Consumption,1550.0,1000 Metric Tons
09-21-2026,2026,2023,3,7,corn,honduras,Ending Stocks,169.0,1000 Metric Tons
09-21-2026,2026,2023,3,7,corn,honduras,Total Distribution,1722.0,1000 Metric Tons
09-21-2026,2026,2023,3,7,corn,honduras,Yield,1.9754,Yield (Metric Tons per Hectare)
09-21-2026,2025,2023,5,9,corn,vietnam,Yield,4.9865,Yield (Metric Tons per Hectare)
09-21-2026,2025,2023,5,9,corn,vietnam,Total Distribution,15163.0,1000 Metric Tons
09-21-2026,2025,2023,5,9,corn,vietnam,Ending Stocks,813.0,1000 Metric Tons
09-21-2026,2025,2023,5,9,corn,vietnam,Domestic Consumption,13850.0,1000 Metric Tons
09-21-2026,2024,2023,9,4,wheat,south-korea,Imports,4533.0,1000 Metric Tons
09-21-2026,2024,2023,9,4,wheat,south-korea,Production,35.0,1000 Metric Tons
09-21-2026,2024,2023,9,4,wheat,south-korea,Beginning Stocks,1582.0,1000 Metric Tons
09-21-2026,2024,2023,9,4,wheat,south-korea,Area Harvested,8.0,1000 Hectares
09-21-2026,2024,2023,9,4,wheat,japan,Yield,4.6564,Yield (Metric Tons per Hectare)
09-21-2026,2024,2023,9,4,wheat,japan,Total Distribution,7685.0,1000 Metric Tons
09-21-2026,2024,2023,9,4,wheat,japan,Ending Stocks,1142.0,1000 Metric Tons
09-21-2026,2024,2023,9,4,wheat,japan,Domestic Consumption,6250.0,1000 Metric Tons
09-21-2026,2024,2023,9,4,wheat,japan,Food Seed and Industrial Consumption,5500.0,1000 Metric Tons
09-21-2026,2024,2023,9,4,wheat,japan,Feed Domestic Consumption,750.0,1000 Metric Tons
09-21-2026,2024,2023,9,4,wheat,japan,Trade Year Exports,293.0,1000 Metric Tons
09-21-2026,2024,2023,9,4,wheat,japan,Exports,293.0,1000 Metric Tons
09-21-2026,2026,2023,9,4,wheat,world,Total Supply,1277945.0,1000 Metric Tons
09-21-2026,2024,2023,9,4,wheat,japan,Trade Year Imports From United States,2070.0,1000 Metric Tons
09-21-2026,2024,2023,9,4,wheat,japan,Trade Year Imports,5452.0,1000 Metric Tons
09-21-2026,2024,2023,9,4,wheat,japan,Imports,5452.0,1000 Metric Tons
09-21-2026,2024,2023,9,4,wheat,japan,Production,1057.0,1000 Metric Tons
09-21-2026,2024,2023,9,4,wheat,japan,Beginning Stocks,1176.0,1000 Metric Tons
09-21-2026,2024,2023,9,4,wheat,japan,Area Harvested,227.0,1000 Hectares
09-21-2026,2025,2023,5,9,corn,vietnam,Beginning Stocks,940.0,1000 Metric Tons
09-21-2026,2025,2023,5,9,corn,vietnam,Production,4423.0,1000 Metric Tons
09-21-2026,2025,2023,5,9,corn,vietnam,Imports,9800.0,1000 Metric Tons
09-21-2026,2025,2023,5,9,corn,vietnam,Trade Year Imports,9500.0,1000 Metric Tons
09-21-2026,2025,2023,5,9,corn,vietnam,Trade Year Imports From United States,0.0,1000 Metric Tons
09-21-2026,2025,2023,5,9,corn,vietnam,Total Supply,15163.0,1000 Metric Tons
09-21-2026,2025,2023,5,9,corn,vietnam,Exports,500.0,1000 Metric Tons
09-21-2026,2025,2023,5,9,corn,vietnam,Trade Year Exports,500.0,1000 Metric Tons
09-21-2026,2025,2023,5,9,corn,vietnam,Feed Domestic Consumption,12400.0,1000 Metric Tons
09-21-2026,2025,2023,5,9,corn,vietnam,Food Seed and Industrial Consumption,1450.0,1000 Metric Tons
09-21-2026,2025,2023,7,11,corn,philippines,Area Harvested,2538.0,1000 Hectares
09-21-2026,2025,2023,7,11,corn,philippines,Production,8322.0,1000 Metric Tons
09-21-2026,2025,2023,9,1,corn,china,Exports,8.0,1000 Metric Tons
09-21-2026,2025,2023,11,3,corn,thailand,Total Supply,6880.0,1000 Metric Tons
09-21-2026,2025,2023,8,12,corn,indonesia,Exports,247.0,1000 Metric Tons
09-21-2026,2025,2023,8,12,corn,indonesia,Trade Year Exports,247.0,1000 Metric Tons
09-21-2026,2025,2023,8,12,corn,indonesia,Feed Domestic Consumption,9200.0,1000 Metric Tons
09-21-2026,2025,2023,8,12,corn,indonesia,Food Seed and Industrial Consumption,4200.0,1000 Metric Tons
09-21-2026,2025,2023,8,12,corn,indonesia,Domestic Consumption,13400.0,1000 Metric Tons
09-21-2026,2025,2023,8,12,corn,indonesia,Ending Stocks,1021.0,1000 Metric Tons
09-21-2026,2025,2023,8,12,corn,indonesia,Total Distribution,14668.0,1000 Metric Tons
09-21-2026,2025,2023,8,12,corn,indonesia,Yield,3.5429,Yield (Metric Tons per Hectare)
09-21-2026,2025,2023,11,3,corn,thailand,Area Harvested,1180.0,1000 Hectares
09-21-2026,2025,2023,11,3,corn,thailand,Beginning Stocks,336.0,1000 Metric Tons
09-21-2026,2025,2023,11,3,corn,thailand,Production,5350.0,1000 Metric Tons
09-21-2026,2025,2023,11,3,corn,thailand,Imports,1194.0,1000 Metric Tons
09-21-2026,2025,2023,11,3,corn,thailand,Trade Year Imports,1346.0,1000 Metric Tons
09-21-2026,2025,2023,11,3,corn,thailand,Trade Year Imports From United States,0.0,1000 Metric Tons
09-21-2026,2025,2023,11,3,corn,thailand,Exports,39.0,1000 Metric Tons
09-21-2026,2025,2023,7,11,corn,philippines,Imports,907.0,1000 Metric Tons
09-21-2026,2025,2023,11,3,corn,thailand,Trade Year Exports,38.0,1000 Metric Tons
09-21-2026,2025,2023,11,3,corn,thailand,Feed Domestic Consumption,6350.0,1000 Metric Tons
09-21-2026,2025,2023,11,3,corn,thailand,Food Seed and Industrial Consumption,100.0,1000 Metric Tons
09-21-2026,2025,2023,11,3,corn,thailand,Domestic Consumption,6450.0,1000 Metric Tons
09-21-2026,2025,2023,11,3,corn,thailand,Ending Stocks,391.0,1000 Metric Tons
09-21-2026,2025,2023,11,3,corn,thailand,Total Distribution,6880.0,1000 Metric Tons
09-21-2026,2025,2023,11,3,corn,thailand,Yield,4.5339,Yield (Metric Tons per Hectare)
09-21-2026,2025,2023,9,1,corn,china,Area Harvested,43070.0,1000 Hectares
09-21-2026,2025,2023,9,1,corn,china,Beginning Stocks,209137.0,1000 Metric Tons
09-21-2026,2025,2023,9,1,corn,china,Production,277200.0,1000 Metric Tons
09-21-2026,2025,2023,9,1,corn,china,Imports,18694.0,1000 Metric Tons
09-21-2026,2025,2023,9,1,corn,china,Trade Year Imports,18694.0,1000 Metric Tons
09-21-2026,2025,2023,9,1,corn,china,Trade Year Imports From United States,7490.0,1000 Metric Tons
09-21-2026,2025,2023,9,1,corn,china,Total Supply,505031.0,1000 Metric Tons
09-21-2026,2025,2023,8,12,corn,indonesia,Total Supply,14668.0,1000 Metric Tons
09-21-2026,2025,2023,8,12,corn,indonesia,Trade Year Imports From United States,1.0,1000 Metric Tons
09-21-2026,2025,2023,8,12,corn,indonesia,Trade Year Imports,901.0,1000 Metric Tons
09-21-2026,2025,2023,8,12,corn,indonesia,Imports,901.0,1000 Metric Tons
09-21-2026,2025,2023,7,11,corn,philippines,Trade Year Imports,1024.0,1000 Metric Tons
09-21-2026,2025,2023,7,11,corn,philippines,Trade Year Imports From United States,9.0,1000 Metric Tons
09-21-2026,2025,2023,7,11,corn,philippines,Total Supply,9666.0,1000 Metric Tons
09-21-2026,2025,2023,7,11,corn,philippines,Exports,2.0,1000 Metric Tons
09-21-2026,2025,2023,7,11,corn,philippines,Trade Year Exports,2.0,1000 Metric Tons
09-21-2026,2025,2023,7,11,corn,philippines,Feed Domestic Consumption,5300.0,1000 Metric Tons
09-21-2026,2025,2023,7,11,corn,philippines,Food Seed and Industrial Consumption,3900.0,1000 Metric Tons
09-21-2026,2025,2023,7,11,corn,philippines,Domestic Consumption,9200.0,1000 Metric Tons
09-21-2026,2025,2023,7,11,corn,philippines,Ending Stocks,464.0,1000 Metric Tons
09-21-2026,2025,2023,7,11,corn,philippines,Total Distribution,9666.0,1000 Metric Tons
09-21-2026,2025,2023,7,11,corn,philippines,Yield,3.279,Yield (Metric Tons per Hectare)
09-21-2026,2025,2023,12,4,corn,nigeria,Area Harvested,6096.0,1000 Hectares
09-21-2026,2025,2023,12,4,corn,nigeria,Beginning Stocks,1462.0,1000 Metric Tons
09-21-2026,2025,2023,12,4,corn,nigeria,Production,12949.0,1000 Metric Tons
09-21-2026,2025,2023,12,4,corn,nigeria,Imports,100.0,1000 Metric Tons
09-21-2026,2025,2023,12,4,corn,nigeria,Trade Year Imports,100.0,1000 Metric Tons
09-21-2026,2025,2023,12,4,corn,nigeria,Trade Year Imports From United States,0.0,1000 Metric Tons
09-21-2026,2025,2023,12,4,corn,nigeria,Total Supply,14511.0,1000 Metric Tons
09-21-2026,2025,2023,12,4,corn,nigeria,Exports,50.0,1000 Metric Tons
09-21-2026,2025,2023,12,4,corn,nigeria,Trade Year Exports,50.0,1000 Metric Tons
09-21-2026,2025,2023,12,4,corn,nigeria,Feed Domestic Consumption,5500.0,1000 Metric Tons
09-21-2026,2025,2023,12,4,corn,nigeria,Food Seed and Industrial Consumption,7400.0,1000 Metric Tons
09-21-2026,2025,2023,12,4,corn,nigeria,Domestic Consumption,12900.0,1000 Metric Tons
09-21-2026,2025,2023,12,4,corn,nigeria,Ending Stocks,1561.0,1000 Metric Tons
09-21-2026,2025,2023,12,4,corn,nigeria,Total Distribution,14511.0,1000 Metric Tons
09-21-2026,2025,2023,12,4,corn,nigeria,Yield,2.1242,Yield (Metric Tons per Hectare)
09-21-2026,2025,2023,8,12,corn,indonesia,Area Harvested,3500.0,1000 Hectares
09-21-2026,2025,2023,8,12,corn,indonesia,Beginning Stocks,1367.0,1000 Metric Tons
09-21-2026,2025,2023,8,12,corn,indonesia,Production,12400.0,1000 Metric Tons
09-21-2026,2025,2023,4,7,soybean-oil,south-korea,Food Use Domestic Consumption,535.0,1000 Metric Tons
09-21-2026,2025,2023,4,7,soybean-oil,south-korea,Exports,2.0,1000 Metric Tons
09-21-2026,2024,2023,9,4,wheat,south-korea,Trade Year Imports From United States,1332.0,1000 Metric Tons
09-21-2026,2026,2023,5,9,soybeans,canada,Imports,500.0,1000 Metric Tons
09-21-2026,2026,2023,4,8,soybeans,philippines,Total Supply,172.0,1000 Metric Tons
09-21-2026,2026,2023,4,8,soybeans,philippines,Imports,139.0,1000 Metric Tons
09-21-2026,2026,2023,4,8,soybeans,philippines,Production,1.0,1000 Metric Tons
09-21-2026,2026,2023,4,8,soybeans,philippines,Beginning Stocks,32.0,1000 Metric Tons
09-21-2026,2026,2023,4,8,soybeans,philippines,Area Harvested,1.0,1000 Hectares
09-21-2026,2026,2023,5,9,soybeans,canada,Yield,3.0892,Yield (Metric Tons per Hectare)
09-21-2026,2026,2023,5,9,soybeans,canada,Total Distribution,7330.0,1000 Metric Tons
09-21-2026,2026,2023,5,9,soybeans,canada,Ending Stocks,372.0,1000 Metric Tons
09-21-2026,2026,2023,5,9,soybeans,canada,Domestic Consumption,2718.0,1000 Metric Tons
09-21-2026,2026,2023,5,9,soybeans,canada,Feed Waste Domestic Consumption,950.0,1000 Metric Tons
09-21-2026,2026,2023,5,9,soybeans,canada,Food Use Domestic Consumption,0.0,1000 Metric Tons
09-21-2026,2026,2023,5,9,soybeans,canada,Crush,1768.0,1000 Metric Tons
09-21-2026,2026,2023,5,9,soybeans,canada,Exports,4240.0,1000 Metric Tons
09-21-2026,2026,2023,5,9,soybeans,canada,Total Supply,7330.0,1000 Metric Tons
09-21-2026,2026,2023,5,9,soybeans,canada,Production,6543.0,1000 Metric Tons
09-21-2026,2026,2023,4,8,soybeans,philippines,Crush,80.0,1000 Metric Tons
09-21-2026,2026,2023,5,9,soybeans,canada,Beginning Stocks,287.0,1000 Metric Tons
09-21-2026,2026,2023,5,9,soybeans,canada,Area Harvested,2118.0,1000 Hectares
09-21-2026,2026,2023,4,8,soybeans,vietnam,Yield,1.6,Yield (Metric Tons per Hectare)
09-21-2026,2026,2023,4,8,soybeans,vietnam,Total Distribution,2210.0,1000 Metric Tons
09-21-2026,2026,2023,4,8,soybeans,vietnam,Ending Stocks,280.0,1000 Metric Tons
09-21-2026,2026,2023,4,8,soybeans,vietnam,Domestic Consumption,1930.0,1000 Metric Tons
09-21-2026,2026,2023,4,8,soybeans,vietnam,Feed Waste Domestic Consumption,180.0,1000 Metric Tons
09-21-2026,2026,2023,4,8,soybeans,vietnam,Food Use Domestic Consumption,500.0,1000 Metric Tons
09-21-2026,2026,2023,4,8,soybeans,vietnam,Crush,1250.0,1000 Metric Tons
09-21-2026,2026,2023,4,8,soybeans,vietnam,Exports,0.0,1000 Metric Tons
09-21-2026,2026,2023,4,8,soybeans,vietnam,Total Supply,2210.0,1000 Metric Tons
09-21-2026,2026,2023,4,8,soybeans,vietnam,Imports,1858.0,1000 Metric Tons
09-21-2026,2026,2023,4,8,soybeans,vietnam,Production,48.0,1000 Metric Tons
09-21-2026,2026,2023,4,8,soybeans,vietnam,Beginning Stocks,304.0,1000 Metric Tons
09-21-2026,2026,2023,4,8,soybeans,philippines,Exports,0.0,1000 Metric Tons
09-21-2026,2026,2023,4,8,soybeans,philippines,Food Use Domestic Consumption,25.0,1000 Metric Tons
09-21-2026,2025,2023,4,7,soybean-oil,south-korea,Total Supply,634.0,1000 Metric Tons
09-21-2026,2026,2023,4,8,soybeans,nigeria,Total Distribution,1493.0,1000 Metric Tons
09-21-2026,2026,2023,4,8,soybeans,indonesia,Yield,1.1818,Yield (Metric Tons per Hectare)
09-21-2026,2026,2023,4,8,soybeans,indonesia,Total Distribution,2792.0,1000 Metric Tons
09-21-2026,2026,2023,4,8,soybeans,indonesia,Ending Stocks,100.0,1000 Metric Tons
09-21-2026,2026,2023,4,8,soybeans,indonesia,Domestic Consumption,2690.0,1000 Metric Tons
09-21-2026,2026,2023,4,8,soybeans,indonesia,Feed Waste Domestic Consumption,150.0,1000 Metric Tons
09-21-2026,2026,2023,4,8,soybeans,indonesia,Food Use Domestic Consumption,2540.0,1000 Metric Tons
09-21-2026,2026,2023,4,8,soybeans,indonesia,Crush,0.0,1000 Metric Tons
09-21-2026,2026,2023,4,8,soybeans,indonesia,Exports,2.0,1000 Metric Tons
09-21-2026,2026,2023,4,8,soybeans,indonesia,Total Supply,2792.0,1000 Metric Tons
09-21-2026,2026,2023,4,8,soybeans,indonesia,Imports,2308.0,1000 Metric Tons
09-21-2026,2026,2023,4,8,soybeans,indonesia,Production,390.0,1000 Metric Tons
09-21-2026,2026,2023,4,8,soybeans,indonesia,Beginning Stocks,94.0,1000 Metric Tons
09-21-2026,2026,2023,4,8,soybeans,indonesia,Area Harvested,330.0,1000 Hectares
09-21-2026,2026,2023,4,8,soybeans,nigeria,Yield,1.1,Yield (Metric Tons per Hectare)
09-21-2026,2026,2023,4,8,soybeans,nigeria,Ending Stocks,128.0,1000 Metric Tons
09-21-2026,2026,2023,4,8,soybeans,philippines,Feed Waste Domestic Consumption,50.0,1000 Metric Tons
09-21-2026,2026,2023,4,8,soybeans,nigeria,Domestic Consumption,1325.0,1000 Metric Tons
09-21-2026,2026,2023,4,8,soybeans,nigeria,Feed Waste Domestic Consumption,175.0,1000 Metric Tons
09-21-2026,2026,2023,4,8,soybeans,nigeria,Food Use Domestic Consumption,200.0,1000 Metric Tons
09-21-2026,2026,2023,4,8,soybeans,nigeria,Crush,950.0,1000 Metric Tons
09-21-2026,2026,2023,4,8,soybeans,nigeria,Exports,40.0,1000 Metric Tons
09-21-2026,2026,2023,4,8,soybeans,nigeria,Total Supply,1493.0,1000 Metric Tons
09-21-2026,2026,2023,4,8,soybeans,nigeria,Imports,0.0,1000 Metric Tons
09-21-2026,2026,2023,4,8,soybeans,nigeria,Production,1320.0,1000 Metric Tons
09-21-2026,2026,2023,4,8,soybeans,nigeria,Beginning Stocks,173.0,1000 Metric Tons
09-21-2026,2026,2023,4,8,soybeans,nigeria,Area Harvested,1200.0,1000 Hectares
09-21-2026,2026,2023,4,8,soybeans,philippines,Yield,1.0,Yield (Metric Tons per Hectare)
09-21-2026,2026,2023,4,8,soybeans,philippines,Total Distribution,172.0,1000 Metric Tons
09-21-2026,2026,2023,4,8,soybeans,philippines,Ending Stocks,17.0,1000 Metric Tons
09-21-2026,2026,2023,4,8,soybeans,philippines,Domestic Consumption,155.0,1000 Metric Tons
09-21-2026,2026,2023,4,8,soybeans,vietnam,Area Harvested,30.0,1000 Hectares
09-21-2026,2026,2023,4,8,soybeans,guatemala,Yield,2.5714,Yield (Metric Tons per Hectare)
09-21-2026,2026,2023,4,8,soybeans,guatemala,Total Distribution,36.0,1000 Metric Tons
09-21-2026,2025,2023,4,8,soybeans,south-korea,Beginning Stocks,75.0,1000 Metric Tons
09-21-2026,2025,2023,12,4,soybeans,colombia,Production,142.0,1000 Metric Tons
09-21-2026,2025,2023,12,4,soybeans,colombia,Beginning Stocks,133.0,1000 Metric Tons
09-21-2026,2025,2023,12,4,soybeans,colombia,Area Harvested,55.0,1000 Hectares
09-21-2026,2025,2023,4,8,soybeans,south-korea,Yield,2.0313,Yield (Metric Tons per Hectare)
09-21-2026,2025,2023,4,8,soybeans,south-korea,Total Distribution,1542.0,1000 Metric Tons
09-21-2026,2025,2023,4,8,soybeans,south-korea,Ending Stocks,151.0,1000 Metric Tons
09-21-2026,2025,2023,4,8,soybeans,south-korea,Domestic Consumption,1391.0,1000 Metric Tons
09-21-2026,2025,2023,4,8,soybeans,south-korea,Feed Waste Domestic Consumption,60.0,1000 Metric Tons
09-21-2026,2025,2023,4,8,soybeans,south-korea,Food Use Domestic Consumption,340.0,1000 Metric Tons
09-21-2026,2025,2023,4,8,soybeans,south-korea,Crush,991.0,1000 Metric Tons
09-21-2026,2025,2023,4,8,soybeans,south-korea,Exports,0.0,1000 Metric Tons
09-21-2026,2025,2023,4,8,soybeans,south-korea,Total Supply,1542.0,1000 Metric Tons
09-21-2026,2025,2023,4,8,soybeans,south-korea,Imports,1337.0,1000 Metric Tons
09-21-2026,2025,2023,4,8,soybeans,south-korea,Production,130.0,1000 Metric Tons
09-21-2026,2025,2023,4,8,soybeans,south-korea,Area Harvested,64.0,1000 Hectares
09-21-2026,2026,2023,4,8,soybeans,guatemala,Ending Stocks,0.0,1000 Metric Tons
09-21-2026,2025,2023,4,8,soybeans,japan,Yield,1.5987,Yield (Metric Tons per Hectare)
09-21-2026,2025,2023,4,8,soybeans,japan,Total Distribution,3818.0,1000 Metric Tons
09-21-2026,2025,2023,4,8,soybeans,japan,Ending Stocks,183.0,1000 Metric Tons
09-21-2026,2025,2023,4,8,soybeans,japan,Domestic Consumption,3635.0,1000 Metric Tons
09-21-2026,2025,2023,4,8,soybeans,japan,Feed Waste Domestic Consumption,125.0,1000 Metric Tons
09-21-2026,2025,2023,4,8,soybeans,japan,Food Use Domestic Consumption,910.0,1000 Metric Tons
09-21-2026,2025,2023,4,8,soybeans,japan,Crush,2600.0,1000 Metric Tons
09-21-2026,2025,2023,4,8,soybeans,japan,Exports,0.0,1000 Metric Tons
09-21-2026,2025,2023,4,8,soybeans,japan,Total Supply,3818.0,1000 Metric Tons
09-21-2026,2025,2023,4,8,soybeans,japan,Imports,3332.0,1000 Metric Tons
09-21-2026,2025,2023,4,8,soybeans,japan,Production,243.0,1000 Metric Tons
09-21-2026,2025,2023,4,8,soybeans,japan,Beginning Stocks,243.0,1000 Metric Tons
09-21-2026,2025,2023,4,8,soybeans,japan,Area Harvested,152.0,1000 Hectares
09-21-2026,2026,2023,4,8,soybeans,mexico,Yield,1.5217,Yield (Metric Tons per Hectare)
09-21-2026,2025,2023,12,4,soybeans,colombia,Imports,444.0,1000 Metric Tons
09-21-2026,2025,2023,12,4,soybeans,colombia,Total Supply,719.0,1000 Metric Tons
09-21-2026,2025,2023,12,4,soybeans,colombia,Exports,0.0,1000 Metric Tons
09-21-2026,2025,2023,12,4,soybeans,colombia,Crush,450.0,1000 Metric Tons
09-21-2026,2026,2023,4,8,soybeans,guatemala,Domestic Consumption,36.0,1000 Metric Tons
09-21-2026,2026,2023,4,8,soybeans,guatemala,Feed Waste Domestic Consumption,1.0,1000 Metric Tons
09-21-2026,2026,2023,4,8,soybeans,guatemala,Food Use Domestic Consumption,0.0,1000 Metric Tons
09-21-2026,2026,2023,4,8,soybeans,guatemala,Crush,35.0,1000 Metric Tons
09-21-2026,2026,2023,4,8,soybeans,guatemala,Exports,0.0,1000 Metric Tons
09-21-2026,2026,2023,4,8,soybeans,guatemala,Total Supply,36.0,1000 Metric Tons
09-21-2026,2026,2023,4,8,soybeans,guatemala,Imports,0.0,1000 Metric Tons
09-21-2026,2026,2023,4,8,soybeans,guatemala,Production,36.0,1000 Metric Tons
09-21-2026,2026,2023,4,8,soybeans,guatemala,Beginning Stocks,0.0,1000 Metric Tons
09-21-2026,2026,2023,4,8,soybeans,guatemala,Area Harvested,14.0,1000 Hectares
09-21-2026,2026,2023,4,8,soybeans,taiwan,Yield,1.5,Yield (Metric Tons per Hectare)
09-21-2026,2026,2023,4,8,soybeans,taiwan,Total Distribution,2695.0,1000 Metric Tons
09-21-2026,2026,2023,4,8,soybeans,taiwan,Ending Stocks,145.0,1000 Metric Tons
09-21-2026,2026,2023,4,8,soybeans,taiwan,Domestic Consumption,2550.0,1000 Metric Tons
09-21-2026,2026,2023,4,8,soybeans,taiwan,Feed Waste Domestic Consumption,300.0,1000 Metric Tons
09-21-2026,2026,2023,4,8,soybeans,taiwan,Food Use Domestic Consumption,300.0,1000 Metric Tons
09-21-2026,2026,2023,4,8,soybeans,taiwan,Crush,1950.0,1000 Metric Tons
09-21-2026,2026,2023,4,8,soybeans,taiwan,Exports,0.0,1000 Metric Tons
09-21-2026,2026,2023,4,8,soybeans,taiwan,Total Supply,2695.0,1000 Metric Tons
09-21-2026,2026,2023,4,8,soybeans,taiwan,Imports,2559.0,1000 Metric Tons
09-21-2026,2026,2023,4,8,soybeans,taiwan,Production,6.0,1000 Metric Tons
09-21-2026,2026,2023,4,8,soybeans,taiwan,Beginning Stocks,130.0,1000 Metric Tons
09-21-2026,2026,2023,4,8,soybeans,taiwan,Area Harvested,4.0,1000 Hectares
09-21-2026,2025,2023,12,4,soybeans,colombia,Yield,2.5818,Yield (Metric Tons per Hectare)
09-21-2026,2025,2023,12,4,soybeans,colombia,Total Distribution,719.0,1000 Metric Tons
09-21-2026,2025,2023,12,4,soybeans,colombia,Ending Stocks,159.0,1000 Metric Tons
09-21-2026,2025,2023,12,4,soybeans,colombia,Domestic Consumption,560.0,1000 Metric Tons
09-21-2026,2025,2023,12,4,soybeans,colombia,Feed Waste Domestic Consumption,110.0,1000 Metric Tons
09-21-2026,2025,2023,12,4,soybeans,colombia,Food Use Domestic Consumption,0.0,1000 Metric Tons
09-21-2026,2026,2023,4,8,soybeans,thailand,Area Harvested,32.0,1000 Hectares
09-21-2026,2026,2023,4,8,soybeans,thailand,Beginning Stocks,125.0,1000 Metric Tons
09-21-2026,2026,2023,4,8,soybeans,thailand,Production,52.0,1000 Metric Tons
09-21-2026,2026,2023,4,8,soybeans,united-states,Beginning Stocks,7468.0,1000 Metric Tons
09-21-2026,2025,2023,5,8,soybean-meal,japan,Total Distribution,3594.0,1000 Metric Tons
09-21-2026,2025,2023,5,8,soybean-meal,japan,Ending Stocks,43.0,1000 Metric Tons
09-21-2026,2025,2023,5,8,soybean-meal,japan,Domestic Consumption,3550.0,1000 Metric Tons
09-21-2026,2025,2023,5,8,soybean-meal,japan,Feed Waste Domestic Consumption,3150.0,1000 Metric Tons
09-21-2026,2025,2023,5,8,soybean-meal,japan,Food Use Domestic Consumption,200.0,1000 Metric Tons
09-21-2026,2025,2023,5,8,soybean-meal,japan,Industrial Domestic Consumption,200.0,1000 Metric Tons
09-21-2026,2025,2023,5,8,soybean-meal,japan,Exports,1.0,1000 Metric Tons
09-21-2026,2025,2023,5,8,soybean-meal,japan,Total Supply,3594.0,1000 Metric Tons
09-21-2026,2025,2023,5,8,soybean-meal,japan,Imports,1540.0,1000 Metric Tons
09-21-2026,2025,2023,5,8,soybean-meal,japan,Production,1962.0,1000 Metric Tons
09-21-2026,2025,2023,5,8,soybean-meal,japan,Beginning Stocks,92.0,1000 Metric Tons
09-21-2026,2025,2023,5,8,soybean-meal,japan,Extraction Rate,0.7546,Percentage (%)
09-21-2026,2025,2023,5,8,soybean-meal,japan,Crush,2600.0,1000 Metric Tons
09-21-2026,2026,2023,4,8,soybeans,united-states,Area Harvested,34873.0,1000 Hectares
09-21-2026,2026,2023,4,8,soybeans,united-states,Production,116221.0,1000 Metric Tons
09-21-2026,2026,2023,4,8,soybeans,mexico,Exports,1.0,1000 Metric Tons
09-21-2026,2026,2023,4,8,soybeans,united-states,Imports,667.0,1000 Metric Tons
09-21-2026,2026,2023,4,8,soybeans,united-states,Total Supply,124356.0,1000 Metric Tons
09-21-2026,2026,2023,4,8,soybeans,united-states,Exports,53864.0,1000 Metric Tons
09-21-2026,2026,2023,4,8,soybeans,united-states,Crush,60199.0,1000 Metric Tons
09-21-2026,2026,2023,4,8,soybeans,united-states,Food Use Domestic Consumption,0.0,1000 Metric Tons
09-21-2026,2026,2023,4,8,soybeans,united-states,Feed Waste Domestic Consumption,3103.0,1000 Metric Tons
09-21-2026,2026,2023,4,8,soybeans,united-states,Domestic Consumption,63302.0,1000 Metric Tons
09-21-2026,2026,2023,4,8,soybeans,united-states,Ending Stocks,7190.0,1000 Metric Tons
09-21-2026,2026,2023,4,8,soybeans,united-states,Total Distribution,124356.0,1000 Metric Tons
09-21-2026,2026,2023,4,8,soybeans,united-states,Yield,3.3327,Yield (Metric Tons per Hectare)
09-21-2026,2026,2023,4,8,soybeans,mexico,Area Harvested,115.0,1000 Hectares
09-21-2026,2026,2023,4,8,soybeans,mexico,Beginning Stocks,642.0,1000 Metric Tons
09-21-2026,2026,2023,4,8,soybeans,mexico,Production,175.0,1000 Metric Tons
09-21-2026,2026,2023,4,8,soybeans,mexico,Imports,6451.0,1000 Metric Tons
09-21-2026,2025,2023,5,8,soybean-meal,japan,Soybean Meal Equivalent,3150.0,1000 Metric Tons
09-21-2026,2025,2023,12,3,soybean-meal,philippines,Crush,80.0,1000 Metric Tons
09-21-2026,2025,2023,12,3,soybean-meal,philippines,Extraction Rate,0.775,Percentage (%)
09-21-2026,2025,2023,12,3,soybean-meal,philippines,Beginning Stocks,244.0,1000 Metric Tons
09-21-2026,2025,2023,4,7,soybean-oil,south-korea,Imports,353.0,1000 Metric Tons
09-21-2026,2025,2023,4,7,soybean-oil,south-korea,Production,195.0,1000 Metric Tons
09-21-2026,2025,2023,4,7,soybean-oil,south-korea,Beginning Stocks,86.0,1000 Metric Tons
09-21-2026,2025,2023,4,7,soybean-oil,south-korea,Extraction Rate,0.1968,Percentage (%)
09-21-2026,2025,2023,4,7,soybean-oil,south-korea,Crush,991.0,1000 Metric Tons
09-21-2026,2025,2023,5,8,soybean-oil,japan,Total Distribution,536.0,1000 Metric Tons
09-21-2026,2025,2023,5,8,soybean-oil,japan,Ending Stocks,28.0,1000 Metric Tons
09-21-2026,2025,2023,5,8,soybean-oil,japan,Domestic Consumption,507.0,1000 Metric Tons
09-21-2026,2025,2023,5,8,soybean-oil,japan,Feed Waste Domestic Consumption,0.0,1000 Metric Tons
09-21-2026,2025,2023,5,8,soybean-oil,japan,Food Use Domestic Consumption,472.0,1000 Metric Tons
09-21-2026,2025,2023,5,8,soybean-oil,japan,Industrial Domestic Consumption,35.0,1000 Metric Tons
09-21-2026,2025,2023,5,8,soybean-oil,japan,Exports,1.0,1000 Metric Tons
09-21-2026,2025,2023,5,8,soybean-oil,japan,Total Supply,536.0,1000 Metric Tons
09-21-2026,2025,2023,5,8,soybean-oil,japan,Imports,7.0,1000 Metric Tons
09-21-2026,2025,2023,5,8,soybean-oil,japan,Production,511.0,1000 Metric Tons
09-21-2026,2025,2023,5,8,soybean-oil,japan,Beginning Stocks,18.0,1000 Metric Tons
09-21-2026,2025,2023,5,8,soybean-oil,japan,Extraction Rate,0.1965,Percentage (%)
09-21-2026,2025,2023,5,8,soybean-oil,japan,Crush,2600.0,1000 Metric Tons
09-21-2026,2025,2023,12,3,soybean-meal,philippines,Soybean Meal Equivalent,2930.0,1000 Metric Tons
09-21-2026,2025,2023,12,3,soybean-meal,philippines,Total Distribution,3130.0,1000 Metric Tons
09-21-2026,2025,2023,12,3,soybean-meal,philippines,Ending Stocks,200.0,1000 Metric Tons
09-21-2026,2025,2023,12,3,soybean-meal,philippines,Domestic Consumption,2930.0,1000 Metric Tons
09-21-2026,2025,2023,12,3,soybean-meal,philippines,Feed Waste Domestic Consumption,2930.0,1000 Metric Tons
09-21-2026,2025,2023,12,3,soybean-meal,philippines,Food Use Domestic Consumption,0.0,1000 Metric Tons
09-21-2026,2025,2023,12,3,soybean-meal,philippines,Industrial Domestic Consumption,0.0,1000 Metric Tons
09-21-2026,2025,2023,12,3,soybean-meal,philippines,Exports,0.0,1000 Metric Tons
09-21-2026,2025,2023,12,3,soybean-meal,philippines,Total Supply,3130.0,1000 Metric Tons
09-21-2026,2025,2023,12,3,soybean-meal,philippines,Imports,2824.0,1000 Metric Tons
09-21-2026,2025,2023,12,3,soybean-meal,philippines,Production,62.0,1000 Metric Tons
09-21-2026,2026,2023,4,8,soybeans,mexico,Total Supply,7268.0,1000 Metric Tons
09-21-2026,2026,2023,4,8,soybeans,mexico,Crush,6650.0,1000 Metric Tons
09-21-2026,2026,2023,4,8,soybeans,thailand,Imports,3238.0,1000 Metric Tons
09-21-2026,2026,2023,4,8,soybeans,china,Crush,96000.0,1000 Metric Tons
09-21-2026,2026,2023,4,8,soybeans,egypt,Food Use Domestic Consumption,17.0,1000 Metric Tons
09-21-2026,2026,2023,4,8,soybeans,egypt,Crush,2200.0,1000 Metric Tons
09-21-2026,2026,2023,4,8,soybeans,egypt,Exports,0.0,1000 Metric Tons
09-21-2026,2026,2023,4,8,soybeans,egypt,Total Supply,2383.0,1000 Metric Tons
09-21-2026,2026,2023,4,8,soybeans,egypt,Imports,1993.0,1000 Metric Tons
09-21-2026,2026,2023,4,8,soybeans,egypt,Production,56.0,1000 Metric Tons
09-21-2026,2026,2023,4,8,soybeans,egypt,Beginning Stocks,334.0,1000 Metric Tons
09-21-2026,2026,2023,4,8,soybeans,egypt,Area Harvested,20.0,1000 Hectares
09-21-2026,2026,2023,4,8,soybeans,china,Yield,1.9801,Yield (Metric Tons per Hectare)
09-21-2026,2026,2023,4,8,soybeans,china,Total Distribution,149930.0,1000 Metric Tons
09-21-2026,2026,2023,4,8,soybeans,china,Ending Stocks,32341.0,1000 Metric Tons
09-21-2026,2026,2023,4,8,soybeans,china,Domestic Consumption,117500.0,1000 Metric Tons
09-21-2026,2026,2023,4,8,soybeans,china,Feed Waste Domestic Consumption,5500.0,1000 Metric Tons
09-21-2026,2026,2023,4,8,soybeans,china,Food Use Domestic Consumption,16000.0,1000 Metric Tons
09-21-2026,2026,2023,4,8,soybeans,china,Exports,89.0,1000 Metric Tons
09-21-2026,2026,2023,4,8,soybeans,mexico,Food Use Domestic Consumption,0.0,1000 Metric Tons
09-21-2026,2026,2023,4,8,soybeans,china,Total Supply,149930.0,1000 Metric Tons
09-21-2026,2026,2023,4,8,soybeans,china,Imports,104500.0,1000 Metric Tons
09-21-2026,2026,2023,4,8,soybeans,china,Production,20284.0,1000 Metric Tons
09-21-2026,2026,2023,4,8,soybeans,china,Beginning Stocks,25146.0,1000 Metric Tons
09-21-2026,2026,2023,4,8,soybeans,china,Area Harvested,10244.0,1000 Hectares
09-21-2026,2026,2023,4,8,soybeans,thailand,Yield,1.625,Yield (Metric Tons per Hectare)
09-21-2026,2026,2023,4,8,soybeans,thailand,Total Distribution,3415.0,1000 Metric Tons
09-21-2026,2026,2023,4,8,soybeans,thailand,Ending Stocks,194.0,1000 Metric Tons
09-21-2026,2026,2023,4,8,soybeans,thailand,Domestic Consumption,3220.0,1000 Metric Tons
09-21-2026,2026,2023,4,8,soybeans,thailand,Feed Waste Domestic Consumption,850.0,1000 Metric Tons
09-21-2026,2026,2023,4,8,soybeans,thailand,Food Use Domestic Consumption,270.0,1000 Metric Tons
09-21-2026,2026,2023,4,8,soybeans,thailand,Crush,2100.0,1000 Metric Tons
09-21-2026,2026,2023,4,8,soybeans,thailand,Exports,1.0,1000 Metric Tons
09-21-2026,2026,2023,4,8,soybeans,thailand,Total Supply,3415.0,1000 Metric Tons
09-21-2026,2026,2023,4,8,soybeans,egypt,Feed Waste Domestic Consumption,25.0,1000 Metric Tons
09-21-2026,2026,2023,4,8,soybeans,egypt,Domestic Consumption,2242.0,1000 Metric Tons
09-21-2026,2026,2023,4,8,soybeans,egypt,Ending Stocks,141.0,1000 Metric Tons
09-21-2026,2026,2023,4,8,soybeans,egypt,Total Distribution,2383.0,1000 Metric Tons
09-21-2026,2026,2023,4,8,soybeans,mexico,Feed Waste Domestic Consumption,60.0,1000 Metric Tons
09-21-2026,2026,2023,4,8,soybeans,mexico,Domestic Consumption,6710.0,1000 Metric Tons
09-21-2026,2026,2023,4,8,soybeans,bangladesh,Yield,1.8125,Yield (Metric Tons per Hectare)
09-21-2026,2026,2023,4,8,soybeans,bangladesh,Total Distribution,1617.0,1000 Metric Tons
09-21-2026,2026,2023,4,8,soybeans,bangladesh,Ending Stocks,107.0,1000 Metric Tons
09-21-2026,2026,2023,4,8,soybeans,bangladesh,Domestic Consumption,1510.0,1000 Metric Tons
09-21-2026,2026,2023,4,8,soybeans,bangladesh,Feed Waste Domestic Consumption,5.0,1000 Metric Tons
09-21-2026,2026,2023,4,8,soybeans,bangladesh,Food Use Domestic Consumption,5.0,1000 Metric Tons
09-21-2026,2026,2023,4,8,soybeans,bangladesh,Crush,1500.0,1000 Metric Tons
09-21-2026,2026,2023,4,8,soybeans,bangladesh,Exports,0.0,1000 Metric Tons
09-21-2026,2026,2023,4,8,soybeans,bangladesh,Total Supply,1617.0,1000 Metric Tons
09-21-2026,2026,2023,4,8,soybeans,bangladesh,Imports,1039.0,1000 Metric Tons
09-21-2026,2026,2023,4,8,soybeans,bangladesh,Production,145.0,1000 Metric Tons
09-21-2026,2026,2023,4,8,soybeans,bangladesh,Beginning Stocks,433.0,1000 Metric Tons
09-21-2026,2026,2023,4,8,soybeans,bangladesh,Area Harvested,80.0,1000 Hectares
09-21-2026,2026,2023,4,8,soybeans,pakistan,Yield,1.0,Yield (Metric Tons per Hectare)
09-21-2026,2026,2023,4,8,soybeans,pakistan,Total Distribution,731.0,1000 Metric Tons
09-21-2026,2026,2023,4,8,soybeans,pakistan,Ending Stocks,61.0,1000 Metric Tons
09-21-2026,2026,2023,4,8,soybeans,pakistan,Domestic Consumption,670.0,1000 Metric Tons
09-21-2026,2026,2023,4,8,soybeans,pakistan,Feed Waste Domestic Consumption,20.0,1000 Metric Tons
09-21-2026,2026,2023,4,8,soybeans,pakistan,Food Use Domestic Consumption,0.0,1000 Metric Tons
09-21-2026,2026,2023,4,8,soybeans,pakistan,Crush,650.0,1000 Metric Tons
09-21-2026,2026,2023,4,8,soybeans,pakistan,Exports,0.0,1000 Metric Tons
09-21-2026,2026,2023,4,8,soybeans,pakistan,Total Supply,731.0,1000 Metric Tons
09-21-2026,2026,2023,4,8,soybeans,pakistan,Imports,571.0,1000 Metric Tons
09-21-2026,2026,2023,4,8,soybeans,pakistan,Production,1.0,1000 Metric Tons
09-21-2026,2026,2023,4,8,soybeans,pakistan,Beginning Stocks,159.0,1000 Metric Tons
09-21-2026,2026,2023,4,8,soybeans,pakistan,Area Harvested,1.0,1000 Hectares
09-21-2026,2026,2023,4,8,soybeans,egypt,Yield,2.8,Yield (Metric Tons per Hectare)
09-21-2026,2024,2023,9,4,wheat,south-korea,Trade Year Imports,4533.0,1000 Metric Tons
09-21-2026,2024,2023,9,4,wheat,japan,Total Supply,7685.0,1000 Metric Tons
09-21-2026,2024,2023,9,4,wheat,south-korea,Total Supply,6150.0,1000 Metric Tons
09-21-2026,2026,2023,5,8,soybean-meal,honduras,Production,0.0,1000 Metric Tons
09-21-2026,2026,2023,5,8,soybean-meal,indonesia,Production,0.0,1000 Metric Tons
09-21-2026,2026,2023,5,8,soybean-meal,indonesia,Beginning Stocks,397.0,1000 Metric Tons
09-21-2026,2026,2023,5,8,soybean-meal,indonesia,Extraction Rate,0.0,Percentage (%)
09-21-2026,2026,2023,5,8,soybean-meal,indonesia,Crush,0.0,1000 Metric Tons
09-21-2026,2026,2023,5,8,soybean-meal,honduras,Soybean Meal Equivalent,340.0,1000 Metric Tons
09-21-2026,2026,2023,5,8,soybean-meal,honduras,Total Distribution,415.0,1000 Metric Tons
09-21-2026,2026,2023,5,8,soybean-meal,honduras,Ending Stocks,53.0,1000 Metric Tons
09-21-2026,2026,2023,5,8,soybean-meal,honduras,Domestic Consumption,340.0,1000 Metric Tons
09-21-2026,2026,2023,5,8,soybean-meal,honduras,Feed Waste Domestic Consumption,340.0,1000 Metric Tons
09-21-2026,2026,2023,5,8,soybean-meal,honduras,Food Use Domestic Consumption,0.0,1000 Metric Tons
09-21-2026,2026,2023,5,8,soybean-meal,honduras,Industrial Domestic Consumption,0.0,1000 Metric Tons
09-21-2026,2026,2023,5,8,soybean-meal,honduras,Exports,22.0,1000 Metric Tons
09-21-2026,2026,2023,5,8,soybean-meal,honduras,Total Supply,415.0,1000 Metric Tons
09-21-2026,2026,2023,5,8,soybean-meal,honduras,Imports,333.0,1000 Metric Tons
09-21-2026,2026,2023,5,8,soybean-meal,honduras,Beginning Stocks,82.0,1000 Metric Tons
09-21-2026,2026,2023,5,8,soybean-meal,indonesia,Total Supply,5831.0,1000 Metric Tons
09-21-2026,2026,2023,5,8,soybean-meal,honduras,Extraction Rate,0.0,Percentage (%)
09-21-2026,2026,2023,5,8,soybean-meal,honduras,Crush,0.0,1000 Metric Tons
09-21-2026,2026,2023,5,8,soybean-meal,guatemala,Soybean Meal Equivalent,560.0,1000 Metric Tons
09-21-2026,2026,2023,5,8,soybean-meal,guatemala,Total Distribution,577.0,1000 Metric Tons
09-21-2026,2026,2023,5,8,soybean-meal,guatemala,Ending Stocks,15.0,1000 Metric Tons
09-21-2026,2026,2023,5,8,soybean-meal,guatemala,Domestic Consumption,560.0,1000 Metric Tons
09-21-2026,2026,2023,5,8,soybean-meal,guatemala,Feed Waste Domestic Consumption,560.0,1000 Metric Tons
09-21-2026,2026,2023,5,8,soybean-meal,guatemala,Food Use Domestic Consumption,0.0,1000 Metric Tons
09-21-2026,2026,2023,5,8,soybean-meal,guatemala,Industrial Domestic Consumption,0.0,1000 Metric Tons
09-21-2026,2026,2023,5,8,soybean-meal,guatemala,Exports,2.0,1000 Metric Tons
09-21-2026,2026,2023,5,8,soybean-meal,guatemala,Total Supply,577.0,1000 Metric Tons
09-21-2026,2026,2023,5,8,soybean-meal,guatemala,Imports,524.0,1000 Metric Tons
09-21-2026,2026,2023,5,8,soybean-meal,guatemala,Production,27.0,1000 Metric Tons
09-21-2026,2026,2023,5,8,soybean-meal,guatemala,Beginning Stocks,26.0,1000 Metric Tons
09-21-2026,2026,2023,5,8,soybean-meal,indonesia,Imports,5434.0,1000 Metric Tons
09-21-2026,2026,2023,5,8,soybean-meal,indonesia,Exports,0.0,1000 Metric Tons
09-21-2026,2026,2023,5,8,soybean-meal,guatemala,Crush,35.0,1000 Metric Tons
09-21-2026,2026,2023,5,8,soybean-meal,mexico,Feed Waste Domestic Consumption,6880.0,1000 Metric Tons
09-21-2026,2026,2023,5,8,soybean-meal,nigeria,Feed Waste Domestic Consumption,510.0,1000 Metric Tons
09-21-2026,2026,2023,5,8,soybean-meal,nigeria,Food Use Domestic Consumption,0.0,1000 Metric Tons
09-21-2026,2026,2023,5,8,soybean-meal,nigeria,Industrial Domestic Consumption,0.0,1000 Metric Tons
09-21-2026,2026,2023,5,8,soybean-meal,nigeria,Exports,236.0,1000 Metric Tons
09-21-2026,2026,2023,5,8,soybean-meal,nigeria,Total Supply,801.0,1000 Metric Tons
09-21-2026,2026,2023,5,8,soybean-meal,nigeria,Imports,1.0,1000 Metric Tons
09-21-2026,2026,2023,5,8,soybean-meal,nigeria,Production,738.0,1000 Metric Tons
09-21-2026,2026,2023,5,8,soybean-meal,nigeria,Beginning Stocks,62.0,1000 Metric Tons
09-21-2026,2026,2023,5,8,soybean-meal,nigeria,Extraction Rate,0.7768,Percentage (%)
09-21-2026,2026,2023,5,8,soybean-meal,nigeria,Crush,950.0,1000 Metric Tons
09-21-2026,2026,2023,5,8,soybean-meal,mexico,Soybean Meal Equivalent,6880.0,1000 Metric Tons
09-21-2026,2026,2023,5,8,soybean-meal,mexico,Total Distribution,7078.0,1000 Metric Tons
09-21-2026,2026,2023,5,8,soybean-meal,mexico,Ending Stocks,147.0,1000 Metric Tons
09-21-2026,2026,2023,5,8,soybean-meal,mexico,Domestic Consumption,6930.0,1000 Metric Tons
09-21-2026,2026,2023,5,8,soybean-meal,mexico,Food Use Domestic Consumption,50.0,1000 Metric Tons
09-21-2026,2026,2023,5,8,soybean-meal,indonesia,Industrial Domestic Consumption,0.0,1000 Metric Tons
09-21-2026,2026,2023,5,8,soybean-meal,mexico,Industrial Domestic Consumption,0.0,1000 Metric Tons
09-21-2026,2026,2023,5,8,soybean-meal,mexico,Exports,1.0,1000 Metric Tons
09-21-2026,2026,2023,5,8,soybean-meal,mexico,Total Supply,7078.0,1000 Metric Tons
09-21-2026,2026,2023,5,8,soybean-meal,mexico,Imports,1670.0,1000 Metric Tons
09-21-2026,2026,2023,5,8,soybean-meal,mexico,Production,5255.0,1000 Metric Tons
09-21-2026,2026,2023,5,8,soybean-meal,mexico,Beginning Stocks,153.0,1000 Metric Tons
09-21-2026,2026,2023,5,8,soybean-meal,mexico,Extraction Rate,0.7902,Percentage (%)
09-21-2026,2026,2023,5,8,soybean-meal,mexico,Crush,6650.0,1000 Metric Tons
09-21-2026,2026,2023,5,8,soybean-meal,indonesia,Soybean Meal Equivalent,5580.0,1000 Metric Tons
09-21-2026,2026,2023,5,8,soybean-meal,indonesia,Total Distribution,5831.0,1000 Metric Tons
09-21-2026,2026,2023,5,8,soybean-meal,indonesia,Ending Stocks,251.0,1000 Metric Tons
09-21-2026,2026,2023,5,8,soybean-meal,indonesia,Domestic Consumption,5580.0,1000 Metric Tons
09-21-2026,2026,2023,5,8,soybean-meal,indonesia,Feed Waste Domestic Consumption,5580.0,1000 Metric Tons
09-21-2026,2026,2023,5,8,soybean-meal,indonesia,Food Use Domestic Consumption,0.0,1000 Metric Tons
09-21-2026,2026,2023,5,8,soybean-meal,guatemala,Extraction Rate,0.7714,Percentage (%)
09-21-2026,2026,2023,4,7,soybean-meal,european-union,Soybean Meal Equivalent,26600.0,1000 Metric Tons
09-21-2026,2026,2023,5,8,soybean-meal,canada,Beginning Stocks,228.0,1000 Metric Tons
09-21-2026,2026,2023,5,8,soybean-meal,china,Total Supply,76782.0,1000 Metric Tons
09-21-2026,2026,2023,5,8,soybean-meal,colombia,Total Supply,2336.0,1000 Metric Tons
09-21-2026,2026,2023,5,8,soybean-meal,colombia,Imports,1603.0,1000 Metric Tons
09-21-2026,2026,2023,5,8,soybean-meal,colombia,Production,354.0,1000 Metric Tons
09-21-2026,2026,2023,5,8,soybean-meal,colombia,Beginning Stocks,379.0,1000 Metric Tons
09-21-2026,2026,2023,5,8,soybean-meal,colombia,Extraction Rate,0.7867,Percentage (%)
09-21-2026,2026,2023,5,8,soybean-meal,colombia,Crush,450.0,1000 Metric Tons
09-21-2026,2026,2023,5,8,soybean-meal,china,Soybean Meal Equivalent,73900.0,1000 Metric Tons
09-21-2026,2026,2023,5,8,soybean-meal,china,Total Distribution,76782.0,1000 Metric Tons
09-21-2026,2026,2023,5,8,soybean-meal,china,Ending Stocks,937.0,1000 Metric Tons
09-21-2026,2026,2023,5,8,soybean-meal,china,Domestic Consumption,75050.0,1000 Metric Tons
09-21-2026,2026,2023,5,8,soybean-meal,china,Feed Waste Domestic Consumption,73900.0,1000 Metric Tons
09-21-2026,2026,2023,5,8,soybean-meal,china,Food Use Domestic Consumption,0.0,1000 Metric Tons
09-21-2026,2026,2023,5,8,soybean-meal,china,Industrial Domestic Consumption,1150.0,1000 Metric Tons
09-21-2026,2026,2023,5,8,soybean-meal,china,Exports,795.0,1000 Metric Tons
09-21-2026,2026,2023,5,8,soybean-meal,china,Imports,40.0,1000 Metric Tons
09-21-2026,2026,2023,5,8,soybean-meal,colombia,Industrial Domestic Consumption,0.0,1000 Metric Tons
09-21-2026,2026,2023,5,8,soybean-meal,china,Production,76032.0,1000 Metric Tons
09-21-2026,2026,2023,5,8,soybean-meal,china,Beginning Stocks,710.0,1000 Metric Tons
09-21-2026,2026,2023,5,8,soybean-meal,china,Extraction Rate,0.792,Percentage (%)
09-21-2026,2026,2023,5,8,soybean-meal,china,Crush,96000.0,1000 Metric Tons
09-21-2026,2026,2023,5,8,soybean-meal,canada,Soybean Meal Equivalent,2326.0,1000 Metric Tons
09-21-2026,2026,2023,5,8,soybean-meal,canada,Total Distribution,2826.0,1000 Metric Tons
09-21-2026,2026,2023,5,8,soybean-meal,canada,Ending Stocks,121.0,1000 Metric Tons
09-21-2026,2026,2023,5,8,soybean-meal,canada,Domestic Consumption,2326.0,1000 Metric Tons
09-21-2026,2026,2023,5,8,soybean-meal,canada,Feed Waste Domestic Consumption,2326.0,1000 Metric Tons
09-21-2026,2026,2023,5,8,soybean-meal,canada,Food Use Domestic Consumption,0.0,1000 Metric Tons
09-21-2026,2026,2023,5,8,soybean-meal,canada,Industrial Domestic Consumption,0.0,1000 Metric Tons
09-21-2026,2026,2023,5,8,soybean-meal,canada,Exports,379.0,1000 Metric Tons
09-21-2026,2026,2023,5,8,soybean-meal,canada,Total Supply,2826.0,1000 Metric Tons
09-21-2026,2026,2023,5,8,soybean-meal,canada,Imports,1208.0,1000 Metric Tons
09-21-2026,2026,2023,5,8,soybean-meal,colombia,Exports,3.0,1000 Metric Tons
09-21-2026,2026,2023,5,8,soybean-meal,colombia,Food Use Domestic Consumption,0.0,1000 Metric Tons
09-21-2026,2026,2023,4,7,soybean-meal,european-union,Total Distribution,27889.0,1000 Metric Tons
09-21-2026,2026,2023,4,7,soybean-meal,egypt,Ending Stocks,176.0,1000 Metric Tons
09-21-2026,2026,2023,4,7,soybean-meal,european-union,Ending Stocks,510.0,1000 Metric Tons
09-21-2026,2026,2023,4,7,soybean-meal,european-union,Domestic Consumption,26642.0,1000 Metric Tons
09-21-2026,2026,2023,4,7,soybean-meal,european-union,Feed Waste Domestic Consumption,26600.0,1000 Metric Tons
09-21-2026,2026,2023,4,7,soybean-meal,european-union,Food Use Domestic Consumption,32.0,1000 Metric Tons
09-21-2026,2026,2023,4,7,soybean-meal,european-union,Industrial Domestic Consumption,10.0,1000 Metric Tons
09-21-2026,2026,2023,4,7,soybean-meal,european-union,Exports,737.0,1000 Metric Tons
09-21-2026,2026,2023,4,7,soybean-meal,european-union,Total Supply,27889.0,1000 Metric Tons
09-21-2026,2026,2023,4,7,soybean-meal,european-union,Imports,15997.0,1000 Metric Tons
09-21-2026,2026,2023,4,7,soybean-meal,european-union,Production,11297.0,1000 Metric Tons
09-21-2026,2026,2023,4,7,soybean-meal,european-union,Beginning Stocks,595.0,1000 Metric Tons
09-21-2026,2026,2023,4,7,soybean-meal,european-union,Extraction Rate,0.79,Percentage (%)
09-21-2026,2026,2023,4,7,soybean-meal,european-union,Crush,14300.0,1000 Metric Tons
09-21-2026,2026,2023,4,7,soybean-meal,egypt,Soybean Meal Equivalent,2700.0,1000 Metric Tons
09-21-2026,2026,2023,4,7,soybean-meal,egypt,Total Distribution,2879.0,1000 Metric Tons
09-21-2026,2026,2023,4,7,soybean-meal,egypt,Domestic Consumption,2700.0,1000 Metric Tons
09-21-2026,2026,2023,5,8,soybean-meal,colombia,Feed Waste Domestic Consumption,2075.0,1000 Metric Tons
09-21-2026,2026,2023,4,7,soybean-meal,egypt,Feed Waste Domestic Consumption,2700.0,1000 Metric Tons
09-21-2026,2026,2023,4,7,soybean-meal,egypt,Food Use Domestic Consumption,0.0,1000 Metric Tons
09-21-2026,2026,2023,4,7,soybean-meal,egypt,Industrial Domestic Consumption,0.0,1000 Metric Tons
09-21-2026,2026,2023,4,7,soybean-meal,egypt,Exports,3.0,1000 Metric Tons
09-21-2026,2026,2023,4,7,soybean-meal,egypt,Total Supply,2879.0,1000 Metric Tons
09-21-2026,2026,2023,4,7,soybean-meal,egypt,Imports,892.0,1000 Metric Tons
09-21-2026,2026,2023,4,7,soybean-meal,egypt,Production,1738.0,1000 Metric Tons
09-21-2026,2026,2023,4,7,soybean-meal,egypt,Beginning Stocks,249.0,1000 Metric Tons
09-21-2026,2026,2023,4,7,soybean-meal,egypt,Extraction Rate,0.79,Percentage (%)
09-21-2026,2026,2023,4,7,soybean-meal,egypt,Crush,2200.0,1000 Metric Tons
09-21-2026,2026,2023,5,8,soybean-meal,colombia,Soybean Meal Equivalent,2075.0,1000 Metric Tons
09-21-2026,2026,2023,5,8,soybean-meal,colombia,Total Distribution,2336.0,1000 Metric Tons
09-21-2026,2026,2023,5,8,soybean-meal,colombia,Ending Stocks,258.0,1000 Metric Tons
09-21-2026,2026,2023,5,8,soybean-meal,colombia,Domestic Consumption,2075.0,1000 Metric Tons
09-21-2026,2026,2023,5,8,soybean-meal,nigeria,Domestic Consumption,510.0,1000 Metric Tons
09-21-2026,2026,2023,5,8,soybean-meal,nigeria,Ending Stocks,55.0,1000 Metric Tons
09-21-2026,2026,2023,5,8,soybean-meal,nigeria,Total Distribution,801.0,1000 Metric Tons
09-21-2026,2026,2023,5,8,soybean-meal,vietnam,Total Distribution,6126.0,1000 Metric Tons
09-21-2026,2026,2023,4,7,soybean-oil,bangladesh,Total Distribution,993.0,1000 Metric Tons
09-21-2026,2026,2023,4,7,soybean-oil,bangladesh,Ending Stocks,18.0,1000 Metric Tons
09-21-2026,2026,2023,4,7,soybean-oil,bangladesh,Domestic Consumption,975.0,1000 Metric Tons
09-21-2026,2026,2023,4,7,soybean-oil,bangladesh,Feed Waste Domestic Consumption,0.0,1000 Metric Tons
09-21-2026,2026,2023,4,7,soybean-oil,bangladesh,Food Use Domestic Consumption,890.0,1000 Metric Tons
09-21-2026,2026,2023,4,7,soybean-oil,bangladesh,Industrial Domestic Consumption,85.0,1000 Metric Tons
09-21-2026,2026,2023,4,7,soybean-oil,bangladesh,Exports,0.0,1000 Metric Tons
09-21-2026,2026,2023,4,7,soybean-oil,bangladesh,Total Supply,993.0,1000 Metric Tons
09-21-2026,2026,2023,4,7,soybean-oil,bangladesh,Imports,703.0,1000 Metric Tons
09-21-2026,2026,2023,4,7,soybean-oil,bangladesh,Production,266.0,1000 Metric Tons
09-21-2026,2026,2023,4,7,soybean-oil,bangladesh,Beginning Stocks,24.0,1000 Metric Tons
09-21-2026,2026,2023,4,7,soybean-oil,bangladesh,Extraction Rate,0.1773,Percentage (%)
09-21-2026,2026,2023,4,7,soybean-oil,bangladesh,Crush,1500.0,1000 Metric Tons
09-21-2026,2026,2023,5,8,soybean-meal,vietnam,Soybean Meal Equivalent,5700.0,1000 Metric Tons
09-21-2026,2026,2023,5,8,soybean-meal,vietnam,Ending Stocks,255.0,1000 Metric Tons
09-21-2026,2026,2023,8,11,soybean-oil,canada,Extraction Rate,0.1906,Percentage (%)
09-21-2026,2026,2023,5,8,soybean-meal,vietnam,Domestic Consumption,5785.0,1000 Metric Tons
09-21-2026,2026,2023,5,8,soybean-meal,vietnam,Feed Waste Domestic Consumption,5700.0,1000 Metric Tons
09-21-2026,2026,2023,5,8,soybean-meal,vietnam,Food Use Domestic Consumption,85.0,1000 Metric Tons
09-21-2026,2026,2023,5,8,soybean-meal,vietnam,Industrial Domestic Consumption,0.0,1000 Metric Tons
09-21-2026,2026,2023,5,8,soybean-meal,vietnam,Exports,86.0,1000 Metric Tons
09-21-2026,2026,2023,5,8,soybean-meal,vietnam,Total Supply,6126.0,1000 Metric Tons
09-21-2026,2026,2023,5,8,soybean-meal,vietnam,Imports,4724.0,1000 Metric Tons
09-21-2026,2026,2023,5,8,soybean-meal,vietnam,Production,976.0,1000 Metric Tons
09-21-2026,2026,2023,5,8,soybean-meal,vietnam,Beginning Stocks,426.0,1000 Metric Tons
09-21-2026,2026,2023,5,8,soybean-meal,vietnam,Extraction Rate,0.7808,Percentage (%)
09-21-2026,2026,2023,5,8,soybean-meal,vietnam,Crush,1250.0,1000 Metric Tons
09-21-2026,2026,2023,5,8,soybean-meal,united-states,Soybean Meal Equivalent,34946.0,1000 Metric Tons
09-21-2026,2026,2023,5,8,soybean-meal,united-states,Total Distribution,48478.0,1000 Metric Tons
09-21-2026,2026,2023,5,8,soybean-meal,united-states,Ending Stocks,336.0,1000 Metric Tons
09-21-2026,2026,2023,8,11,soybean-oil,canada,Crush,1768.0,1000 Metric Tons
09-21-2026,2026,2023,8,11,soybean-oil,canada,Beginning Stocks,28.0,1000 Metric Tons
09-21-2026,2026,2023,5,8,soybean-meal,nigeria,Soybean Meal Equivalent,510.0,1000 Metric Tons
09-21-2026,2026,2023,5,8,soybean-oil,china,Exports,111.0,1000 Metric Tons
09-21-2026,2026,2023,9,4,wheat,world,Exports,222133.0,1000 Metric Tons
09-21-2026,2026,2023,9,4,wheat,world,Trade Year Exports,218030.0,1000 Metric Tons
09-21-2026,2026,2023,9,4,wheat,world,Feed Domestic Consumption,153232.0,1000 Metric Tons
09-21-2026,2026,2023,9,4,wheat,world,Food Seed and Industrial Consumption,628393.0,1000 Metric Tons
09-21-2026,2026,2023,9,4,wheat,world,Domestic Consumption,781625.0,1000 Metric Tons
09-21-2026,2026,2023,9,4,wheat,world,Ending Stocks,274187.0,1000 Metric Tons
09-21-2026,2026,2023,9,4,wheat,world,Total Distribution,1277945.0,1000 Metric Tons
09-21-2026,2026,2023,9,4,wheat,world,Yield,3.5974,Yield (Metric Tons per Hectare)
09-21-2026,2026,2023,5,8,soybean-oil,china,Total Distribution,18992.0,1000 Metric Tons
09-21-2026,2026,2023,5,8,soybean-oil,china,Ending Stocks,981.0,1000 Metric Tons
09-21-2026,2026,2023,5,8,soybean-oil,china,Domestic Consumption,17900.0,1000 Metric Tons
09-21-2026,2026,2023,5,8,soybean-oil,china,Feed Waste Domestic Consumption,0.0,1000 Metric Tons
09-21-2026,2026,2023,5,8,soybean-oil,china,Food Use Domestic Consumption,17900.0,1000 Metric Tons
09-21-2026,2026,2023,5,8,soybean-oil,china,Industrial Domestic Consumption,0.0,1000 Metric Tons
09-21-2026,2026,2023,5,8,soybean-oil,china,Total Supply,18992.0,1000 Metric Tons
09-21-2026,2026,2023,8,11,soybean-oil,canada,Production,337.0,1000 Metric Tons
09-21-2026,2026,2023,5,8,soybean-oil,china,Imports,365.0,1000 Metric Tons
09-21-2026,2026,2023,5,8,soybean-oil,china,Production,18240.0,1000 Metric Tons
09-21-2026,2026,2023,5,8,soybean-oil,china,Beginning Stocks,387.0,1000 Metric Tons
09-21-2026,2026,2023,5,8,soybean-oil,china,Extraction Rate,0.19,Percentage (%)
09-21-2026,2026,2023,5,8,soybean-oil,china,Crush,96000.0,1000 Metric Tons
09-21-2026,2026,2023,8,11,soybean-oil,canada,Total Distribution,512.0,1000 Metric Tons
09-21-2026,2026,2023,8,11,soybean-oil,canada,Ending Stocks,74.0,1000 Metric Tons
09-21-2026,2026,2023,8,11,soybean-oil,canada,Domestic Consumption,300.0,1000 Metric Tons
09-21-2026,2026,2023,8,11,soybean-oil,canada,Feed Waste Domestic Consumption,0.0,1000 Metric Tons
09-21-2026,2026,2023,8,11,soybean-oil,canada,Food Use Domestic Consumption,250.0,1000 Metric Tons
09-21-2026,2026,2023,8,11,soybean-oil,canada,Industrial Domestic Consumption,50.0,1000 Metric Tons
09-21-2026,2026,2023,8,11,soybean-oil,canada,Exports,138.0,1000 Metric Tons
09-21-2026,2026,2023,8,11,soybean-oil,canada,Total Supply,512.0,1000 Metric Tons
09-21-2026,2026,2023,8,11,soybean-oil,canada,Imports,147.0,1000 Metric Tons
09-21-2026,2026,2023,5,8,soybean-meal,united-states,Domestic Consumption,34946.0,1000 Metric Tons
09-21-2026,2026,2023,5,8,soybean-meal,united-states,Feed Waste Domestic Consumption,34946.0,1000 Metric Tons
09-21-2026,2026,2023,5,8,soybean-meal,united-states,Food Use Domestic Consumption,0.0,1000 Metric Tons
09-21-2026,2026,2023,5,8,soybean-meal,south-korea,Extraction Rate,0.7205,Percentage (%)
09-21-2026,2026,2023,5,8,soybean-meal,taiwan,Extraction Rate,0.7851,Percentage (%)
09-21-2026,2026,2023,5,8,soybean-meal,taiwan,Crush,1950.0,1000 Metric Tons
09-21-2026,2026,2023,5,8,soybean-meal,south-korea,Soybean Meal Equivalent,2205.0,1000 Metric Tons
09-21-2026,2026,2023,5,8,soybean-meal,south-korea,Total Distribution,2526.0,1000 Metric Tons
09-21-2026,2026,2023,5,8,soybean-meal,south-korea,Ending Stocks,235.0,1000 Metric Tons
09-21-2026,2026,2023,5,8,soybean-meal,south-korea,Domestic Consumption,2230.0,1000 Metric Tons
09-21-2026,2026,2023,5,8,soybean-meal,south-korea,Feed Waste Domestic Consumption,2205.0,1000 Metric Tons
09-21-2026,2026,2023,5,8,soybean-meal,south-korea,Food Use Domestic Consumption,25.0,1000 Metric Tons
09-21-2026,2026,2023,5,8,soybean-meal,south-korea,Industrial Domestic Consumption,0.0,1000 Metric Tons
09-21-2026,2026,2023,5,8,soybean-meal,south-korea,Exports,61.0,1000 Metric Tons
09-21-2026,2026,2023,5,8,soybean-meal,south-korea,Total Supply,2526.0,1000 Metric Tons
09-21-2026,2026,2023,5,8,soybean-meal,south-korea,Imports,1492.0,1000 Metric Tons
09-21-2026,2026,2023,5,8,soybean-meal,south-korea,Production,714.0,1000 Metric Tons
09-21-2026,2026,2023,5,8,soybean-meal,south-korea,Beginning Stocks,320.0,1000 Metric Tons
09-21-2026,2026,2023,5,8,soybean-meal,south-korea,Crush,991.0,1000 Metric Tons
09-21-2026,2026,2023,5,8,soybean-meal,united-states,Industrial Domestic Consumption,0.0,1000 Metric Tons
09-21-2026,2026,2023,4,7,soybean-meal,pakistan,Soybean Meal Equivalent,660.0,1000 Metric Tons
09-21-2026,2026,2023,4,7,soybean-meal,pakistan,Total Distribution,707.0,1000 Metric Tons
09-21-2026,2026,2023,4,7,soybean-meal,pakistan,Ending Stocks,39.0,1000 Metric Tons
09-21-2026,2026,2023,4,7,soybean-meal,pakistan,Domestic Consumption,660.0,1000 Metric Tons
09-21-2026,2026,2023,4,7,soybean-meal,pakistan,Feed Waste Domestic Consumption,660.0,1000 Metric Tons
09-21-2026,2026,2023,4,7,soybean-meal,pakistan,Food Use Domestic Consumption,0.0,1000 Metric Tons
09-21-2026,2026,2023,4,7,soybean-meal,pakistan,Industrial Domestic Consumption,0.0,1000 Metric Tons
09-21-2026,2026,2023,4,7,soybean-meal,pakistan,Exports,8.0,1000 Metric Tons
09-21-2026,2026,2023,4,7,soybean-meal,pakistan,Total Supply,707.0,1000 Metric Tons
09-21-2026,2026,2023,4,7,soybean-meal,pakistan,Imports,99.0,1000 Metric Tons
09-21-2026,2026,2023,4,7,soybean-meal,pakistan,Production,507.0,1000 Metric Tons
09-21-2026,2026,2023,4,7,soybean-meal,pakistan,Beginning Stocks,101.0,1000 Metric Tons
09-21-2026,2026,2023,4,7,soybean-meal,pakistan,Extraction Rate,0.78,Percentage (%)
09-21-2026,2026,2023,4,7,soybean-meal,pakistan,Crush,650.0,1000 Metric Tons
09-21-2026,2026,2023,5,8,soybean-meal,taiwan,Beginning Stocks,61.0,1000 Metric Tons
09-21-2026,2026,2023,5,8,soybean-meal,taiwan,Production,1531.0,1000 Metric Tons
09-21-2026,2026,2023,5,8,soybean-meal,taiwan,Imports,43.0,1000 Metric Tons
09-21-2026,2026,2023,5,8,soybean-meal,taiwan,Total Supply,1635.0,1000 Metric Tons
09-21-2026,2026,2023,5,8,soybean-meal,united-states,Exports,13196.0,1000 Metric Tons
09-21-2026,2026,2023,5,8,soybean-meal,united-states,Total Supply,48478.0,1000 Metric Tons
09-21-2026,2026,2023,5,8,soybean-meal,united-states,Imports,575.0,1000 Metric Tons
09-21-2026,2026,2023,5,8,soybean-meal,united-states,Production,47621.0,1000 Metric Tons
09-21-2026,2026,2023,5,8,soybean-meal,united-states,Beginning Stocks,282.0,1000 Metric Tons
09-21-2026,2026,2023,5,8,soybean-meal,united-states,Extraction Rate,0.7911,Percentage (%)
09-21-2026,2026,2023,5,8,soybean-meal,united-states,Crush,60199.0,1000 Metric Tons
09-21-2026,2026,2023,5,8,soybean-meal,thailand,Soybean Meal Equivalent,4750.0,1000 Metric Tons
09-21-2026,2026,2023,5,8,soybean-meal,thailand,Total Distribution,4990.0,1000 Metric Tons
09-21-2026,2026,2023,5,8,soybean-meal,thailand,Ending Stocks,139.0,1000 Metric Tons
09-21-2026,2026,2023,5,8,soybean-meal,thailand,Domestic Consumption,4750.0,1000 Metric Tons
09-21-2026,2026,2023,5,8,soybean-meal,thailand,Feed Waste Domestic Consumption,4750.0,1000 Metric Tons
09-21-2026,2026,2023,5,8,soybean-meal,thailand,Food Use Domestic Consumption,0.0,1000 Metric Tons
09-21-2026,2026,2023,5,8,soybean-meal,thailand,Industrial Domestic Consumption,0.0,1000 Metric Tons
09-21-2026,2026,2023,5,8,soybean-meal,thailand,Exports,101.0,1000 Metric Tons
09-21-2026,2026,2023,5,8,soybean-meal,thailand,Total Supply,4990.0,1000 Metric Tons
09-21-2026,2026,2023,5,8,soybean-meal,thailand,Imports,3141.0,1000 Metric Tons
09-21-2026,2026,2023,5,8,soybean-meal,thailand,Production,1633.0,1000 Metric Tons
09-21-2026,2026,2023,5,8,soybean-meal,thailand,Beginning Stocks,216.0,1000 Metric Tons
09-21-2026,2026,2023,5,8,soybean-meal,thailand,Extraction Rate,0.7776,Percentage (%)
09-21-2026,2026,2023,5,8,soybean-meal,thailand,Crush,2100.0,1000 Metric Tons
09-21-2026,2026,2023,5,8,soybean-meal,taiwan,Soybean Meal Equivalent,1585.0,1000 Metric Tons
09-21-2026,2026,2023,5,8,soybean-meal,taiwan,Total Distribution,1635.0,1000 Metric Tons
09-21-2026,2026,2023,5,8,soybean-meal,taiwan,Ending Stocks,29.0,1000 Metric Tons
09-21-2026,2026,2023,5,8,soybean-meal,taiwan,Domestic Consumption,1585.0,1000 Metric Tons
09-21-2026,2026,2023,5,8,soybean-meal,taiwan,Feed Waste Domestic Consumption,1585.0,1000 Metric Tons
09-21-2026,2026,2023,5,8,soybean-meal,taiwan,Food Use Domestic Consumption,0.0,1000 Metric Tons
09-21-2026,2026,2023,5,8,soybean-meal,taiwan,Industrial Domestic Consumption,0.0,1000 Metric Tons
09-21-2026,2026,2023,5,8,soybean-meal,taiwan,Exports,21.0,1000 Metric Tons
09-21-2026,2024,2023,9,4,wheat,south-korea,Exports,430.0,1000 Metric Tons
09-21-2026,2026,2023,5,8,soybean-meal,canada,Production,1390.0,1000 Metric Tons
09-21-2026,2025,2023,4,8,corn,guatemala,Feed Domestic Consumption,1575.0,1000 Metric Tons
09-21-2026,2025,2023,5,12,wheat,pakistan,Beginning Stocks,4530.0,1000 Metric Tons
09-21-2026,2025,2023,4,11,wheat,china,Food Seed and Industrial Consumption,115000.0,1000 Metric Tons
09-21-2026,2025,2023,4,11,wheat,china,Domestic Consumption,148000.0,1000 Metric Tons
09-21-2026,2025,2023,4,11,wheat,china,Ending Stocks,138818.0,1000 Metric Tons
09-21-2026,2025,2023,4,11,wheat,china,Total Distribution,287764.0,1000 Metric Tons
09-21-2026,2025,2023,4,11,wheat,china,Yield,5.8558,Yield (Metric Tons per Hectare)
09-21-2026,2025,2023,5,12,wheat,pakistan,Area Harvested,8977.0,1000 Hectares
09-21-2026,2025,2023,5,12,wheat,pakistan,Production,26209.0,1000 Metric Tons
09-21-2026,2025,2023,5,12,wheat,pakistan,Food Seed and Industrial Consumption,27300.0,1000 Metric Tons
09-21-2026,2025,2023,5,12,wheat,pakistan,Imports,2680.0,1000 Metric Tons
09-21-2026,2025,2023,5,12,wheat,pakistan,Trade Year Imports,2731.0,1000 Metric Tons
09-21-2026,2025,2023,5,12,wheat,pakistan,Trade Year Imports From United States,0.0,1000 Metric Tons
09-21-2026,2025,2023,5,12,wheat,pakistan,Total Supply,33419.0,1000 Metric Tons
09-21-2026,2025,2023,5,12,wheat,pakistan,Exports,500.0,1000 Metric Tons
09-21-2026,2025,2023,5,12,wheat,pakistan,Trade Year Exports,500.0,1000 Metric Tons
09-21-2026,2025,2023,4,11,wheat,china,Feed Domestic Consumption,33000.0,1000 Metric Tons
09-21-2026,2025,2023,4,11,wheat,china,Trade Year Exports,946.0,1000 Metric Tons
09-21-2026,2025,2023,4,11,wheat,china,Exports,946.0,1000 Metric Tons
09-21-2026,2025,2023,4,11,wheat,china,Total Supply,287764.0,1000 Metric Tons
09-21-2026,2025,2023,4,11,wheat,china,Trade Year Imports From United States,1480.0,1000 Metric Tons
09-21-2026,2025,2023,4,11,wheat,china,Trade Year Imports,13282.0,1000 Metric Tons
09-21-2026,2025,2023,4,11,wheat,china,Imports,13282.0,1000 Metric Tons
09-21-2026,2025,2023,4,11,wheat,china,Production,137723.0,1000 Metric Tons
09-21-2026,2025,2023,4,11,wheat,china,Beginning Stocks,136759.0,1000 Metric Tons
09-21-2026,2025,2023,4,11,wheat,china,Area Harvested,23519.0,1000 Hectares
09-21-2026,2025,2023,9,4,wheat,nigeria,Yield,1.1,Yield (Metric Tons per Hectare)
09-21-2026,2025,2023,9,4,wheat,nigeria,Total Distribution,5470.0,1000 Metric Tons
09-21-2026,2025,2023,9,4,wheat,nigeria,Ending Stocks,370.0,1000 Metric Tons
09-21-2026,2025,2023,9,4,wheat,nigeria,Domestic Consumption,4700.0,1000 Metric Tons
09-21-2026,2025,2023,9,4,wheat,nigeria,Food Seed and Industrial Consumption,4700.0,1000 Metric Tons
09-21-2026,2025,2023,9,4,wheat,nigeria,Feed Domestic Consumption,0.0,1000 Metric Tons
09-21-2026,2025,2023,9,4,wheat,nigeria,Trade Year Exports,400.0,1000 Metric Tons
09-21-2026,2025,2023,5,12,wheat,pakistan,Feed Domestic Consumption,1700.0,1000 Metric Tons
09-21-2026,2025,2023,5,12,wheat,pakistan,Domestic Consumption,29000.0,1000 Metric Tons
09-21-2026,2025,2023,4,8,corn,guatemala,Beginning Stocks,247.0,1000 Metric Tons
09-21-2026,2025,2023,4,8,corn,guatemala,Food Seed and Industrial Consumption,1625.0,1000 Metric Tons
09-21-2026,2025,2023,5,12,wheat,bangladesh,Yield,3.5484,Yield (Metric Tons per Hectare)
09-21-2026,2025,2023,5,9,corn,vietnam,Area Harvested,887.0,1000 Hectares
09-21-2026,2025,2023,4,8,corn,guatemala,Yield,1.8337,Yield (Metric Tons per Hectare)
09-21-2026,2025,2023,4,8,corn,guatemala,Total Distribution,3463.0,1000 Metric Tons
09-21-2026,2025,2023,4,8,corn,guatemala,Ending Stocks,261.0,1000 Metric Tons
09-21-2026,2025,2023,4,8,corn,guatemala,Domestic Consumption,3200.0,1000 Metric Tons
09-21-2026,2024,2023,9,4,wheat,south-korea,Food Seed and Industrial Consumption,2403.0,1000 Metric Tons
09-21-2026,2025,2023,5,12,wheat,pakistan,Ending Stocks,3919.0,1000 Metric Tons
09-21-2026,2025,2023,4,8,corn,guatemala,Trade Year Exports,3.0,1000 Metric Tons
09-21-2026,2025,2023,4,8,corn,guatemala,Exports,2.0,1000 Metric Tons
09-21-2026,2025,2023,4,8,corn,guatemala,Total Supply,3463.0,1000 Metric Tons
09-21-2026,2025,2023,4,8,corn,guatemala,Trade Year Imports From United States,854.0,1000 Metric Tons
09-21-2026,2025,2023,4,8,corn,guatemala,Trade Year Imports,1618.0,1000 Metric Tons
09-21-2026,2025,2023,4,8,corn,guatemala,Imports,1595.0,1000 Metric Tons
09-21-2026,2025,2023,5,12,wheat,bangladesh,Total Distribution,7533.0,1000 Metric Tons
09-21-2026,2025,2023,5,12,wheat,bangladesh,Ending Stocks,833.0,1000 Metric Tons
09-21-2026,2025,2023,5,12,wheat,bangladesh,Domestic Consumption,6700.0,1000 Metric Tons
09-21-2026,2025,2023,5,12,wheat,bangladesh,Food Seed and Industrial Consumption,6500.0,1000 Metric Tons
09-21-2026,2025,2023,5,12,wheat,bangladesh,Feed Domestic Consumption,200.0,1000 Metric Tons
09-21-2026,2025,2023,5,12,wheat,bangladesh,Trade Year Exports,0.0,1000 Metric Tons
09-21-2026,2024,2023,9,4,wheat,south-korea,Domestic Consumption,4102.0,1000 Metric Tons
09-21-2026,2025,2023,5,12,wheat,bangladesh,Exports,0.0,1000 Metric Tons
09-21-2026,2025,2023,5,12,wheat,bangladesh,Total Supply,7533.0,1000 Metric Tons
09-21-2026,2025,2023,5,12,wheat,bangladesh,Trade Year Imports From United States,2.0,1000 Metric Tons
09-21-2026,2025,2023,5,12,wheat,bangladesh,Trade Year Imports,5120.0,1000 Metric Tons
09-21-2026,2025,2023,5,12,wheat,bangladesh,Imports,5120.0,1000 Metric Tons
09-21-2026,2025,2023,5,12,wheat,bangladesh,Production,1100.0,1000 Metric Tons
09-21-2026,2025,2023,5,12,wheat,bangladesh,Beginning Stocks,1313.0,1000 Metric Tons
09-21-2026,2025,2023,5,12,wheat,bangladesh,Area Harvested,310.0,1000 Hectares
09-21-2026,2025,2023,5,12,wheat,pakistan,Yield,2.9196,Yield (Metric Tons per Hectare)
09-21-2026,2025,2023,5,12,wheat,pakistan,Total Distribution,33419.0,1000 Metric Tons
09-21-2026,2025,2023,9,4,wheat,nigeria,Exports,400.0,1000 Metric Tons
09-21-2026,2025,2023,9,4,wheat,nigeria,Total Supply,5470.0,1000 Metric Tons
09-21-2026,2025,2023,9,4,wheat,nigeria,Trade Year Imports From United States,713.0,1000 Metric Tons
09-21-2026,2025,2023,8,3,wheat,vietnam,Exports,450.0,1000 Metric Tons
09-21-2026,2025,2023,8,3,wheat,vietnam,Beginning Stocks,737.0,1000 Metric Tons
09-21-2026,2025,2023,8,3,wheat,vietnam,Production,0.0,1000 Metric Tons
09-21-2026,2025,2023,8,3,wheat,vietnam,Imports,4317.0,1000 Metric Tons
09-21-2026,2025,2023,8,3,wheat,vietnam,Trade Year Imports,4317.0,1000 Metric Tons
09-21-2026,2025,2023,8,3,wheat,vietnam,Trade Year Imports From United States,336.0,1000 Metric Tons
09-21-2026,2025,2023,8,3,wheat,vietnam,Total Supply,5054.0,1000 Metric Tons
09-21-2026,2025,2023,8,3,wheat,vietnam,Trade Year Exports,450.0,1000 Metric Tons
09-21-2026,2025,2023,9,4,wheat,nigeria,Trade Year Imports,4703.0,1000 Metric Tons
09-21-2026,2025,2023,8,3,wheat,vietnam,Feed Domestic Consumption,2200.0,1000 Metric Tons
09-21-2026,2025,2023,8,3,wheat,vietnam,Food Seed and Industrial Consumption,2100.0,1000 Metric Tons
09-21-2026,2025,2023,8,3,wheat,vietnam,Domestic Consumption,4300.0,1000 Metric Tons
09-21-2026,2025,2023,8,3,wheat,vietnam,Ending Stocks,304.0,1000 Metric Tons
09-21-2026,2025,2023,8,3,wheat,vietnam,Total Distribution,5054.0,1000 Metric Tons
09-21-2026,2025,2023,8,3,wheat,vietnam,Yield,0.0,Yield (Metric Tons per Hectare)
09-21-2026,2025,2023,8,3,wheat,vietnam,Area Harvested,0.0,1000 Hectares
09-21-2026,2024,2023,9,4,wheat,taiwan,Yield,3.0,Yield (Metric Tons per Hectare)
09-21-2026,2024,2023,9,4,wheat,taiwan,Total Distribution,1478.0,1000 Metric Tons
09-21-2026,2024,2023,9,4,wheat,taiwan,Ending Stocks,109.0,1000 Metric Tons
09-21-2026,2024,2023,9,4,wheat,taiwan,Domestic Consumption,1300.0,1000 Metric Tons
09-21-2026,2024,2023,9,4,wheat,taiwan,Food Seed and Industrial Consumption,1200.0,1000 Metric Tons
09-21-2026,2024,2023,9,4,wheat,taiwan,Feed Domestic Consumption,100.0,1000 Metric Tons
09-21-2026,2024,2023,9,4,wheat,taiwan,Trade Year Exports,69.0,1000 Metric Tons
09-21-2026,2024,2023,9,4,wheat,taiwan,Exports,69.0,1000 Metric Tons
09-21-2026,2024,2023,9,4,wheat,taiwan,Total Supply,1478.0,1000 Metric Tons
09-21-2026,2024,2023,9,4,wheat,taiwan,Trade Year Imports From United States,839.0,1000 Metric Tons
09-21-2026,2024,2023,9,4,wheat,taiwan,Trade Year Imports,1273.0,1000 Metric Tons
09-21-2026,2024,2023,9,4,wheat,taiwan,Imports,1273.0,1000 Metric Tons
09-21-2026,2024,2023,9,4,wheat,taiwan,Production,6.0,1000 Metric Tons
09-21-2026,2024,2023,9,4,wheat,taiwan,Beginning Stocks,199.0,1000 Metric Tons
09-21-2026,2024,2023,9,4,wheat,taiwan,Area Harvested,2.0,1000 Hectares
09-21-2026,2024,2023,9,4,wheat,south-korea,Yield,4.375,Yield (Metric Tons per Hectare)
09-21-2026,2025,2023,9,4,wheat,honduras,Area Harvested,0.0,1000 Hectares
09-21-2026,2025,2023,9,4,wheat,honduras,Beginning Stocks,31.0,1000 Metric Tons
09-21-2026,2025,2023,9,4,wheat,honduras,Production,0.0,1000 Metric Tons
09-21-2026,2024,2023,10,5,wheat,philippines,Trade Year Imports,5750.0,1000 Metric Tons
09-21-2026,2025,2023,9,4,wheat,nigeria,Imports,4703.0,1000 Metric Tons
09-21-2026,2025,2023,9,4,wheat,nigeria,Production,110.0,1000 Metric Tons
09-21-2026,2025,2023,9,4,wheat,nigeria,Beginning Stocks,657.0,1000 Metric Tons
09-21-2026,2025,2023,9,4,wheat,nigeria,Area Harvested,100.0,1000 Hectares
09-21-2026,2024,2023,10,5,wheat,philippines,Yield,0.0,Yield (Metric Tons per Hectare)
09-21-2026,2024,2023,10,5,wheat,philippines,Total Distribution,7125.0,1000 Metric Tons
09-21-2026,2024,2023,10,5,wheat,philippines,Ending Stocks,903.0,1000 Metric Tons
09-21-2026,2024,2023,10,5,wheat,philippines,Domestic Consumption,6200.0,1000 Metric Tons
09-21-2026,2024,2023,10,5,wheat,philippines,Food Seed and Industrial Consumption,3300.0,1000 Metric Tons
09-21-2026,2024,2023,10,5,wheat,philippines,Feed Domestic Consumption,2900.0,1000 Metric Tons
09-21-2026,2024,2023,10,5,wheat,philippines,Trade Year Exports,22.0,1000 Metric Tons
09-21-2026,2024,2023,10,5,wheat,philippines,Exports,22.0,1000 Metric Tons
09-21-2026,2024,2023,10,5,wheat,philippines,Total Supply,7125.0,1000 Metric Tons
09-21-2026,2024,2023,10,5,wheat,philippines,Trade Year Imports From United States,1970.0,1000 Metric Tons
09-21-2026,2024,2023,10,5,wheat,philippines,Imports,5750.0,1000 Metric Tons
09-21-2026,2025,2023,9,4,wheat,honduras,Imports,341.0,1000 Metric Tons
09-21-2026,2024,2023,10,5,wheat,philippines,Production,0.0,1000 Metric Tons
09-21-2026,2024,2023,10,5,wheat,philippines,Beginning Stocks,1375.0,1000 Metric Tons
09-21-2026,2024,2023,10,5,wheat,philippines,Area Harvested,0.0,1000 Hectares
09-21-2026,2025,2023,9,4,wheat,honduras,Yield,0.0,Yield (Metric Tons per Hectare)
09-21-2026,2025,2023,9,4,wheat,honduras,Total Distribution,372.0,1000 Metric Tons
09-21-2026,2025,2023,9,4,wheat,honduras,Ending Stocks,13.0,1000 Metric Tons
09-21-2026,2025,2023,9,4,wheat,honduras,Domestic Consumption,320.0,1000 Metric Tons
09-21-2026,2025,2023,9,4,wheat,honduras,Food Seed and Industrial Consumption,300.0,1000 Metric Tons
09-21-2026,2025,2023,9,4,wheat,honduras,Feed Domestic Consumption,20.0,1000 Metric Tons
09-21-2026,2025,2023,9,4,wheat,honduras,Trade Year Exports,39.0,1000 Metric Tons
09-21-2026,2025,2023,9,4,wheat,honduras,Exports,39.0,1000 Metric Tons
09-21-2026,2025,2023,9,4,wheat,honduras,Total Supply,372.0,1000 Metric Tons
09-21-2026,2025,2023,9,4,wheat,honduras,Trade Year Imports From United States,287.0,1000 Metric Tons
09-21-2026,2025,2023,9,4,wheat,honduras,Trade Year Imports,341.0,1000 Metric Tons
09-21-2026,2025,2023,4,8,corn,guatemala,Production,1621.0,1000 Metric Tons
09-21-2026,2025,2023,4,8,corn,guatemala,Area Harvested,884.0,1000 Hectares
09-21-2026,2024,2023,9,4,wheat,south-korea,Ending Stocks,1618.0,1000 Metric Tons
09-21-2026,2025,2023,7,11,corn,mexico,Ending Stocks,4877.0,1000 Metric Tons
09-21-2026,2025,2023,7,11,corn,united-states,Yield,10.8863,Yield (Metric Tons per Hectare)
09-21-2026,2025,2023,7,11,corn,mexico,Area Harvested,6891.0,1000 Hectares
09-21-2026,2025,2023,7,11,corn,mexico,Beginning Stocks,3125.0,1000 Metric Tons
09-21-2026,2025,2023,7,11,corn,mexico,Production,28077.0,1000 Metric Tons
09-21-2026,2025,2023,7,11,corn,mexico,Imports,19325.0,1000 Metric Tons
09-21-2026,2025,2023,7,11,corn,mexico,Trade Year Imports,19325.0,1000 Metric Tons
09-21-2026,2025,2023,7,11,corn,mexico,Trade Year Imports From United States,16454.0,1000 Metric Tons
09-21-2026,2025,2023,7,11,corn,mexico,Total Supply,50527.0,1000 Metric Tons
09-21-2026,2025,2023,7,11,corn,mexico,Exports,50.0,1000 Metric Tons
09-21-2026,2025,2023,7,11,corn,mexico,Trade Year Exports,50.0,1000 Metric Tons
09-21-2026,2025,2023,7,11,corn,mexico,Feed Domestic Consumption,24600.0,1000 Metric Tons
09-21-2026,2025,2023,7,11,corn,mexico,Food Seed and Industrial Consumption,21000.0,1000 Metric Tons
09-21-2026,2025,2023,7,11,corn,mexico,Domestic Consumption,45600.0,1000 Metric Tons
09-21-2026,2024,2023,9,4,wheat,south-korea,Feed Domestic Consumption,1699.0,1000 Metric Tons
09-21-2026,2025,2023,7,11,corn,united-states,Ending Stocks,34551.0,1000 Metric Tons
09-21-2026,2025,2023,7,11,corn,mexico,Total Distribution,50527.0,1000 Metric Tons
09-21-2026,2025,2023,7,11,corn,mexico,Yield,4.0744,Yield (Metric Tons per Hectare)
09-21-2026,2024,2023,1,5,corn,japan,Area Harvested,2.0,1000 Hectares
09-21-2026,2024,2023,1,5,corn,japan,Beginning Stocks,1360.0,1000 Metric Tons
09-21-2026,2024,2023,1,5,corn,japan,Production,9.0,1000 Metric Tons
09-21-2026,2024,2023,1,5,corn,japan,Imports,14927.0,1000 Metric Tons
09-21-2026,2024,2023,1,5,corn,japan,Trade Year Imports,14927.0,1000 Metric Tons
09-21-2026,2024,2023,1,5,corn,japan,Trade Year Imports From United States,6869.0,1000 Metric Tons
09-21-2026,2024,2023,7,11,corn,taiwan,Yield,5.0,Yield (Metric Tons per Hectare)
09-21-2026,2024,2023,1,5,corn,japan,Exports,0.0,1000 Metric Tons
09-21-2026,2024,2023,1,5,corn,japan,Trade Year Exports,0.0,1000 Metric Tons
09-21-2026,2024,2023,1,5,corn,japan,Feed Domestic Consumption,11700.0,1000 Metric Tons
09-21-2026,2024,2023,1,5,corn,japan,Food Seed and Industrial Consumption,3300.0,1000 Metric Tons
09-21-2026,2025,2023,7,11,corn,united-states,Total Distribution,382696.0,1000 Metric Tons
09-21-2026,2025,2023,7,11,corn,united-states,Domestic Consumption,305931.0,1000 Metric Tons
09-21-2026,2024,2023,1,5,corn,japan,Ending Stocks,1296.0,1000 Metric Tons
09-21-2026,2026,2023,4,7,soybean-meal,bangladesh,Beginning Stocks,718.0,1000 Metric Tons
09-21-2026,2026,2023,5,8,soybean-meal,canada,Extraction Rate,0.7862,Percentage (%)
09-21-2026,2026,2023,5,8,soybean-meal,canada,Crush,1768.0,1000 Metric Tons
09-21-2026,2026,2023,4,7,soybean-meal,bangladesh,Soybean Meal Equivalent,2350.0,1000 Metric Tons
09-21-2026,2026,2023,4,7,soybean-meal,bangladesh,Total Distribution,2593.0,1000 Metric Tons
09-21-2026,2026,2023,4,7,soybean-meal,bangladesh,Ending Stocks,214.0,1000 Metric Tons
09-21-2026,2026,2023,4,7,soybean-meal,bangladesh,Domestic Consumption,2354.0,1000 Metric Tons
09-21-2026,2026,2023,4,7,soybean-meal,bangladesh,Feed Waste Domestic Consumption,2350.0,1000 Metric Tons
09-21-2026,2026,2023,4,7,soybean-meal,bangladesh,Food Use Domestic Consumption,4.0,1000 Metric Tons
09-21-2026,2026,2023,4,7,soybean-meal,bangladesh,Industrial Domestic Consumption,0.0,1000 Metric Tons
09-21-2026,2026,2023,4,7,soybean-meal,bangladesh,Exports,25.0,1000 Metric Tons
09-21-2026,2026,2023,4,7,soybean-meal,bangladesh,Total Supply,2593.0,1000 Metric Tons
09-21-2026,2026,2023,4,7,soybean-meal,bangladesh,Imports,691.0,1000 Metric Tons
09-21-2026,2026,2023,4,7,soybean-meal,bangladesh,Production,1184.0,1000 Metric Tons
09-21-2026,2026,2023,4,7,soybean-meal,bangladesh,Extraction Rate,0.7893,Percentage (%)
09-21-2026,2025,2023,7,11,corn,united-states,Food Seed and Industrial Consumption,166583.0,1000 Metric Tons
09-21-2026,2026,2023,4,7,soybean-meal,bangladesh,Crush,1500.0,1000 Metric Tons
09-21-2026,2026,2023,4,8,soybeans,mexico,Total Distribution,7268.0,1000 Metric Tons
09-21-2026,2025,2023,7,11,corn,united-states,Area Harvested,31851.0,1000 Hectares
09-21-2026,2025,2023,7,11,corn,united-states,Beginning Stocks,34975.0,1000 Metric Tons
09-21-2026,2024,2023,9,4,wheat,south-korea,Trade Year Exports,430.0,1000 Metric Tons
09-21-2026,2025,2023,7,11,corn,united-states,Production,346739.0,1000 Metric Tons
09-21-2026,2025,2023,7,11,corn,united-states,Imports,982.0,1000 Metric Tons
09-21-2026,2025,2023,7,11,corn,united-states,Trade Year Imports,1021.0,1000 Metric Tons
09-21-2026,2025,2023,7,11,corn,united-states,Trade Year Imports From United States,0.0,1000 Metric Tons
09-21-2026,2025,2023,7,11,corn,united-states,Total Supply,382696.0,1000 Metric Tons
09-21-2026,2025,2023,7,11,corn,united-states,Exports,42214.0,1000 Metric Tons
09-21-2026,2025,2023,7,11,corn,united-states,Trade Year Exports,42774.0,1000 Metric Tons
09-21-2026,2025,2023,7,11,corn,united-states,Feed Domestic Consumption,139348.0,1000 Metric Tons
09-21-2026,2024,2023,1,5,corn,japan,Domestic Consumption,15000.0,1000 Metric Tons
09-21-2026,2024,2023,1,5,corn,japan,Total Supply,16296.0,1000 Metric Tons
09-21-2026,2024,2023,1,5,corn,japan,Total Distribution,16296.0,1000 Metric Tons
09-21-2026,2025,2023,2,6,corn,european-union,Yield,5.9185,Yield (Metric Tons per Hectare)
09-21-2026,2025,2023,2,6,corn,european-union,Beginning Stocks,11355.0,1000 Metric Tons
09-21-2026,2025,2023,2,6,corn,european-union,Production,52379.0,1000 Metric Tons
09-21-2026,2025,2023,2,6,corn,european-union,Imports,23188.0,1000 Metric Tons
09-21-2026,2025,2023,2,6,corn,european-union,Trade Year Imports,23188.0,1000 Metric Tons
09-21-2026,2024,2023,1,5,corn,japan,Yield,4.5,Yield (Metric Tons per Hectare)
09-21-2026,2025,2023,2,6,corn,european-union,Total Supply,86922.0,1000 Metric Tons
09-21-2026,2025,2023,2,6,corn,european-union,Exports,4198.0,1000 Metric Tons
09-21-2026,2025,2023,2,6,corn,european-union,Trade Year Exports,4198.0,1000 Metric Tons
09-21-2026,2025,2023,2,6,corn,european-union,Feed Domestic Consumption,55500.0,1000 Metric Tons
09-21-2026,2025,2023,2,6,corn,european-union,Food Seed and Industrial Consumption,19200.0,1000 Metric Tons
09-21-2026,2025,2023,2,6,corn,european-union,Domestic Consumption,74700.0,1000 Metric Tons
09-21-2026,2025,2023,2,6,corn,european-union,Ending Stocks,8024.0,1000 Metric Tons
09-21-2026,2025,2023,2,6,corn,european-union,Total Distribution,86922.0,1000 Metric Tons
09-21-2026,2024,2023,7,11,corn,taiwan,Area Harvested,20.0,1000 Hectares
09-21-2026,2025,2023,7,11,corn,colombia,Yield,3.9474,Yield (Metric Tons per Hectare)
09-21-2026,2024,2023,7,11,corn,taiwan,Beginning Stocks,653.0,1000 Metric Tons
09-21-2026,2024,2023,7,11,corn,taiwan,Production,100.0,1000 Metric Tons
09-21-2026,2024,2023,7,11,corn,taiwan,Imports,4193.0,1000 Metric Tons
09-21-2026,2024,2023,7,11,corn,taiwan,Trade Year Imports,4193.0,1000 Metric Tons
09-21-2026,2024,2023,7,11,corn,taiwan,Trade Year Imports From United States,711.0,1000 Metric Tons
09-21-2026,2024,2023,7,11,corn,taiwan,Total Supply,4946.0,1000 Metric Tons
09-21-2026,2024,2023,7,11,corn,taiwan,Exports,0.0,1000 Metric Tons
09-21-2026,2024,2023,7,11,corn,taiwan,Trade Year Exports,0.0,1000 Metric Tons
09-21-2026,2024,2023,7,11,corn,taiwan,Feed Domestic Consumption,4200.0,1000 Metric Tons
09-21-2026,2024,2023,7,11,corn,taiwan,Food Seed and Industrial Consumption,200.0,1000 Metric Tons
09-21-2026,2024,2023,7,11,corn,taiwan,Domestic Consumption,4400.0,1000 Metric Tons
09-21-2026,2024,2023,7,11,corn,taiwan,Ending Stocks,546.0,1000 Metric Tons
09-21-2026,2024,2023,7,11,corn,taiwan,Total Distribution,4946.0,1000 Metric Tons
09-21-2026,2025,2023,2,6,corn,european-union,Area Harvested,8850.0,1000 Hectares
09-21-2026,2025,2023,2,6,corn,european-union,Trade Year Imports From United States,174.0,1000 Metric Tons
09-21-2026,2025,2023,7,11,corn,colombia,Total Distribution,8241.0,1000 Metric Tons
09-21-2026,2025,2023,4,8,corn,south-korea,Total Distribution,13248.0,1000 Metric Tons
09-21-2026,2025,2023,4,8,corn,south-korea,Area Harvested,16.0,1000 Hectares
09-21-2026,2025,2023,4,8,corn,south-korea,Beginning Stocks,2056.0,1000 Metric Tons
09-21-2026,2025,2023,4,8,corn,south-korea,Production,93.0,1000 Metric Tons
09-21-2026,2025,2023,4,8,corn,south-korea,Imports,11099.0,1000 Metric Tons
09-21-2026,2025,2023,4,8,corn,south-korea,Trade Year Imports,11099.0,1000 Metric Tons
09-21-2026,2025,2023,4,8,corn,south-korea,Trade Year Imports From United States,826.0,1000 Metric Tons
09-21-2026,2025,2023,4,8,corn,south-korea,Total Supply,13248.0,1000 Metric Tons
09-21-2026,2025,2023,7,11,corn,colombia,Ending Stocks,340.0,1000 Metric Tons
09-21-2026,2025,2023,4,8,corn,south-korea,Trade Year Exports,0.0,1000 Metric Tons
09-21-2026,2025,2023,4,8,corn,south-korea,Feed Domestic Consumption,9000.0,1000 Metric Tons
09-21-2026,2025,2023,4,8,corn,south-korea,Food Seed and Industrial Consumption,2350.0,1000 Metric Tons
09-21-2026,2025,2023,4,8,corn,south-korea,Domestic Consumption,11350.0,1000 Metric Tons
09-21-2026,2025,2023,4,8,corn,south-korea,Ending Stocks,1898.0,1000 Metric Tons
09-21-2026,2025,2023,4,8,corn,south-korea,Exports,0.0,1000 Metric Tons
09-21-2026,2025,2023,4,8,corn,south-korea,Yield,5.8125,Yield (Metric Tons per Hectare)
09-21-2026,2025,2023,7,11,corn,colombia,Exports,1.0,1000 Metric Tons
09-21-2026,2025,2023,7,11,corn,colombia,Area Harvested,380.0,1000 Hectares
09-21-2026,2025,2023,7,11,corn,colombia,Domestic Consumption,7900.0,1000 Metric Tons
09-21-2026,2025,2023,7,11,corn,colombia,Food Seed and Industrial Consumption,1500.0,1000 Metric Tons
09-21-2026,2025,2023,7,11,corn,colombia,Feed Domestic Consumption,6400.0,1000 Metric Tons
09-21-2026,2025,2023,7,11,corn,colombia,Trade Year Exports,1.0,1000 Metric Tons
09-21-2026,2024,2023,9,4,wheat,south-korea,Total Distribution,6150.0,1000 Metric Tons
09-21-2026,2025,2023,7,11,corn,colombia,Total Supply,8241.0,1000 Metric Tons
09-21-2026,2025,2023,7,11,corn,colombia,Trade Year Imports,6343.0,1000 Metric Tons
09-21-2026,2025,2023,7,11,corn,colombia,Imports,6343.0,1000 Metric Tons
09-21-2026,2025,2023,7,11,corn,colombia,Production,1500.0,1000 Metric Tons
09-21-2026,2025,2023,7,11,corn,colombia,Beginning Stocks,398.0,1000 Metric Tons
09-21-2026,2025,2023,7,11,corn,colombia,Trade Year Imports From United States,2606.0,1000 Metric Tons
09-21-2026,2026,2022,4,11,wheat,thailand,Total Supply,3184.0,1000 Metric Tons
09-21-2026,2026,2022,4,11,wheat,thailand,Production,0.0,1000 Metric Tons
09-21-2026,2026,2022,4,11,wheat,thailand,Imports,2374.0,1000 Metric Tons
09-21-2026,2026,2022,4,11,wheat,thailand,Trade Year Imports,2374.0,1000 Metric Tons
09-21-2026,2026,2022,4,11,wheat,thailand,Trade Year Imports From United States,527.0,1000 Metric Tons
09-21-2026,2026,2022,4,11,wheat,thailand,Feed Domestic Consumption,1200.0,1000 Metric Tons
09-21-2026,2026,2022,4,11,wheat,thailand,Exports,324.0,1000 Metric Tons
09-21-2026,2026,2022,4,11,wheat,thailand,Trade Year Exports,324.0,1000 Metric Tons
09-21-2026,2026,2022,4,11,wheat,thailand,Food Seed and Industrial Consumption,1250.0,1000 Metric Tons
09-21-2026,2026,2022,4,11,wheat,thailand,Domestic Consumption,2450.0,1000 Metric Tons
09-21-2026,2026,2022,4,11,wheat,thailand,Ending Stocks,410.0,1000 Metric Tons
09-21-2026,2026,2022,4,11,wheat,thailand,Total Distribution,3184.0,1000 Metric Tons
09-21-2026,2026,2022,7,2,wheat,united-states,Food Seed and Industrial Consumption,28009.0,1000 Metric Tons
09-21-2026,2026,2022,4,11,wheat,thailand,Yield,0.0,Yield (Metric Tons per Hectare)
09-21-2026,2026,2022,7,2,wheat,united-states,Production,44804.0,1000 Metric Tons
09-21-2026,2026,2022,7,2,wheat,united-states,Trade Year Exports,21347.0,1000 Metric Tons
09-21-2026,2026,2022,7,2,wheat,united-states,Exports,21656.0,1000 Metric Tons
09-21-2026,2026,2022,7,2,wheat,united-states,Total Supply,70422.0,1000 Metric Tons
09-21-2026,2026,2022,7,2,wheat,united-states,Trade Year Imports From United States,0.0,1000 Metric Tons
09-21-2026,2026,2022,7,2,wheat,united-states,Trade Year Imports,2731.0,1000 Metric Tons
09-21-2026,2026,2022,7,2,wheat,united-states,Imports,2617.0,1000 Metric Tons
09-21-2026,2026,2022,7,2,wheat,united-states,Beginning Stocks,23001.0,1000 Metric Tons
09-21-2026,2026,2022,7,2,wheat,united-states,Feed Domestic Consumption,2402.0,1000 Metric Tons
09-21-2026,2026,2022,7,2,wheat,united-states,Area Harvested,15032.0,1000 Hectares
09-21-2026,2026,2022,7,2,wheat,united-states,Domestic Consumption,30411.0,1000 Metric Tons
09-21-2026,2026,2022,7,2,wheat,united-states,Ending Stocks,18355.0,1000 Metric Tons
09-21-2026,2026,2022,7,2,wheat,united-states,Total Distribution,70422.0,1000 Metric Tons
09-21-2026,2026,2022,4,11,wheat,thailand,Area Harvested,0.0,1000 Hectares
09-21-2026,2026,2022,7,2,wheat,united-states,Yield,2.9806,Yield (Metric Tons per Hectare)
09-21-2026,2026,2022,4,11,wheat,thailand,Beginning Stocks,810.0,1000 Metric Tons
09-21-2026,2026,2022,5,8,soybean-meal,guatemala,Feed Waste Domestic Consumption,550.0,1000 Metric Tons
09-21-2026,2026,2022,1,4,soybean-oil,european-union,Crush,15400.0,1000 Metric Tons
09-21-2026,2024,2022,9,4,wheat,philippines,Beginning Stocks,1330.0,1000 Metric Tons
09-21-2026,2025,2022,9,4,wheat,honduras,Exports,35.0,1000 Metric Tons
09-21-2026,2025,2022,9,4,wheat,honduras,Trade Year Exports,35.0,1000 Metric Tons
09-21-2026,2025,2022,9,4,wheat,honduras,Feed Domestic Consumption,20.0,1000 Metric Tons
09-21-2026,2025,2022,9,4,wheat,honduras,Food Seed and Industrial Consumption,315.0,1000 Metric Tons
09-21-2026,2025,2022,9,4,wheat,honduras,Domestic Consumption,335.0,1000 Metric Tons
09-21-2026,2025,2022,9,4,wheat,honduras,Ending Stocks,31.0,1000 Metric Tons
09-21-2026,2025,2022,9,4,wheat,honduras,Total Distribution,401.0,1000 Metric Tons
09-21-2026,2025,2022,9,4,wheat,honduras,Yield,0.0,Yield (Metric Tons per Hectare)
09-21-2026,2024,2022,9,4,wheat,philippines,Area Harvested,0.0,1000 Hectares
09-21-2026,2024,2022,9,4,wheat,philippines,Production,0.0,1000 Metric Tons
09-21-2026,2024,2022,9,4,wheat,philippines,Total Distribution,8216.0,1000 Metric Tons
09-21-2026,2024,2022,9,4,wheat,philippines,Imports,6886.0,1000 Metric Tons
09-21-2026,2024,2022,9,4,wheat,philippines,Trade Year Imports,6886.0,1000 Metric Tons
09-21-2026,2024,2022,9,4,wheat,philippines,Trade Year Imports From United States,2684.0,1000 Metric Tons
09-21-2026,2024,2022,9,4,wheat,philippines,Total Supply,8216.0,1000 Metric Tons
09-21-2026,2024,2022,9,4,wheat,philippines,Exports,41.0,1000 Metric Tons
09-21-2026,2024,2022,9,4,wheat,philippines,Trade Year Exports,41.0,1000 Metric Tons
09-21-2026,2024,2022,9,4,wheat,philippines,Feed Domestic Consumption,3500.0,1000 Metric Tons
09-21-2026,2024,2022,9,4,wheat,philippines,Food Seed and Industrial Consumption,3300.0,1000 Metric Tons
09-21-2026,2024,2022,9,4,wheat,philippines,Domestic Consumption,6800.0,1000 Metric Tons
09-21-2026,2025,2022,9,4,wheat,honduras,Total Supply,401.0,1000 Metric Tons
09-21-2026,2025,2022,9,4,wheat,honduras,Trade Year Imports From United States,329.0,1000 Metric Tons
09-21-2026,2025,2022,9,4,wheat,honduras,Trade Year Imports,385.0,1000 Metric Tons
09-21-2026,2025,2022,9,4,wheat,honduras,Imports,385.0,1000 Metric Tons
09-21-2026,2023,2022,9,4,wheat,taiwan,Yield,1.5,Yield (Metric Tons per Hectare)
09-21-2026,2025,2022,8,3,wheat,vietnam,Area Harvested,0.0,1000 Hectares
09-21-2026,2025,2022,8,3,wheat,vietnam,Beginning Stocks,717.0,1000 Metric Tons
09-21-2026,2025,2022,8,3,wheat,vietnam,Production,0.0,1000 Metric Tons
09-21-2026,2025,2022,8,3,wheat,vietnam,Imports,4517.0,1000 Metric Tons
09-21-2026,2025,2022,8,3,wheat,vietnam,Trade Year Imports,4517.0,1000 Metric Tons
09-21-2026,2025,2022,8,3,wheat,vietnam,Trade Year Imports From United States,161.0,1000 Metric Tons
09-21-2026,2025,2022,8,3,wheat,vietnam,Total Supply,5234.0,1000 Metric Tons
09-21-2026,2025,2022,8,3,wheat,vietnam,Exports,347.0,1000 Metric Tons
09-21-2026,2025,2022,8,3,wheat,vietnam,Trade Year Exports,347.0,1000 Metric Tons
09-21-2026,2025,2022,8,3,wheat,vietnam,Feed Domestic Consumption,2100.0,1000 Metric Tons
09-21-2026,2025,2022,8,3,wheat,vietnam,Food Seed and Industrial Consumption,2050.0,1000 Metric Tons
09-21-2026,2025,2022,8,3,wheat,vietnam,Domestic Consumption,4150.0,1000 Metric Tons
09-21-2026,2025,2022,8,3,wheat,vietnam,Ending Stocks,737.0,1000 Metric Tons
09-21-2026,2025,2022,8,3,wheat,vietnam,Total Distribution,5234.0,1000 Metric Tons
09-21-2026,2025,2022,8,3,wheat,vietnam,Yield,0.0,Yield (Metric Tons per Hectare)
09-21-2026,2025,2022,9,4,wheat,honduras,Area Harvested,0.0,1000 Hectares
09-21-2026,2025,2022,9,4,wheat,honduras,Beginning Stocks,16.0,1000 Metric Tons
09-21-2026,2025,2022,9,4,wheat,honduras,Production,0.0,1000 Metric Tons
09-21-2026,2024,2022,9,4,wheat,philippines,Ending Stocks,1375.0,1000 Metric Tons
09-21-2026,2024,2022,9,4,wheat,philippines,Yield,0.0,Yield (Metric Tons per Hectare)
09-21-2026,2025,2022,5,12,wheat,bangladesh,Area Harvested,315.0,1000 Hectares
09-21-2026,2025,2022,5,12,wheat,pakistan,Imports,2210.0,1000 Metric Tons
09-21-2026,2025,2022,4,11,wheat,china,Feed Domestic Consumption,35000.0,1000 Metric Tons
09-21-2026,2025,2022,4,11,wheat,china,Food Seed and Industrial Consumption,113000.0,1000 Metric Tons
09-21-2026,2025,2022,4,11,wheat,china,Domestic Consumption,148000.0,1000 Metric Tons
09-21-2026,2025,2022,4,11,wheat,china,Ending Stocks,136759.0,1000 Metric Tons
09-21-2026,2025,2022,4,11,wheat,china,Total Distribution,285634.0,1000 Metric Tons
09-21-2026,2025,2022,4,11,wheat,china,Yield,5.8107,Yield (Metric Tons per Hectare)
09-21-2026,2025,2022,5,12,wheat,pakistan,Area Harvested,9168.0,1000 Hectares
09-21-2026,2025,2022,5,12,wheat,pakistan,Beginning Stocks,3056.0,1000 Metric Tons
09-21-2026,2025,2022,5,12,wheat,pakistan,Production,27464.0,1000 Metric Tons
09-21-2026,2025,2022,5,12,wheat,pakistan,Trade Year Imports,2210.0,1000 Metric Tons
09-21-2026,2025,2022,9,4,wheat,nigeria,Area Harvested,80.0,1000 Hectares
09-21-2026,2025,2022,5,12,wheat,pakistan,Trade Year Imports From United States,0.0,1000 Metric Tons
09-21-2026,2025,2022,5,12,wheat,pakistan,Total Supply,32730.0,1000 Metric Tons
09-21-2026,2025,2022,5,12,wheat,pakistan,Exports,500.0,1000 Metric Tons
09-21-2026,2025,2022,5,12,wheat,pakistan,Trade Year Exports,500.0,1000 Metric Tons
09-21-2026,2025,2022,5,12,wheat,pakistan,Feed Domestic Consumption,1200.0,1000 Metric Tons
09-21-2026,2025,2022,5,12,wheat,pakistan,Food Seed and Industrial Consumption,26500.0,1000 Metric Tons
09-21-2026,2025,2022,5,12,wheat,pakistan,Domestic Consumption,27700.0,1000 Metric Tons
09-21-2026,2025,2022,5,12,wheat,pakistan,Ending Stocks,4530.0,1000 Metric Tons
09-21-2026,2025,2022,5,12,wheat,pakistan,Total Distribution,32730.0,1000 Metric Tons
09-21-2026,2025,2022,4,11,wheat,china,Trade Year Exports,875.0,1000 Metric Tons
09-21-2026,2025,2022,4,11,wheat,china,Exports,875.0,1000 Metric Tons
09-21-2026,2025,2022,4,11,wheat,china,Total Supply,285634.0,1000 Metric Tons
09-21-2026,2025,2022,4,11,wheat,china,Trade Year Imports From United States,1075.0,1000 Metric Tons
09-21-2026,2025,2022,9,4,wheat,nigeria,Beginning Stocks,791.0,1000 Metric Tons
09-21-2026,2025,2022,9,4,wheat,nigeria,Production,90.0,1000 Metric Tons
09-21-2026,2025,2022,9,4,wheat,nigeria,Imports,6226.0,1000 Metric Tons
09-21-2026,2025,2022,9,4,wheat,nigeria,Trade Year Imports,6226.0,1000 Metric Tons
09-21-2026,2025,2022,9,4,wheat,nigeria,Trade Year Imports From United States,1510.0,1000 Metric Tons
09-21-2026,2025,2022,9,4,wheat,nigeria,Total Supply,7107.0,1000 Metric Tons
09-21-2026,2025,2022,9,4,wheat,nigeria,Exports,600.0,1000 Metric Tons
09-21-2026,2025,2022,9,4,wheat,nigeria,Trade Year Exports,600.0,1000 Metric Tons
09-21-2026,2025,2022,9,4,wheat,nigeria,Feed Domestic Consumption,50.0,1000 Metric Tons
09-21-2026,2025,2022,9,4,wheat,nigeria,Food Seed and Industrial Consumption,5800.0,1000 Metric Tons
09-21-2026,2025,2022,9,4,wheat,nigeria,Domestic Consumption,5850.0,1000 Metric Tons
09-21-2026,2025,2022,9,4,wheat,nigeria,Ending Stocks,657.0,1000 Metric Tons
09-21-2026,2025,2022,9,4,wheat,nigeria,Total Distribution,7107.0,1000 Metric Tons
09-21-2026,2025,2022,9,4,wheat,nigeria,Yield,1.125,Yield (Metric Tons per Hectare)
09-21-2026,2025,2022,4,11,wheat,china,Area Harvested,23568.0,1000 Hectares
09-21-2026,2025,2022,4,11,wheat,china,Beginning Stocks,139120.0,1000 Metric Tons
09-21-2026,2025,2022,4,11,wheat,china,Production,136946.0,1000 Metric Tons
09-21-2026,2025,2022,4,11,wheat,china,Imports,9568.0,1000 Metric Tons
09-21-2026,2025,2022,4,11,wheat,china,Trade Year Imports,9568.0,1000 Metric Tons
09-21-2026,2023,2022,9,4,wheat,taiwan,Total Distribution,1596.0,1000 Metric Tons
09-21-2026,2023,2022,9,4,wheat,taiwan,Ending Stocks,199.0,1000 Metric Tons
09-21-2026,2023,2022,9,4,wheat,taiwan,Domestic Consumption,1325.0,1000 Metric Tons
09-21-2026,2026,2022,5,9,soybeans,canada,Production,6224.0,1000 Metric Tons
09-21-2026,2026,2022,5,9,soybeans,canada,Total Distribution,7061.0,1000 Metric Tons
09-21-2026,2026,2022,5,9,soybeans,canada,Ending Stocks,287.0,1000 Metric Tons
09-21-2026,2026,2022,5,9,soybeans,canada,Domestic Consumption,2485.0,1000 Metric Tons
09-21-2026,2026,2022,5,9,soybeans,canada,Feed Waste Domestic Consumption,640.0,1000 Metric Tons
09-21-2026,2026,2022,5,9,soybeans,canada,Food Use Domestic Consumption,0.0,1000 Metric Tons
09-21-2026,2026,2022,5,9,soybeans,canada,Crush,1845.0,1000 Metric Tons
09-21-2026,2026,2022,5,9,soybeans,canada,Exports,4289.0,1000 Metric Tons
09-21-2026,2026,2022,5,9,soybeans,canada,Total Supply,7061.0,1000 Metric Tons
09-21-2026,2026,2022,5,9,soybeans,canada,Imports,541.0,1000 Metric Tons
09-21-2026,2026,2022,5,9,soybeans,canada,Beginning Stocks,296.0,1000 Metric Tons
09-21-2026,2023,2022,9,4,wheat,taiwan,Food Seed and Industrial Consumption,1250.0,1000 Metric Tons
09-21-2026,2026,2022,5,9,soybeans,canada,Area Harvested,2080.0,1000 Hectares
09-21-2026,2026,2022,4,8,soybeans,vietnam,Yield,1.5758,Yield (Metric Tons per Hectare)
09-21-2026,2026,2022,4,8,soybeans,vietnam,Total Distribution,2334.0,1000 Metric Tons
09-21-2026,2026,2022,4,8,soybeans,vietnam,Ending Stocks,304.0,1000 Metric Tons
09-21-2026,2026,2022,4,8,soybeans,vietnam,Domestic Consumption,2030.0,1000 Metric Tons
09-21-2026,2026,2022,4,8,soybeans,vietnam,Feed Waste Domestic Consumption,180.0,1000 Metric Tons
09-21-2026,2026,2022,4,8,soybeans,vietnam,Food Use Domestic Consumption,500.0,1000 Metric Tons
09-21-2026,2026,2022,4,8,soybeans,vietnam,Crush,1350.0,1000 Metric Tons
09-21-2026,2026,2022,4,8,soybeans,vietnam,Exports,0.0,1000 Metric Tons
09-21-2026,2026,2022,5,9,soybeans,canada,Yield,2.9923,Yield (Metric Tons per Hectare)
09-21-2026,2026,2022,4,8,soybeans,philippines,Area Harvested,1.0,1000 Hectares
09-21-2026,2026,2022,4,8,soybeans,philippines,Beginning Stocks,28.0,1000 Metric Tons
09-21-2026,2026,2022,4,8,soybeans,philippines,Production,1.0,1000 Metric Tons
09-21-2026,2025,2022,12,4,soybeans,nigeria,Feed Waste Domestic Consumption,175.0,1000 Metric Tons
09-21-2026,2025,2022,12,4,soybeans,nigeria,Food Use Domestic Consumption,200.0,1000 Metric Tons
09-21-2026,2025,2022,12,4,soybeans,nigeria,Crush,800.0,1000 Metric Tons
09-21-2026,2025,2022,12,4,soybeans,nigeria,Exports,7.0,1000 Metric Tons
09-21-2026,2025,2022,12,4,soybeans,nigeria,Total Supply,1355.0,1000 Metric Tons
09-21-2026,2025,2022,12,4,soybeans,nigeria,Imports,0.0,1000 Metric Tons
09-21-2026,2025,2022,12,4,soybeans,nigeria,Production,1166.0,1000 Metric Tons
09-21-2026,2025,2022,12,4,soybeans,nigeria,Beginning Stocks,189.0,1000 Metric Tons
09-21-2026,2025,2022,12,4,soybeans,nigeria,Area Harvested,1106.0,1000 Hectares
09-21-2026,2026,2022,4,8,soybeans,philippines,Yield,1.0,Yield (Metric Tons per Hectare)
09-21-2026,2026,2022,4,8,soybeans,philippines,Total Distribution,207.0,1000 Metric Tons
09-21-2026,2026,2022,4,8,soybeans,philippines,Ending Stocks,32.0,1000 Metric Tons
09-21-2026,2026,2022,4,8,soybeans,philippines,Domestic Consumption,175.0,1000 Metric Tons
09-21-2026,2026,2022,4,8,soybeans,philippines,Feed Waste Domestic Consumption,50.0,1000 Metric Tons
09-21-2026,2026,2022,4,8,soybeans,philippines,Food Use Domestic Consumption,25.0,1000 Metric Tons
09-21-2026,2026,2022,4,8,soybeans,philippines,Crush,100.0,1000 Metric Tons
09-21-2026,2026,2022,4,8,soybeans,philippines,Exports,0.0,1000 Metric Tons
09-21-2026,2026,2022,4,8,soybeans,philippines,Total Supply,207.0,1000 Metric Tons
09-21-2026,2026,2022,4,8,soybeans,philippines,Imports,178.0,1000 Metric Tons
09-21-2026,2026,2022,4,8,soybeans,vietnam,Total Supply,2334.0,1000 Metric Tons
09-21-2026,2026,2022,4,8,soybeans,vietnam,Imports,1839.0,1000 Metric Tons
09-21-2026,2026,2022,4,8,soybeans,vietnam,Production,52.0,1000 Metric Tons
09-21-2026,2023,2022,11,6,wheat,south-korea,Trade Year Imports,5099.0,1000 Metric Tons
09-21-2026,2023,2022,11,6,wheat,south-korea,Total Supply,6665.0,1000 Metric Tons
09-21-2026,2023,2022,11,6,wheat,south-korea,Exports,442.0,1000 Metric Tons
09-21-2026,2023,2022,11,6,wheat,south-korea,Trade Year Exports,442.0,1000 Metric Tons
09-21-2026,2023,2022,11,6,wheat,south-korea,Feed Domestic Consumption,2192.0,1000 Metric Tons
09-21-2026,2023,2022,11,6,wheat,south-korea,Food Seed and Industrial Consumption,2449.0,1000 Metric Tons
09-21-2026,2023,2022,11,6,wheat,south-korea,Domestic Consumption,4641.0,1000 Metric Tons
09-21-2026,2023,2022,11,6,wheat,south-korea,Ending Stocks,1582.0,1000 Metric Tons
09-21-2026,2023,2022,11,6,wheat,south-korea,Total Distribution,6665.0,1000 Metric Tons
09-21-2026,2023,2022,11,6,wheat,south-korea,Yield,4.3333,Yield (Metric Tons per Hectare)
09-21-2026,2023,2022,9,4,wheat,taiwan,Area Harvested,2.0,1000 Hectares
09-21-2026,2023,2022,9,4,wheat,taiwan,Beginning Stocks,204.0,1000 Metric Tons
09-21-2026,2023,2022,9,4,wheat,taiwan,Production,3.0,1000 Metric Tons
09-21-2026,2023,2022,9,4,wheat,taiwan,Imports,1389.0,1000 Metric Tons
09-21-2026,2023,2022,9,4,wheat,taiwan,Trade Year Imports,1389.0,1000 Metric Tons
09-21-2026,2023,2022,9,4,wheat,taiwan,Trade Year Imports From United States,889.0,1000 Metric Tons
09-21-2026,2023,2022,9,4,wheat,taiwan,Total Supply,1596.0,1000 Metric Tons
09-21-2026,2023,2022,9,4,wheat,taiwan,Exports,72.0,1000 Metric Tons
09-21-2026,2023,2022,9,4,wheat,taiwan,Trade Year Exports,72.0,1000 Metric Tons
09-21-2026,2023,2022,9,4,wheat,taiwan,Feed Domestic Consumption,75.0,1000 Metric Tons
09-21-2026,2023,2022,11,6,wheat,south-korea,Trade Year Imports From United States,1151.0,1000 Metric Tons
09-21-2026,2023,2022,11,6,wheat,south-korea,Imports,5099.0,1000 Metric Tons
09-21-2026,2026,2022,4,8,soybeans,vietnam,Beginning Stocks,443.0,1000 Metric Tons
09-21-2026,2023,2022,11,6,wheat,south-korea,Production,26.0,1000 Metric Tons
09-21-2026,2026,2022,4,8,soybeans,vietnam,Area Harvested,33.0,1000 Hectares
09-21-2026,2025,2022,4,8,soybeans,guatemala,Yield,1.8,Yield (Metric Tons per Hectare)
09-21-2026,2023,2022,8,3,wheat,japan,Area Harvested,220.0,1000 Hectares
09-21-2026,2023,2022,8,3,wheat,japan,Beginning Stocks,1043.0,1000 Metric Tons
09-21-2026,2023,2022,8,3,wheat,japan,Production,1130.0,1000 Metric Tons
09-21-2026,2023,2022,8,3,wheat,japan,Imports,5605.0,1000 Metric Tons
09-21-2026,2023,2022,8,3,wheat,japan,Trade Year Imports,5605.0,1000 Metric Tons
09-21-2026,2023,2022,8,3,wheat,japan,Trade Year Imports From United States,2311.0,1000 Metric Tons
09-21-2026,2023,2022,8,3,wheat,japan,Total Supply,7778.0,1000 Metric Tons
09-21-2026,2023,2022,8,3,wheat,japan,Exports,302.0,1000 Metric Tons
09-21-2026,2023,2022,8,3,wheat,japan,Trade Year Exports,302.0,1000 Metric Tons
09-21-2026,2023,2022,8,3,wheat,japan,Feed Domestic Consumption,750.0,1000 Metric Tons
09-21-2026,2023,2022,8,3,wheat,japan,Food Seed and Industrial Consumption,5550.0,1000 Metric Tons
09-21-2026,2023,2022,8,3,wheat,japan,Domestic Consumption,6300.0,1000 Metric Tons
09-21-2026,2023,2022,8,3,wheat,japan,Ending Stocks,1176.0,1000 Metric Tons
09-21-2026,2023,2022,8,3,wheat,japan,Total Distribution,7778.0,1000 Metric Tons
09-21-2026,2023,2022,8,3,wheat,japan,Yield,5.1364,Yield (Metric Tons per Hectare)
09-21-2026,2023,2022,11,6,wheat,south-korea,Area Harvested,6.0,1000 Hectares
09-21-2026,2023,2022,11,6,wheat,south-korea,Beginning Stocks,1540.0,1000 Metric Tons
09-21-2026,2025,2022,5,12,wheat,pakistan,Yield,2.9956,Yield (Metric Tons per Hectare)
09-21-2026,2025,2022,5,12,wheat,bangladesh,Beginning Stocks,2138.0,1000 Metric Tons
09-21-2026,2025,2022,12,4,soybeans,nigeria,Ending Stocks,173.0,1000 Metric Tons
09-21-2026,2026,2022,4,7,soybean-meal,bangladesh,Feed Waste Domestic Consumption,2600.0,1000 Metric Tons
09-21-2026,2026,2022,4,7,soybean-meal,bangladesh,Crush,2425.0,1000 Metric Tons
09-21-2026,2026,2022,4,7,soybean-meal,bangladesh,Extraction Rate,0.7893,Percentage (%)
09-21-2026,2026,2022,4,7,soybean-meal,bangladesh,Beginning Stocks,671.0,1000 Metric Tons
09-21-2026,2026,2022,4,7,soybean-meal,bangladesh,Production,1914.0,1000 Metric Tons
09-21-2026,2026,2022,4,7,soybean-meal,bangladesh,Imports,853.0,1000 Metric Tons
09-21-2026,2026,2022,4,7,soybean-meal,bangladesh,Total Supply,3438.0,1000 Metric Tons
09-21-2026,2026,2022,4,7,soybean-meal,bangladesh,Exports,116.0,1000 Metric Tons
09-21-2026,2026,2022,4,7,soybean-meal,bangladesh,Industrial Domestic Consumption,0.0,1000 Metric Tons
09-21-2026,2026,2022,4,7,soybean-meal,bangladesh,Food Use Domestic Consumption,4.0,1000 Metric Tons
09-21-2026,2026,2022,4,7,soybean-meal,bangladesh,Domestic Consumption,2604.0,1000 Metric Tons
09-21-2026,2026,2022,5,8,soybean-meal,colombia,Industrial Domestic Consumption,0.0,1000 Metric Tons
09-21-2026,2026,2022,4,7,soybean-meal,bangladesh,Ending Stocks,718.0,1000 Metric Tons
09-21-2026,2026,2022,4,7,soybean-meal,bangladesh,Total Distribution,3438.0,1000 Metric Tons
09-21-2026,2026,2022,4,7,soybean-meal,bangladesh,Soybean Meal Equivalent,2600.0,1000 Metric Tons
09-21-2026,2026,2022,5,8,soybean-meal,colombia,Crush,500.0,1000 Metric Tons
09-21-2026,2026,2022,5,8,soybean-meal,colombia,Extraction Rate,0.786,Percentage (%)
09-21-2026,2026,2022,5,8,soybean-meal,colombia,Beginning Stocks,183.0,1000 Metric Tons
09-21-2026,2026,2022,5,8,soybean-meal,colombia,Production,393.0,1000 Metric Tons
09-21-2026,2026,2022,5,8,soybean-meal,colombia,Imports,1831.0,1000 Metric Tons
09-21-2026,2026,2022,5,8,soybean-meal,colombia,Total Supply,2407.0,1000 Metric Tons
09-21-2026,2023,2022,11,2,soybean-meal,thailand,Ending Stocks,216.0,1000 Metric Tons
09-21-2026,2026,2022,4,8,soybeans,united-states,Area Harvested,34921.0,1000 Hectares
09-21-2026,2026,2022,4,8,soybeans,united-states,Beginning Stocks,6994.0,1000 Metric Tons
09-21-2026,2026,2022,4,8,soybeans,united-states,Production,121504.0,1000 Metric Tons
09-21-2026,2026,2022,4,8,soybeans,mexico,Feed Waste Domestic Consumption,60.0,1000 Metric Tons
09-21-2026,2026,2022,4,8,soybeans,mexico,Food Use Domestic Consumption,0.0,1000 Metric Tons
09-21-2026,2026,2022,4,8,soybeans,mexico,Crush,6350.0,1000 Metric Tons
09-21-2026,2026,2022,4,8,soybeans,mexico,Exports,6.0,1000 Metric Tons
09-21-2026,2026,2022,4,8,soybeans,mexico,Total Supply,7058.0,1000 Metric Tons
09-21-2026,2026,2022,4,8,soybeans,mexico,Imports,6397.0,1000 Metric Tons
09-21-2026,2026,2022,4,8,soybeans,mexico,Production,288.0,1000 Metric Tons
09-21-2026,2026,2022,4,8,soybeans,mexico,Beginning Stocks,373.0,1000 Metric Tons
09-21-2026,2026,2022,4,8,soybeans,mexico,Area Harvested,184.0,1000 Hectares
09-21-2026,2026,2022,4,8,soybeans,united-states,Yield,3.4794,Yield (Metric Tons per Hectare)
09-21-2026,2026,2022,4,8,soybeans,united-states,Total Distribution,128931.0,1000 Metric Tons
09-21-2026,2026,2022,4,8,soybeans,united-states,Ending Stocks,7468.0,1000 Metric Tons
09-21-2026,2026,2022,4,8,soybeans,united-states,Domestic Consumption,62893.0,1000 Metric Tons
09-21-2026,2026,2022,4,8,soybeans,united-states,Feed Waste Domestic Consumption,2913.0,1000 Metric Tons
09-21-2026,2026,2022,4,8,soybeans,united-states,Food Use Domestic Consumption,0.0,1000 Metric Tons
09-21-2026,2026,2022,4,8,soybeans,united-states,Crush,59980.0,1000 Metric Tons
09-21-2026,2026,2022,4,8,soybeans,united-states,Exports,58570.0,1000 Metric Tons
09-21-2026,2026,2022,4,8,soybeans,united-states,Total Supply,128931.0,1000 Metric Tons
09-21-2026,2026,2022,4,8,soybeans,united-states,Imports,433.0,1000 Metric Tons
09-21-2026,2026,2022,5,8,soybean-meal,colombia,Exports,3.0,1000 Metric Tons
09-21-2026,2026,2022,5,8,soybean-meal,colombia,Food Use Domestic Consumption,0.0,1000 Metric Tons
09-21-2026,2025,2022,5,12,wheat,bangladesh,Production,1085.0,1000 Metric Tons
09-21-2026,2026,2022,5,8,soybean-meal,guatemala,Crush,17.0,1000 Metric Tons
09-21-2026,2026,2022,4,7,soybean-meal,european-union,Total Supply,29101.0,1000 Metric Tons
09-21-2026,2026,2022,4,7,soybean-meal,european-union,Exports,764.0,1000 Metric Tons
09-21-2026,2026,2022,4,7,soybean-meal,european-union,Industrial Domestic Consumption,10.0,1000 Metric Tons
09-21-2026,2026,2022,4,7,soybean-meal,european-union,Food Use Domestic Consumption,32.0,1000 Metric Tons
09-21-2026,2026,2022,4,7,soybean-meal,european-union,Feed Waste Domestic Consumption,27700.0,1000 Metric Tons
09-21-2026,2026,2022,4,7,soybean-meal,european-union,Domestic Consumption,27742.0,1000 Metric Tons
09-21-2026,2026,2022,4,7,soybean-meal,european-union,Ending Stocks,595.0,1000 Metric Tons
09-21-2026,2026,2022,4,7,soybean-meal,european-union,Total Distribution,29101.0,1000 Metric Tons
09-21-2026,2026,2022,4,7,soybean-meal,european-union,Soybean Meal Equivalent,27700.0,1000 Metric Tons
09-21-2026,2026,2022,5,8,soybean-meal,guatemala,Extraction Rate,0.7647,Percentage (%)
09-21-2026,2026,2022,5,8,soybean-meal,colombia,Feed Waste Domestic Consumption,2025.0,1000 Metric Tons
09-21-2026,2026,2022,5,8,soybean-meal,guatemala,Beginning Stocks,35.0,1000 Metric Tons
09-21-2026,2026,2022,5,8,soybean-meal,guatemala,Production,13.0,1000 Metric Tons
09-21-2026,2026,2022,5,8,soybean-meal,guatemala,Imports,532.0,1000 Metric Tons
09-21-2026,2026,2022,5,8,soybean-meal,guatemala,Total Supply,580.0,1000 Metric Tons
09-21-2026,2026,2022,5,8,soybean-meal,guatemala,Exports,4.0,1000 Metric Tons
09-21-2026,2026,2022,5,8,soybean-meal,guatemala,Industrial Domestic Consumption,0.0,1000 Metric Tons
09-21-2026,2026,2022,5,8,soybean-meal,guatemala,Food Use Domestic Consumption,0.0,1000 Metric Tons
09-21-2026,2026,2022,5,8,soybean-meal,guatemala,Domestic Consumption,550.0,1000 Metric Tons
09-21-2026,2026,2022,5,8,soybean-meal,guatemala,Ending Stocks,26.0,1000 Metric Tons
09-21-2026,2026,2022,4,7,soybean-meal,european-union,Imports,16473.0,1000 Metric Tons
09-21-2026,2026,2022,4,7,soybean-meal,european-union,Production,12166.0,1000 Metric Tons
09-21-2026,2026,2022,4,7,soybean-meal,european-union,Beginning Stocks,462.0,1000 Metric Tons
09-21-2026,2026,2022,4,7,soybean-meal,european-union,Extraction Rate,0.79,Percentage (%)
09-21-2026,2026,2022,5,8,soybean-meal,colombia,Domestic Consumption,2025.0,1000 Metric Tons
09-21-2026,2026,2022,5,8,soybean-meal,colombia,Ending Stocks,379.0,1000 Metric Tons
09-21-2026,2026,2022,5,8,soybean-meal,colombia,Total Distribution,2407.0,1000 Metric Tons
09-21-2026,2026,2022,5,8,soybean-meal,colombia,Soybean Meal Equivalent,2025.0,1000 Metric Tons
09-21-2026,2026,2022,4,7,soybean-meal,egypt,Crush,4500.0,1000 Metric Tons
09-21-2026,2026,2022,4,7,soybean-meal,egypt,Extraction Rate,0.79,Percentage (%)
09-21-2026,2026,2022,4,7,soybean-meal,egypt,Beginning Stocks,279.0,1000 Metric Tons
09-21-2026,2026,2022,4,7,soybean-meal,egypt,Production,3555.0,1000 Metric Tons
09-21-2026,2026,2022,4,7,soybean-meal,egypt,Imports,161.0,1000 Metric Tons
09-21-2026,2026,2022,4,7,soybean-meal,egypt,Total Supply,3995.0,1000 Metric Tons
09-21-2026,2026,2022,4,7,soybean-meal,egypt,Exports,46.0,1000 Metric Tons
09-21-2026,2026,2022,4,7,soybean-meal,egypt,Industrial Domestic Consumption,0.0,1000 Metric Tons
09-21-2026,2026,2022,4,7,soybean-meal,egypt,Food Use Domestic Consumption,0.0,1000 Metric Tons
09-21-2026,2026,2022,4,7,soybean-meal,egypt,Feed Waste Domestic Consumption,3700.0,1000 Metric Tons
09-21-2026,2026,2022,4,7,soybean-meal,egypt,Domestic Consumption,3700.0,1000 Metric Tons
09-21-2026,2026,2022,4,7,soybean-meal,egypt,Ending Stocks,249.0,1000 Metric Tons
09-21-2026,2026,2022,4,7,soybean-meal,egypt,Total Distribution,3995.0,1000 Metric Tons
09-21-2026,2026,2022,4,7,soybean-meal,egypt,Soybean Meal Equivalent,3700.0,1000 Metric Tons
09-21-2026,2026,2022,4,7,soybean-meal,european-union,Crush,15400.0,1000 Metric Tons
09-21-2026,2026,2022,4,8,soybeans,mexico,Domestic Consumption,6410.0,1000 Metric Tons
09-21-2026,2026,2022,4,8,soybeans,mexico,Ending Stocks,642.0,1000 Metric Tons
09-21-2026,2026,2022,4,8,soybeans,mexico,Total Distribution,7058.0,1000 Metric Tons
09-21-2026,2026,2022,4,8,soybeans,taiwan,Total Supply,2805.0,1000 Metric Tons
09-21-2026,2025,2022,4,8,soybeans,guatemala,Area Harvested,10.0,1000 Hectares
09-21-2026,2026,2022,4,8,soybeans,taiwan,Yield,1.3333,Yield (Metric Tons per Hectare)
09-21-2026,2026,2022,4,8,soybeans,taiwan,Total Distribution,2805.0,1000 Metric Tons
09-21-2026,2026,2022,4,8,soybeans,taiwan,Ending Stocks,130.0,1000 Metric Tons
09-21-2026,2026,2022,4,8,soybeans,taiwan,Domestic Consumption,2675.0,1000 Metric Tons
09-21-2026,2026,2022,4,8,soybeans,taiwan,Feed Waste Domestic Consumption,300.0,1000 Metric Tons
09-21-2026,2026,2022,4,8,soybeans,taiwan,Food Use Domestic Consumption,300.0,1000 Metric Tons
09-21-2026,2026,2022,4,8,soybeans,taiwan,Crush,2075.0,1000 Metric Tons
09-21-2026,2026,2022,4,8,soybeans,taiwan,Exports,0.0,1000 Metric Tons
09-21-2026,2026,2022,4,8,soybeans,taiwan,Imports,2622.0,1000 Metric Tons
09-21-2026,2026,2022,4,8,soybeans,mexico,Yield,1.5652,Yield (Metric Tons per Hectare)
09-21-2026,2026,2022,4,8,soybeans,taiwan,Production,4.0,1000 Metric Tons
09-21-2026,2026,2022,4,8,soybeans,taiwan,Beginning Stocks,179.0,1000 Metric Tons
09-21-2026,2026,2022,4,8,soybeans,taiwan,Area Harvested,3.0,1000 Hectares
09-21-2026,2026,2022,4,8,soybeans,european-union,Yield,2.8189,Yield (Metric Tons per Hectare)
09-21-2026,2026,2022,4,8,soybeans,european-union,Total Distribution,18833.0,1000 Metric Tons
09-21-2026,2026,2022,4,8,soybeans,european-union,Ending Stocks,1572.0,1000 Metric Tons
09-21-2026,2026,2022,4,8,soybeans,european-union,Domestic Consumption,16970.0,1000 Metric Tons
09-21-2026,2026,2022,4,8,soybeans,european-union,Feed Waste Domestic Consumption,1350.0,1000 Metric Tons
09-21-2026,2026,2022,4,8,soybeans,european-union,Food Use Domestic Consumption,220.0,1000 Metric Tons
09-21-2026,2025,2022,4,8,soybeans,guatemala,Beginning Stocks,0.0,1000 Metric Tons
09-21-2026,2025,2022,4,8,soybeans,guatemala,Production,18.0,1000 Metric Tons
09-21-2026,2025,2022,4,8,soybeans,guatemala,Imports,0.0,1000 Metric Tons
09-21-2026,2025,2022,4,8,soybeans,guatemala,Total Supply,18.0,1000 Metric Tons
09-21-2026,2025,2022,5,12,wheat,bangladesh,Imports,6340.0,1000 Metric Tons
09-21-2026,2025,2022,5,12,wheat,bangladesh,Trade Year Imports,6340.0,1000 Metric Tons
09-21-2026,2025,2022,5,12,wheat,bangladesh,Trade Year Imports From United States,1.0,1000 Metric Tons
09-21-2026,2025,2022,5,12,wheat,bangladesh,Total Supply,9563.0,1000 Metric Tons
09-21-2026,2025,2022,5,12,wheat,bangladesh,Exports,0.0,1000 Metric Tons
09-21-2026,2025,2022,5,12,wheat,bangladesh,Trade Year Exports,0.0,1000 Metric Tons
09-21-2026,2025,2022,5,12,wheat,bangladesh,Feed Domestic Consumption,550.0,1000 Metric Tons
09-21-2026,2025,2022,5,12,wheat,bangladesh,Food Seed and Industrial Consumption,7700.0,1000 Metric Tons
09-21-2026,2025,2022,5,12,wheat,bangladesh,Domestic Consumption,8250.0,1000 Metric Tons
09-21-2026,2025,2022,5,12,wheat,bangladesh,Ending Stocks,1313.0,1000 Metric Tons
09-21-2026,2025,2022,5,12,wheat,bangladesh,Total Distribution,9563.0,1000 Metric Tons
09-21-2026,2025,2022,5,12,wheat,bangladesh,Yield,3.4444,Yield (Metric Tons per Hectare)
09-21-2026,2025,2022,4,8,soybeans,guatemala,Total Distribution,18.0,1000 Metric Tons
09-21-2026,2025,2022,4,8,soybeans,guatemala,Ending Stocks,0.0,1000 Metric Tons
09-21-2026,2025,2022,4,8,soybeans,guatemala,Domestic Consumption,18.0,1000 Metric Tons
09-21-2026,2025,2022,4,8,soybeans,guatemala,Feed Waste Domestic Consumption,1.0,1000 Metric Tons
09-21-2026,2025,2022,4,8,soybeans,guatemala,Food Use Domestic Consumption,0.0,1000 Metric Tons
09-21-2026,2025,2022,4,8,soybeans,guatemala,Crush,17.0,1000 Metric Tons
09-21-2026,2025,2022,4,8,soybeans,guatemala,Exports,0.0,1000 Metric Tons
09-21-2026,2026,2022,4,8,soybeans,european-union,Crush,15400.0,1000 Metric Tons
09-21-2026,2026,2022,4,8,soybeans,european-union,Exports,291.0,1000 Metric Tons
09-21-2026,2026,2022,4,8,soybeans,european-union,Total Supply,18833.0,1000 Metric Tons
09-21-2026,2024,2022,10,2,soybeans,south-korea,Food Use Domestic Consumption,335.0,1000 Metric Tons
09-21-2026,2024,2022,10,2,soybeans,south-korea,Exports,0.0,1000 Metric Tons
09-21-2026,2024,2022,10,2,soybeans,south-korea,Total Supply,1494.0,1000 Metric Tons
09-21-2026,2024,2022,10,2,soybeans,south-korea,Imports,1268.0,1000 Metric Tons
09-21-2026,2024,2022,10,2,soybeans,south-korea,Production,111.0,1000 Metric Tons
09-21-2026,2024,2022,10,2,soybeans,south-korea,Beginning Stocks,115.0,1000 Metric Tons
09-21-2026,2024,2022,10,2,soybeans,south-korea,Area Harvested,54.0,1000 Hectares
09-21-2026,2023,2022,4,8,soybeans,japan,Yield,1.6301,Yield (Metric Tons per Hectare)
09-21-2026,2023,2022,4,8,soybeans,japan,Total Distribution,3859.0,1000 Metric Tons
09-21-2026,2023,2022,4,8,soybeans,japan,Ending Stocks,243.0,1000 Metric Tons
09-21-2026,2023,2022,4,8,soybeans,japan,Domestic Consumption,3616.0,1000 Metric Tons
09-21-2026,2023,2022,4,8,soybeans,japan,Feed Waste Domestic Consumption,96.0,1000 Metric Tons
09-21-2026,2023,2022,4,8,soybeans,japan,Food Use Domestic Consumption,880.0,1000 Metric Tons
09-21-2026,2023,2022,4,8,soybeans,japan,Crush,2640.0,1000 Metric Tons
09-21-2026,2023,2022,4,8,soybeans,japan,Exports,0.0,1000 Metric Tons
09-21-2026,2023,2022,4,8,soybeans,japan,Total Supply,3859.0,1000 Metric Tons
09-21-2026,2023,2022,4,8,soybeans,japan,Imports,3455.0,1000 Metric Tons
09-21-2026,2023,2022,4,8,soybeans,japan,Production,238.0,1000 Metric Tons
09-21-2026,2023,2022,4,8,soybeans,japan,Beginning Stocks,166.0,1000 Metric Tons
09-21-2026,2023,2022,4,8,soybeans,japan,Area Harvested,146.0,1000 Hectares
09-21-2026,2024,2022,10,2,soybeans,south-korea,Crush,1029.0,1000 Metric Tons
09-21-2026,2024,2022,10,2,soybeans,south-korea,Feed Waste Domestic Consumption,55.0,1000 Metric Tons
09-21-2026,2026,2022,4,8,soybeans,european-union,Imports,14545.0,1000 Metric Tons
09-21-2026,2024,2022,10,2,soybeans,south-korea,Domestic Consumption,1419.0,1000 Metric Tons
09-21-2026,2026,2022,4,8,soybeans,european-union,Production,2833.0,1000 Metric Tons
09-21-2026,2026,2022,4,8,soybeans,european-union,Beginning Stocks,1455.0,1000 Metric Tons
09-21-2026,2026,2022,4,8,soybeans,european-union,Area Harvested,1005.0,1000 Hectares
09-21-2026,2024,2022,12,4,soybeans,colombia,Yield,2.5417,Yield (Metric Tons per Hectare)
09-21-2026,2024,2022,12,4,soybeans,colombia,Total Distribution,733.0,1000 Metric Tons
09-21-2026,2024,2022,12,4,soybeans,colombia,Ending Stocks,133.0,1000 Metric Tons
09-21-2026,2024,2022,12,4,soybeans,colombia,Domestic Consumption,600.0,1000 Metric Tons
09-21-2026,2024,2022,12,4,soybeans,colombia,Feed Waste Domestic Consumption,100.0,1000 Metric Tons
09-21-2026,2024,2022,12,4,soybeans,colombia,Food Use Domestic Consumption,0.0,1000 Metric Tons
09-21-2026,2024,2022,12,4,soybeans,colombia,Crush,500.0,1000 Metric Tons
09-21-2026,2024,2022,12,4,soybeans,colombia,Exports,0.0,1000 Metric Tons
09-21-2026,2024,2022,12,4,soybeans,colombia,Total Supply,733.0,1000 Metric Tons
09-21-2026,2024,2022,12,4,soybeans,colombia,Imports,526.0,1000 Metric Tons
09-21-2026,2024,2022,12,4,soybeans,colombia,Production,122.0,1000 Metric Tons
09-21-2026,2024,2022,12,4,soybeans,colombia,Beginning Stocks,85.0,1000 Metric Tons
09-21-2026,2024,2022,12,4,soybeans,colombia,Area Harvested,48.0,1000 Hectares
09-21-2026,2024,2022,10,2,soybeans,south-korea,Yield,2.0556,Yield (Metric Tons per Hectare)
09-21-2026,2024,2022,10,2,soybeans,south-korea,Total Distribution,1494.0,1000 Metric Tons
09-21-2026,2024,2022,10,2,soybeans,south-korea,Ending Stocks,75.0,1000 Metric Tons
09-21-2026,2025,2022,12,4,soybeans,nigeria,Domestic Consumption,1175.0,1000 Metric Tons
09-21-2026,2025,2022,12,4,soybeans,nigeria,Total Distribution,1355.0,1000 Metric Tons
09-21-2026,2026,2022,5,8,soybean-meal,guatemala,Soybean Meal Equivalent,550.0,1000 Metric Tons
09-21-2026,2023,2022,4,7,soybean-oil,japan,Extraction Rate,0.1966,Percentage (%)
09-21-2026,2023,2022,11,2,soybean-meal,japan,Industrial Domestic Consumption,210.0,1000 Metric Tons
09-21-2026,2023,2022,11,2,soybean-meal,japan,Exports,1.0,1000 Metric Tons
09-21-2026,2023,2022,11,2,soybean-meal,japan,Total Supply,3703.0,1000 Metric Tons
09-21-2026,2023,2022,11,2,soybean-meal,japan,Imports,1699.0,1000 Metric Tons
09-21-2026,2023,2022,11,2,soybean-meal,japan,Production,1946.0,1000 Metric Tons
09-21-2026,2023,2022,11,2,soybean-meal,japan,Beginning Stocks,58.0,1000 Metric Tons
09-21-2026,2023,2022,11,2,soybean-meal,japan,Extraction Rate,0.7371,Percentage (%)
09-21-2026,2023,2022,11,2,soybean-meal,japan,Crush,2640.0,1000 Metric Tons
09-21-2026,2023,2022,4,7,soybean-oil,japan,Crush,2640.0,1000 Metric Tons
09-21-2026,2023,2022,4,7,soybean-oil,japan,Beginning Stocks,23.0,1000 Metric Tons
09-21-2026,2024,2022,10,1,soybean-oil,south-korea,Crush,1029.0,1000 Metric Tons
09-21-2026,2023,2022,4,7,soybean-oil,japan,Production,519.0,1000 Metric Tons
09-21-2026,2023,2022,4,7,soybean-oil,japan,Imports,10.0,1000 Metric Tons
09-21-2026,2023,2022,4,7,soybean-oil,japan,Total Supply,552.0,1000 Metric Tons
09-21-2026,2023,2022,4,7,soybean-oil,japan,Exports,1.0,1000 Metric Tons
09-21-2026,2023,2022,4,7,soybean-oil,japan,Industrial Domestic Consumption,35.0,1000 Metric Tons
09-21-2026,2023,2022,4,7,soybean-oil,japan,Food Use Domestic Consumption,498.0,1000 Metric Tons
09-21-2026,2023,2022,4,7,soybean-oil,japan,Feed Waste Domestic Consumption,0.0,1000 Metric Tons
09-21-2026,2023,2022,4,7,soybean-oil,japan,Domestic Consumption,533.0,1000 Metric Tons
09-21-2026,2023,2022,4,7,soybean-oil,japan,Ending Stocks,18.0,1000 Metric Tons
09-21-2026,2023,2022,11,2,soybean-meal,japan,Food Use Domestic Consumption,200.0,1000 Metric Tons
09-21-2026,2023,2022,11,2,soybean-meal,japan,Feed Waste Domestic Consumption,3200.0,1000 Metric Tons
09-21-2026,2023,2022,11,2,soybean-meal,japan,Domestic Consumption,3610.0,1000 Metric Tons
09-21-2026,2023,2022,11,2,soybean-meal,japan,Ending Stocks,92.0,1000 Metric Tons
09-21-2026,2025,2022,4,7,soybean-meal,vietnam,Beginning Stocks,195.0,1000 Metric Tons
09-21-2026,2025,2022,4,7,soybean-meal,vietnam,Extraction Rate,0.78,Percentage (%)
09-21-2026,2025,2022,4,7,soybean-meal,vietnam,Crush,1350.0,1000 Metric Tons
09-21-2026,2024,2022,10,1,soybean-meal,south-korea,Soybean Meal Equivalent,2375.0,1000 Metric Tons
09-21-2026,2024,2022,10,1,soybean-meal,south-korea,Total Distribution,2771.0,1000 Metric Tons
09-21-2026,2024,2022,10,1,soybean-meal,south-korea,Ending Stocks,320.0,1000 Metric Tons
09-21-2026,2024,2022,10,1,soybean-meal,south-korea,Domestic Consumption,2400.0,1000 Metric Tons
09-21-2026,2024,2022,10,1,soybean-meal,south-korea,Feed Waste Domestic Consumption,2375.0,1000 Metric Tons
09-21-2026,2024,2022,10,1,soybean-meal,south-korea,Food Use Domestic Consumption,25.0,1000 Metric Tons
09-21-2026,2024,2022,10,1,soybean-meal,south-korea,Industrial Domestic Consumption,0.0,1000 Metric Tons
09-21-2026,2024,2022,10,1,soybean-meal,south-korea,Exports,51.0,1000 Metric Tons
09-21-2026,2024,2022,10,1,soybean-meal,south-korea,Total Supply,2771.0,1000 Metric Tons
09-21-2026,2024,2022,10,1,soybean-meal,south-korea,Imports,1726.0,1000 Metric Tons
09-21-2026,2024,2022,10,1,soybean-meal,south-korea,Production,739.0,1000 Metric Tons
09-21-2026,2024,2022,10,1,soybean-meal,south-korea,Beginning Stocks,306.0,1000 Metric Tons
09-21-2026,2024,2022,10,1,soybean-meal,south-korea,Extraction Rate,0.7182,Percentage (%)
09-21-2026,2024,2022,10,1,soybean-meal,south-korea,Crush,1029.0,1000 Metric Tons
09-21-2026,2023,2022,11,2,soybean-meal,japan,Soybean Meal Equivalent,3200.0,1000 Metric Tons
09-21-2026,2023,2022,11,2,soybean-meal,japan,Total Distribution,3703.0,1000 Metric Tons
09-21-2026,2023,2022,4,7,soybean-oil,japan,Total Distribution,552.0,1000 Metric Tons
09-21-2026,2024,2022,10,1,soybean-oil,south-korea,Extraction Rate,0.1963,Percentage (%)
09-21-2026,2023,2022,9,12,soybean-oil,taiwan,Feed Waste Domestic Consumption,0.0,1000 Metric Tons
09-21-2026,2026,2022,1,4,soybean-oil,european-union,Domestic Consumption,2305.0,1000 Metric Tons
09-21-2026,2026,2022,1,4,soybean-oil,european-union,Extraction Rate,0.19,Percentage (%)
09-21-2026,2026,2022,1,4,soybean-oil,european-union,Beginning Stocks,443.0,1000 Metric Tons
09-21-2026,2026,2022,1,4,soybean-oil,european-union,Production,2926.0,1000 Metric Tons
09-21-2026,2026,2022,1,4,soybean-oil,european-union,Imports,458.0,1000 Metric Tons
09-21-2026,2026,2022,1,4,soybean-oil,european-union,Total Supply,3827.0,1000 Metric Tons
09-21-2026,2026,2022,1,4,soybean-oil,european-union,Exports,959.0,1000 Metric Tons
09-21-2026,2026,2022,1,4,soybean-oil,european-union,Industrial Domestic Consumption,1100.0,1000 Metric Tons
09-21-2026,2026,2022,1,4,soybean-oil,european-union,Food Use Domestic Consumption,1150.0,1000 Metric Tons
09-21-2026,2026,2022,1,4,soybean-oil,european-union,Feed Waste Domestic Consumption,55.0,1000 Metric Tons
09-21-2026,2026,2022,1,4,soybean-oil,european-union,Ending Stocks,563.0,1000 Metric Tons
09-21-2026,2024,2022,10,1,soybean-oil,south-korea,Beginning Stocks,95.0,1000 Metric Tons
09-21-2026,2026,2022,1,4,soybean-oil,european-union,Total Distribution,3827.0,1000 Metric Tons
09-21-2026,2023,2022,9,12,soybean-oil,taiwan,Crush,2075.0,1000 Metric Tons
09-21-2026,2023,2022,9,12,soybean-oil,taiwan,Extraction Rate,0.1783,Percentage (%)
09-21-2026,2023,2022,9,12,soybean-oil,taiwan,Beginning Stocks,14.0,1000 Metric Tons
09-21-2026,2023,2022,9,12,soybean-oil,taiwan,Production,370.0,1000 Metric Tons
09-21-2026,2023,2022,9,12,soybean-oil,taiwan,Imports,0.0,1000 Metric Tons
09-21-2026,2023,2022,9,12,soybean-oil,taiwan,Total Supply,384.0,1000 Metric Tons
09-21-2026,2023,2022,9,12,soybean-oil,taiwan,Exports,29.0,1000 Metric Tons
09-21-2026,2023,2022,9,12,soybean-oil,taiwan,Industrial Domestic Consumption,15.0,1000 Metric Tons
09-21-2026,2023,2022,4,7,soybean-oil,colombia,Total Distribution,470.0,1000 Metric Tons
09-21-2026,2023,2022,4,7,soybean-oil,colombia,Ending Stocks,58.0,1000 Metric Tons
09-21-2026,2023,2022,4,7,soybean-oil,colombia,Domestic Consumption,350.0,1000 Metric Tons
09-21-2026,2023,2022,4,7,soybean-oil,colombia,Feed Waste Domestic Consumption,0.0,1000 Metric Tons
09-21-2026,2024,2022,10,1,soybean-oil,south-korea,Production,202.0,1000 Metric Tons
09-21-2026,2024,2022,10,1,soybean-oil,south-korea,Imports,392.0,1000 Metric Tons
09-21-2026,2024,2022,10,1,soybean-oil,south-korea,Total Supply,689.0,1000 Metric Tons
09-21-2026,2024,2022,10,1,soybean-oil,south-korea,Exports,3.0,1000 Metric Tons
09-21-2026,2024,2022,10,1,soybean-oil,south-korea,Industrial Domestic Consumption,30.0,1000 Metric Tons
09-21-2026,2024,2022,10,1,soybean-oil,south-korea,Food Use Domestic Consumption,570.0,1000 Metric Tons
09-21-2026,2024,2022,10,1,soybean-oil,south-korea,Feed Waste Domestic Consumption,0.0,1000 Metric Tons
09-21-2026,2024,2022,10,1,soybean-oil,south-korea,Domestic Consumption,600.0,1000 Metric Tons
09-21-2026,2024,2022,10,1,soybean-oil,south-korea,Ending Stocks,86.0,1000 Metric Tons
09-21-2026,2024,2022,10,1,soybean-oil,south-korea,Total Distribution,689.0,1000 Metric Tons
09-21-2026,2023,2022,4,7,soybean-oil,colombia,Crush,500.0,1000 Metric Tons
09-21-2026,2023,2022,4,7,soybean-oil,colombia,Extraction Rate,0.188,Percentage (%)
09-21-2026,2023,2022,4,7,soybean-oil,colombia,Beginning Stocks,59.0,1000 Metric Tons
09-21-2026,2023,2022,4,7,soybean-oil,colombia,Production,94.0,1000 Metric Tons
09-21-2026,2023,2022,4,7,soybean-oil,colombia,Imports,317.0,1000 Metric Tons
09-21-2026,2023,2022,4,7,soybean-oil,colombia,Total Supply,470.0,1000 Metric Tons
09-21-2026,2023,2022,4,7,soybean-oil,colombia,Exports,62.0,1000 Metric Tons
09-21-2026,2023,2022,4,7,soybean-oil,colombia,Industrial Domestic Consumption,0.0,1000 Metric Tons
09-21-2026,2023,2022,4,7,soybean-oil,colombia,Food Use Domestic Consumption,350.0,1000 Metric Tons
09-21-2026,2025,2022,4,7,soybean-meal,vietnam,Production,1053.0,1000 Metric Tons
09-21-2026,2025,2022,4,7,soybean-meal,vietnam,Imports,5531.0,1000 Metric Tons
09-21-2026,2025,2022,4,7,soybean-meal,vietnam,Total Supply,6779.0,1000 Metric Tons
09-21-2026,2023,2022,9,12,soybean-meal,indonesia,Industrial Domestic Consumption,0.0,1000 Metric Tons
09-21-2026,2023,2022,11,2,soybean-meal,thailand,Beginning Stocks,220.0,1000 Metric Tons
09-21-2026,2023,2022,11,2,soybean-meal,thailand,Extraction Rate,0.7776,Percentage (%)
09-21-2026,2023,2022,11,2,soybean-meal,thailand,Crush,2500.0,1000 Metric Tons
09-21-2026,2023,2022,9,12,soybean-meal,indonesia,Soybean Meal Equivalent,5550.0,1000 Metric Tons
09-21-2026,2023,2022,9,12,soybean-meal,indonesia,Total Distribution,5956.0,1000 Metric Tons
09-21-2026,2023,2022,9,12,soybean-meal,indonesia,Ending Stocks,397.0,1000 Metric Tons
09-21-2026,2023,2022,9,12,soybean-meal,indonesia,Domestic Consumption,5550.0,1000 Metric Tons
09-21-2026,2023,2022,9,12,soybean-meal,indonesia,Feed Waste Domestic Consumption,5550.0,1000 Metric Tons
09-21-2026,2023,2022,9,12,soybean-meal,indonesia,Food Use Domestic Consumption,0.0,1000 Metric Tons
09-21-2026,2023,2022,9,12,soybean-meal,indonesia,Exports,9.0,1000 Metric Tons
09-21-2026,2025,2022,4,7,soybean-meal,vietnam,Exports,118.0,1000 Metric Tons
09-21-2026,2023,2022,9,12,soybean-meal,indonesia,Total Supply,5956.0,1000 Metric Tons
09-21-2026,2023,2022,9,12,soybean-meal,indonesia,Imports,5535.0,1000 Metric Tons
09-21-2026,2023,2022,9,12,soybean-meal,indonesia,Production,0.0,1000 Metric Tons
09-21-2026,2023,2022,9,12,soybean-meal,indonesia,Beginning Stocks,421.0,1000 Metric Tons
09-21-2026,2023,2022,9,12,soybean-meal,indonesia,Extraction Rate,0.0,Percentage (%)
09-21-2026,2023,2022,9,12,soybean-meal,indonesia,Crush,0.0,1000 Metric Tons
09-21-2026,2025,2022,4,7,soybean-meal,philippines,Soybean Meal Equivalent,2950.0,1000 Metric Tons
09-21-2026,2025,2022,4,7,soybean-meal,philippines,Total Distribution,3194.0,1000 Metric Tons
09-21-2026,2025,2022,4,7,soybean-meal,philippines,Ending Stocks,244.0,1000 Metric Tons
09-21-2026,2023,2022,11,2,soybean-meal,thailand,Production,1944.0,1000 Metric Tons
09-21-2026,2023,2022,11,2,soybean-meal,thailand,Imports,3077.0,1000 Metric Tons
09-21-2026,2023,2022,11,2,soybean-meal,thailand,Total Supply,5241.0,1000 Metric Tons
09-21-2026,2023,2022,11,2,soybean-meal,thailand,Exports,125.0,1000 Metric Tons
09-21-2026,2023,2022,11,2,soybean-meal,thailand,Soybean Meal Equivalent,4900.0,1000 Metric Tons
09-21-2026,2025,2022,4,7,soybean-meal,china,Crush,90000.0,1000 Metric Tons
09-21-2026,2025,2022,4,7,soybean-meal,china,Extraction Rate,0.792,Percentage (%)
09-21-2026,2025,2022,4,7,soybean-meal,china,Beginning Stocks,958.0,1000 Metric Tons
09-21-2026,2025,2022,4,7,soybean-meal,china,Production,71280.0,1000 Metric Tons
09-21-2026,2025,2022,4,7,soybean-meal,china,Imports,56.0,1000 Metric Tons
09-21-2026,2025,2022,4,7,soybean-meal,china,Total Supply,72294.0,1000 Metric Tons
09-21-2026,2025,2022,4,7,soybean-meal,china,Exports,484.0,1000 Metric Tons
09-21-2026,2025,2022,4,7,soybean-meal,china,Industrial Domestic Consumption,1100.0,1000 Metric Tons
09-21-2026,2025,2022,4,7,soybean-meal,china,Food Use Domestic Consumption,0.0,1000 Metric Tons
09-21-2026,2025,2022,4,7,soybean-meal,china,Feed Waste Domestic Consumption,70000.0,1000 Metric Tons
09-21-2026,2025,2022,4,7,soybean-meal,china,Domestic Consumption,71100.0,1000 Metric Tons
09-21-2026,2025,2022,4,7,soybean-meal,china,Ending Stocks,710.0,1000 Metric Tons
09-21-2026,2025,2022,4,7,soybean-meal,china,Total Distribution,72294.0,1000 Metric Tons
09-21-2026,2025,2022,4,7,soybean-meal,china,Soybean Meal Equivalent,70000.0,1000 Metric Tons
09-21-2026,2023,2022,11,2,soybean-meal,thailand,Domestic Consumption,4900.0,1000 Metric Tons
09-21-2026,2023,2022,11,2,soybean-meal,thailand,Feed Waste Domestic Consumption,4900.0,1000 Metric Tons
09-21-2026,2023,2022,11,2,soybean-meal,thailand,Food Use Domestic Consumption,0.0,1000 Metric Tons
09-21-2026,2023,2022,11,2,soybean-meal,thailand,Industrial Domestic Consumption,0.0,1000 Metric Tons
09-21-2026,2025,2022,4,7,soybean-meal,philippines,Domestic Consumption,2950.0,1000 Metric Tons
09-21-2026,2025,2022,4,7,soybean-meal,philippines,Feed Waste Domestic Consumption,2950.0,1000 Metric Tons
09-21-2026,2025,2022,4,7,soybean-meal,philippines,Food Use Domestic Consumption,0.0,1000 Metric Tons
09-21-2026,2024,2022,3,6,soybean-meal,canada,Soybean Meal Equivalent,2275.0,1000 Metric Tons
09-21-2026,2024,2022,3,6,soybean-meal,canada,Ending Stocks,228.0,1000 Metric Tons
09-21-2026,2024,2022,3,6,soybean-meal,canada,Domestic Consumption,2275.0,1000 Metric Tons
09-21-2026,2024,2022,3,6,soybean-meal,canada,Feed Waste Domestic Consumption,2275.0,1000 Metric Tons
09-21-2026,2024,2022,3,6,soybean-meal,canada,Food Use Domestic Consumption,0.0,1000 Metric Tons
09-21-2026,2024,2022,3,6,soybean-meal,canada,Industrial Domestic Consumption,0.0,1000 Metric Tons
09-21-2026,2024,2022,3,6,soybean-meal,canada,Exports,406.0,1000 Metric Tons
09-21-2026,2024,2022,3,6,soybean-meal,canada,Total Supply,2909.0,1000 Metric Tons
09-21-2026,2024,2022,3,6,soybean-meal,canada,Imports,1326.0,1000 Metric Tons
09-21-2026,2024,2022,3,6,soybean-meal,canada,Production,1429.0,1000 Metric Tons
09-21-2026,2024,2022,3,6,soybean-meal,canada,Beginning Stocks,154.0,1000 Metric Tons
09-21-2026,2024,2022,3,6,soybean-meal,canada,Extraction Rate,0.7745,Percentage (%)
09-21-2026,2024,2022,3,6,soybean-meal,canada,Crush,1845.0,1000 Metric Tons
09-21-2026,2025,2022,4,7,soybean-meal,vietnam,Soybean Meal Equivalent,6150.0,1000 Metric Tons
09-21-2026,2025,2022,4,7,soybean-meal,vietnam,Total Distribution,6779.0,1000 Metric Tons
09-21-2026,2025,2022,4,7,soybean-meal,vietnam,Ending Stocks,426.0,1000 Metric Tons
09-21-2026,2025,2022,4,7,soybean-meal,vietnam,Domestic Consumption,6235.0,1000 Metric Tons
09-21-2026,2025,2022,4,7,soybean-meal,vietnam,Feed Waste Domestic Consumption,6150.0,1000 Metric Tons
09-21-2026,2025,2022,4,7,soybean-meal,vietnam,Food Use Domestic Consumption,85.0,1000 Metric Tons
09-21-2026,2025,2022,4,7,soybean-meal,vietnam,Industrial Domestic Consumption,0.0,1000 Metric Tons
09-21-2026,2024,2022,3,6,soybean-meal,canada,Total Distribution,2909.0,1000 Metric Tons
09-21-2026,2023,2022,4,7,soybean-meal,honduras,Crush,0.0,1000 Metric Tons
09-21-2026,2025,2022,4,7,soybean-meal,philippines,Industrial Domestic Consumption,0.0,1000 Metric Tons
09-21-2026,2023,2022,4,7,soybean-meal,honduras,Extraction Rate,0.0,Percentage (%)
09-21-2026,2025,2022,4,7,soybean-meal,philippines,Exports,0.0,1000 Metric Tons
09-21-2026,2025,2022,4,7,soybean-meal,philippines,Total Supply,3194.0,1000 Metric Tons
09-21-2026,2025,2022,4,7,soybean-meal,philippines,Imports,2897.0,1000 Metric Tons
09-21-2026,2025,2022,4,7,soybean-meal,philippines,Production,78.0,1000 Metric Tons
09-21-2026,2025,2022,4,7,soybean-meal,philippines,Beginning Stocks,219.0,1000 Metric Tons
09-21-2026,2025,2022,4,7,soybean-meal,philippines,Extraction Rate,0.78,Percentage (%)
09-21-2026,2025,2022,4,7,soybean-meal,philippines,Crush,100.0,1000 Metric Tons
09-21-2026,2023,2022,4,7,soybean-meal,honduras,Soybean Meal Equivalent,330.0,1000 Metric Tons
09-21-2026,2023,2022,4,7,soybean-meal,honduras,Total Distribution,432.0,1000 Metric Tons
09-21-2026,2023,2022,4,7,soybean-meal,honduras,Ending Stocks,82.0,1000 Metric Tons
09-21-2026,2023,2022,4,7,soybean-meal,honduras,Domestic Consumption,330.0,1000 Metric Tons
09-21-2026,2023,2022,4,7,soybean-meal,honduras,Feed Waste Domestic Consumption,330.0,1000 Metric Tons
09-21-2026,2023,2022,4,7,soybean-meal,honduras,Food Use Domestic Consumption,0.0,1000 Metric Tons
09-21-2026,2023,2022,4,7,soybean-meal,honduras,Industrial Domestic Consumption,0.0,1000 Metric Tons
09-21-2026,2023,2022,4,7,soybean-meal,honduras,Exports,20.0,1000 Metric Tons
09-21-2026,2023,2022,4,7,soybean-meal,honduras,Total Supply,432.0,1000 Metric Tons
09-21-2026,2023,2022,4,7,soybean-meal,honduras,Imports,429.0,1000 Metric Tons
09-21-2026,2023,2022,4,7,soybean-meal,honduras,Production,0.0,1000 Metric Tons
09-21-2026,2023,2022,4,7,soybean-meal,honduras,Beginning Stocks,3.0,1000 Metric Tons
09-21-2026,2023,2022,9,12,soybean-oil,taiwan,Food Use Domestic Consumption,315.0,1000 Metric Tons
09-21-2026,2023,2022,9,12,soybean-oil,taiwan,Domestic Consumption,330.0,1000 Metric Tons
09-21-2026,2025,2022,12,4,soybeans,nigeria,Yield,1.0542,Yield (Metric Tons per Hectare)
09-21-2026,2026,2022,4,8,soybeans,pakistan,Exports,0.0,1000 Metric Tons
09-21-2026,2025,2022,4,8,soybeans,bangladesh,Beginning Stocks,188.0,1000 Metric Tons
09-21-2026,2025,2022,4,8,soybeans,bangladesh,Area Harvested,79.0,1000 Hectares
09-21-2026,2026,2022,4,8,soybeans,pakistan,Yield,1.0,Yield (Metric Tons per Hectare)
09-21-2026,2026,2022,4,8,soybeans,pakistan,Total Distribution,2029.0,1000 Metric Tons
09-21-2026,2026,2022,4,8,soybeans,pakistan,Ending Stocks,159.0,1000 Metric Tons
09-21-2026,2026,2022,4,8,soybeans,pakistan,Domestic Consumption,1870.0,1000 Metric Tons
09-21-2026,2026,2022,4,8,soybeans,pakistan,Feed Waste Domestic Consumption,20.0,1000 Metric Tons
09-21-2026,2026,2022,4,8,soybeans,pakistan,Food Use Domestic Consumption,0.0,1000 Metric Tons
09-21-2026,2026,2022,4,8,soybeans,pakistan,Crush,1850.0,1000 Metric Tons
09-21-2026,2026,2022,4,8,soybeans,pakistan,Total Supply,2029.0,1000 Metric Tons
09-21-2026,2025,2022,4,8,soybeans,egypt,Crush,4500.0,1000 Metric Tons
09-21-2026,2026,2022,4,8,soybeans,pakistan,Imports,1824.0,1000 Metric Tons
09-21-2026,2026,2022,4,8,soybeans,pakistan,Production,1.0,1000 Metric Tons
09-21-2026,2026,2022,4,8,soybeans,pakistan,Beginning Stocks,204.0,1000 Metric Tons
09-21-2026,2026,2022,4,8,soybeans,pakistan,Area Harvested,1.0,1000 Hectares
09-21-2026,2025,2022,4,8,soybeans,egypt,Yield,2.7778,Yield (Metric Tons per Hectare)
09-21-2026,2025,2022,4,8,soybeans,egypt,Total Distribution,4876.0,1000 Metric Tons
09-21-2026,2025,2022,4,8,soybeans,egypt,Ending Stocks,334.0,1000 Metric Tons
09-21-2026,2025,2022,4,8,soybeans,egypt,Domestic Consumption,4542.0,1000 Metric Tons
09-21-2026,2025,2022,4,8,soybeans,egypt,Feed Waste Domestic Consumption,25.0,1000 Metric Tons
09-21-2026,2025,2022,4,8,soybeans,bangladesh,Production,140.0,1000 Metric Tons
09-21-2026,2025,2022,4,8,soybeans,bangladesh,Imports,2540.0,1000 Metric Tons
09-21-2026,2025,2022,4,8,soybeans,bangladesh,Total Supply,2868.0,1000 Metric Tons
09-21-2026,2025,2022,4,8,soybeans,bangladesh,Exports,0.0,1000 Metric Tons
09-21-2026,2025,2022,4,7,soybean-oil,bangladesh,Extraction Rate,0.1773,Percentage (%)
09-21-2026,2025,2022,4,7,soybean-oil,bangladesh,Beginning Stocks,20.0,1000 Metric Tons
09-21-2026,2025,2022,4,7,soybean-oil,bangladesh,Production,430.0,1000 Metric Tons
09-21-2026,2025,2022,4,7,soybean-oil,bangladesh,Imports,689.0,1000 Metric Tons
09-21-2026,2025,2022,4,7,soybean-oil,bangladesh,Total Supply,1139.0,1000 Metric Tons
09-21-2026,2025,2022,4,7,soybean-oil,bangladesh,Exports,15.0,1000 Metric Tons
09-21-2026,2025,2022,4,7,soybean-oil,bangladesh,Industrial Domestic Consumption,100.0,1000 Metric Tons
09-21-2026,2025,2022,4,7,soybean-oil,bangladesh,Food Use Domestic Consumption,1000.0,1000 Metric Tons
09-21-2026,2025,2022,4,7,soybean-oil,bangladesh,Feed Waste Domestic Consumption,0.0,1000 Metric Tons
09-21-2026,2025,2022,4,7,soybean-oil,bangladesh,Domestic Consumption,1100.0,1000 Metric Tons
09-21-2026,2025,2022,4,7,soybean-oil,bangladesh,Ending Stocks,24.0,1000 Metric Tons
09-21-2026,2025,2022,4,7,soybean-oil,bangladesh,Total Distribution,1139.0,1000 Metric Tons
09-21-2026,2025,2022,4,8,soybeans,bangladesh,Yield,1.7722,Yield (Metric Tons per Hectare)
09-21-2026,2025,2022,4,8,soybeans,bangladesh,Total Distribution,2868.0,1000 Metric Tons
09-21-2026,2025,2022,4,8,soybeans,bangladesh,Ending Stocks,433.0,1000 Metric Tons
09-21-2026,2025,2022,4,8,soybeans,bangladesh,Domestic Consumption,2435.0,1000 Metric Tons
09-21-2026,2025,2022,4,8,soybeans,bangladesh,Feed Waste Domestic Consumption,5.0,1000 Metric Tons
09-21-2026,2025,2022,4,8,soybeans,bangladesh,Food Use Domestic Consumption,5.0,1000 Metric Tons
09-21-2026,2025,2022,4,8,soybeans,bangladesh,Crush,2425.0,1000 Metric Tons
09-21-2026,2025,2022,4,8,soybeans,egypt,Food Use Domestic Consumption,17.0,1000 Metric Tons
09-21-2026,2025,2022,4,8,soybeans,egypt,Exports,0.0,1000 Metric Tons
09-21-2026,2023,2022,9,12,soybean-oil,taiwan,Ending Stocks,25.0,1000 Metric Tons
09-21-2026,2023,2022,4,8,soybeans,indonesia,Ending Stocks,94.0,1000 Metric Tons
09-21-2026,2023,2022,9,1,soybeans,thailand,Crush,2500.0,1000 Metric Tons
09-21-2026,2023,2022,9,1,soybeans,thailand,Exports,1.0,1000 Metric Tons
09-21-2026,2023,2022,9,1,soybeans,thailand,Total Supply,3786.0,1000 Metric Tons
09-21-2026,2023,2022,9,1,soybeans,thailand,Imports,3243.0,1000 Metric Tons
09-21-2026,2023,2022,9,1,soybeans,thailand,Production,52.0,1000 Metric Tons
09-21-2026,2023,2022,9,1,soybeans,thailand,Beginning Stocks,491.0,1000 Metric Tons
09-21-2026,2023,2022,9,1,soybeans,thailand,Area Harvested,32.0,1000 Hectares
09-21-2026,2023,2022,4,8,soybeans,indonesia,Yield,1.2143,Yield (Metric Tons per Hectare)
09-21-2026,2023,2022,4,8,soybeans,indonesia,Total Distribution,2878.0,1000 Metric Tons
09-21-2026,2023,2022,4,8,soybeans,indonesia,Domestic Consumption,2772.0,1000 Metric Tons
09-21-2026,2025,2022,4,8,soybeans,egypt,Total Supply,4876.0,1000 Metric Tons
09-21-2026,2023,2022,4,8,soybeans,indonesia,Feed Waste Domestic Consumption,125.0,1000 Metric Tons
09-21-2026,2023,2022,4,8,soybeans,indonesia,Food Use Domestic Consumption,2647.0,1000 Metric Tons
09-21-2026,2023,2022,4,8,soybeans,indonesia,Crush,0.0,1000 Metric Tons
09-21-2026,2023,2022,4,8,soybeans,indonesia,Exports,12.0,1000 Metric Tons
09-21-2026,2023,2022,4,8,soybeans,indonesia,Total Supply,2878.0,1000 Metric Tons
09-21-2026,2023,2022,4,8,soybeans,indonesia,Imports,2307.0,1000 Metric Tons
09-21-2026,2023,2022,4,8,soybeans,indonesia,Production,425.0,1000 Metric Tons
09-21-2026,2023,2022,4,8,soybeans,indonesia,Beginning Stocks,146.0,1000 Metric Tons
09-21-2026,2023,2022,4,8,soybeans,indonesia,Area Harvested,350.0,1000 Hectares
09-21-2026,2023,2022,9,1,soybeans,thailand,Food Use Domestic Consumption,260.0,1000 Metric Tons
09-21-2026,2023,2022,9,1,soybeans,thailand,Feed Waste Domestic Consumption,900.0,1000 Metric Tons
09-21-2026,2023,2022,9,1,soybeans,thailand,Domestic Consumption,3660.0,1000 Metric Tons
09-21-2026,2023,2022,9,1,soybeans,thailand,Ending Stocks,125.0,1000 Metric Tons
09-21-2026,2025,2022,4,8,soybeans,egypt,Imports,4566.0,1000 Metric Tons
09-21-2026,2025,2022,4,8,soybeans,egypt,Production,25.0,1000 Metric Tons
09-21-2026,2025,2022,4,8,soybeans,egypt,Beginning Stocks,285.0,1000 Metric Tons
09-21-2026,2025,2022,4,8,soybeans,egypt,Area Harvested,9.0,1000 Hectares
09-21-2026,2026,2022,4,8,soybeans,china,Yield,1.9483,Yield (Metric Tons per Hectare)
09-21-2026,2026,2022,4,8,soybeans,china,Total Distribution,135548.0,1000 Metric Tons
09-21-2026,2026,2022,4,8,soybeans,china,Ending Stocks,25146.0,1000 Metric Tons
09-21-2026,2026,2022,4,8,soybeans,china,Domestic Consumption,110300.0,1000 Metric Tons
09-21-2026,2026,2022,4,8,soybeans,china,Feed Waste Domestic Consumption,5000.0,1000 Metric Tons
09-21-2026,2026,2022,4,8,soybeans,china,Food Use Domestic Consumption,15300.0,1000 Metric Tons
09-21-2026,2026,2022,4,8,soybeans,china,Crush,90000.0,1000 Metric Tons
09-21-2026,2026,2022,4,8,soybeans,china,Exports,102.0,1000 Metric Tons
09-21-2026,2026,2022,4,8,soybeans,china,Total Supply,135548.0,1000 Metric Tons
09-21-2026,2026,2022,4,8,soybeans,china,Imports,90297.0,1000 Metric Tons
09-21-2026,2026,2022,4,8,soybeans,china,Production,16395.0,1000 Metric Tons
09-21-2026,2026,2022,4,8,soybeans,china,Beginning Stocks,28856.0,1000 Metric Tons
09-21-2026,2026,2022,4,8,soybeans,china,Area Harvested,8415.0,1000 Hectares
09-21-2026,2023,2022,9,1,soybeans,thailand,Yield,1.625,Yield (Metric Tons per Hectare)
09-21-2026,2023,2022,9,1,soybeans,thailand,Total Distribution,3786.0,1000 Metric Tons
09-21-2026,2025,2022,4,7,soybean-oil,bangladesh,Crush,2425.0,1000 Metric Tons
09-21-2026,2025,2022,4,7,soybean-oil,egypt,Total Distribution,1139.0,1000 Metric Tons
09-21-2026,2025,2022,4,7,soybean-oil,egypt,Ending Stocks,98.0,1000 Metric Tons
09-21-2026,2025,2022,12,3,soybean-oil,nigeria,Total Supply,222.0,1000 Metric Tons
09-21-2026,2025,2022,4,7,soybean-oil,canada,Feed Waste Domestic Consumption,0.0,1000 Metric Tons
09-21-2026,2025,2022,4,7,soybean-oil,canada,Domestic Consumption,240.0,1000 Metric Tons
09-21-2026,2025,2022,4,7,soybean-oil,canada,Ending Stocks,28.0,1000 Metric Tons
09-21-2026,2025,2022,4,7,soybean-oil,canada,Total Distribution,421.0,1000 Metric Tons
09-21-2026,2025,2022,12,3,soybean-oil,nigeria,Crush,800.0,1000 Metric Tons
09-21-2026,2025,2022,12,3,soybean-oil,nigeria,Extraction Rate,0.18,Percentage (%)
09-21-2026,2025,2022,12,3,soybean-oil,nigeria,Beginning Stocks,54.0,1000 Metric Tons
09-21-2026,2025,2022,12,3,soybean-oil,nigeria,Production,144.0,1000 Metric Tons
09-21-2026,2025,2022,12,3,soybean-oil,nigeria,Imports,24.0,1000 Metric Tons
09-21-2026,2025,2022,12,3,soybean-oil,nigeria,Exports,0.0,1000 Metric Tons
09-21-2026,2025,2022,4,7,soybean-oil,egypt,Domestic Consumption,960.0,1000 Metric Tons
09-21-2026,2025,2022,12,3,soybean-oil,nigeria,Industrial Domestic Consumption,0.0,1000 Metric Tons
09-21-2026,2025,2022,12,3,soybean-oil,nigeria,Food Use Domestic Consumption,175.0,1000 Metric Tons
09-21-2026,2025,2022,12,3,soybean-oil,nigeria,Feed Waste Domestic Consumption,0.0,1000 Metric Tons
09-21-2026,2025,2022,12,3,soybean-oil,nigeria,Domestic Consumption,175.0,1000 Metric Tons
09-21-2026,2025,2022,12,3,soybean-oil,nigeria,Ending Stocks,47.0,1000 Metric Tons
09-21-2026,2025,2022,12,3,soybean-oil,nigeria,Total Distribution,222.0,1000 Metric Tons
09-21-2026,2023,2022,4,7,soybean-oil,indonesia,Crush,0.0,1000 Metric Tons
09-21-2026,2023,2022,4,7,soybean-oil,indonesia,Extraction Rate,0.0,Percentage (%)
09-21-2026,2023,2022,4,7,soybean-oil,indonesia,Beginning Stocks,0.0,1000 Metric Tons
09-21-2026,2025,2022,4,7,soybean-oil,canada,Food Use Domestic Consumption,240.0,1000 Metric Tons
09-21-2026,2025,2022,4,7,soybean-oil,canada,Industrial Domestic Consumption,0.0,1000 Metric Tons
09-21-2026,2025,2022,4,7,soybean-oil,canada,Exports,153.0,1000 Metric Tons
09-21-2026,2025,2022,4,7,soybean-oil,canada,Total Supply,421.0,1000 Metric Tons
09-21-2026,2023,2022,9,12,soybean-oil,taiwan,Total Distribution,384.0,1000 Metric Tons
09-21-2026,2025,2022,7,10,soybean-oil,guatemala,Crush,17.0,1000 Metric Tons
09-21-2026,2025,2022,7,10,soybean-oil,guatemala,Extraction Rate,0.1765,Percentage (%)
09-21-2026,2025,2022,7,10,soybean-oil,guatemala,Beginning Stocks,27.0,1000 Metric Tons
09-21-2026,2025,2022,7,10,soybean-oil,guatemala,Production,3.0,1000 Metric Tons
09-21-2026,2025,2022,7,10,soybean-oil,guatemala,Imports,136.0,1000 Metric Tons
09-21-2026,2025,2022,7,10,soybean-oil,guatemala,Total Supply,166.0,1000 Metric Tons
09-21-2026,2025,2022,7,10,soybean-oil,guatemala,Exports,19.0,1000 Metric Tons
09-21-2026,2025,2022,7,10,soybean-oil,guatemala,Industrial Domestic Consumption,0.0,1000 Metric Tons
09-21-2026,2025,2022,7,10,soybean-oil,guatemala,Food Use Domestic Consumption,110.0,1000 Metric Tons
09-21-2026,2025,2022,7,10,soybean-oil,guatemala,Feed Waste Domestic Consumption,0.0,1000 Metric Tons
09-21-2026,2025,2022,7,10,soybean-oil,guatemala,Domestic Consumption,110.0,1000 Metric Tons
09-21-2026,2025,2022,7,10,soybean-oil,guatemala,Ending Stocks,37.0,1000 Metric Tons
09-21-2026,2025,2022,7,10,soybean-oil,guatemala,Total Distribution,166.0,1000 Metric Tons
09-21-2026,2025,2022,4,7,soybean-oil,canada,Crush,1845.0,1000 Metric Tons
09-21-2026,2025,2022,4,7,soybean-oil,canada,Extraction Rate,0.1859,Percentage (%)
09-21-2026,2025,2022,4,7,soybean-oil,canada,Beginning Stocks,15.0,1000 Metric Tons
09-21-2026,2025,2022,4,7,soybean-oil,canada,Production,343.0,1000 Metric Tons
09-21-2026,2025,2022,4,7,soybean-oil,canada,Imports,63.0,1000 Metric Tons
09-21-2026,2023,2022,4,7,soybean-oil,indonesia,Production,0.0,1000 Metric Tons
09-21-2026,2023,2022,4,7,soybean-oil,indonesia,Imports,36.0,1000 Metric Tons
09-21-2026,2023,2022,4,7,soybean-oil,indonesia,Total Supply,36.0,1000 Metric Tons
09-21-2026,2025,2022,4,7,soybean-oil,china,Beginning Stocks,1180.0,1000 Metric Tons
09-21-2026,2025,2022,4,7,soybean-oil,china,Imports,291.0,1000 Metric Tons
09-21-2026,2025,2022,4,7,soybean-oil,china,Total Supply,17599.0,1000 Metric Tons
09-21-2026,2025,2022,4,7,soybean-oil,china,Exports,112.0,1000 Metric Tons
09-21-2026,2025,2022,4,7,soybean-oil,china,Industrial Domestic Consumption,0.0,1000 Metric Tons
09-21-2026,2025,2022,4,7,soybean-oil,china,Food Use Domestic Consumption,17100.0,1000 Metric Tons
09-21-2026,2025,2022,4,7,soybean-oil,china,Feed Waste Domestic Consumption,0.0,1000 Metric Tons
09-21-2026,2025,2022,4,7,soybean-oil,china,Domestic Consumption,17100.0,1000 Metric Tons
09-21-2026,2025,2022,4,7,soybean-oil,china,Ending Stocks,387.0,1000 Metric Tons
09-21-2026,2025,2022,4,7,soybean-oil,china,Total Distribution,17599.0,1000 Metric Tons
09-21-2026,2025,2022,4,7,soybean-oil,egypt,Crush,4500.0,1000 Metric Tons
09-21-2026,2025,2022,4,7,soybean-oil,egypt,Extraction Rate,0.1822,Percentage (%)
09-21-2026,2025,2022,4,7,soybean-oil,egypt,Beginning Stocks,104.0,1000 Metric Tons
09-21-2026,2025,2022,4,7,soybean-oil,egypt,Production,820.0,1000 Metric Tons
09-21-2026,2025,2022,4,7,soybean-oil,egypt,Imports,215.0,1000 Metric Tons
09-21-2026,2025,2022,4,7,soybean-oil,egypt,Total Supply,1139.0,1000 Metric Tons
09-21-2026,2025,2022,4,7,soybean-oil,egypt,Exports,81.0,1000 Metric Tons
09-21-2026,2025,2022,4,7,soybean-oil,egypt,Industrial Domestic Consumption,10.0,1000 Metric Tons
09-21-2026,2025,2022,4,7,soybean-oil,egypt,Food Use Domestic Consumption,950.0,1000 Metric Tons
09-21-2026,2025,2022,4,7,soybean-oil,egypt,Feed Waste Domestic Consumption,0.0,1000 Metric Tons
09-21-2026,2025,2022,4,7,soybean-oil,china,Production,16128.0,1000 Metric Tons
09-21-2026,2025,2022,4,7,soybean-oil,china,Extraction Rate,0.1792,Percentage (%)
09-21-2026,2023,2022,4,7,soybean-oil,indonesia,Exports,0.0,1000 Metric Tons
09-21-2026,2025,2022,4,7,soybean-oil,china,Crush,90000.0,1000 Metric Tons
09-21-2026,2023,2022,4,7,soybean-oil,indonesia,Industrial Domestic Consumption,0.0,1000 Metric Tons
09-21-2026,2023,2022,4,7,soybean-oil,indonesia,Food Use Domestic Consumption,36.0,1000 Metric Tons
09-21-2026,2023,2022,4,7,soybean-oil,indonesia,Feed Waste Domestic Consumption,0.0,1000 Metric Tons
09-21-2026,2023,2022,4,7,soybean-oil,indonesia,Domestic Consumption,36.0,1000 Metric Tons
09-21-2026,2023,2022,4,7,soybean-oil,indonesia,Ending Stocks,0.0,1000 Metric Tons
09-21-2026,2023,2022,4,7,soybean-oil,indonesia,Total Distribution,36.0,1000 Metric Tons
09-21-2026,2023,2022,4,7,soybean-oil,thailand,Crush,2500.0,1000 Metric Tons
09-21-2026,2023,2022,4,7,soybean-oil,thailand,Extraction Rate,0.1796,Percentage (%)
09-21-2026,2023,2022,4,7,soybean-oil,thailand,Beginning Stocks,85.0,1000 Metric Tons
09-21-2026,2023,2022,4,7,soybean-oil,thailand,Production,449.0,1000 Metric Tons
09-21-2026,2023,2022,4,7,soybean-oil,thailand,Imports,0.0,1000 Metric Tons
09-21-2026,2023,2022,4,7,soybean-oil,thailand,Total Supply,534.0,1000 Metric Tons
09-21-2026,2023,2022,4,7,soybean-oil,thailand,Exports,160.0,1000 Metric Tons
09-21-2026,2023,2022,4,7,soybean-oil,thailand,Industrial Domestic Consumption,50.0,1000 Metric Tons
09-21-2026,2023,2022,4,7,soybean-oil,thailand,Food Use Domestic Consumption,290.0,1000 Metric Tons
09-21-2026,2023,2022,4,7,soybean-oil,thailand,Feed Waste Domestic Consumption,0.0,1000 Metric Tons
09-21-2026,2023,2022,4,7,soybean-oil,thailand,Domestic Consumption,340.0,1000 Metric Tons
09-21-2026,2023,2022,4,7,soybean-oil,thailand,Ending Stocks,34.0,1000 Metric Tons
09-21-2026,2023,2022,4,7,soybean-oil,thailand,Total Distribution,534.0,1000 Metric Tons
09-21-2026,2026,2022,5,8,soybean-meal,guatemala,Total Distribution,580.0,1000 Metric Tons
09-21-2026,2023,2022,11,2,soybean-meal,thailand,Total Distribution,5241.0,1000 Metric Tons
09-21-2026,2024,2022,12,4,corn,colombia,Area Harvested,390.0,1000 Hectares
09-21-2026,2026,2022,3,7,corn,honduras,Trade Year Imports,837.0,1000 Metric Tons
09-21-2026,2025,2022,5,9,corn,vietnam,Trade Year Exports,500.0,1000 Metric Tons
09-21-2026,2025,2022,5,9,corn,vietnam,Exports,500.0,1000 Metric Tons
09-21-2026,2025,2022,5,9,corn,vietnam,Total Supply,16190.0,1000 Metric Tons
09-21-2026,2025,2022,5,9,corn,vietnam,Trade Year Imports From United States,0.0,1000 Metric Tons
09-21-2026,2025,2022,5,9,corn,vietnam,Trade Year Imports,9100.0,1000 Metric Tons
09-21-2026,2025,2022,5,9,corn,vietnam,Imports,9200.0,1000 Metric Tons
09-21-2026,2025,2022,5,9,corn,vietnam,Production,4446.0,1000 Metric Tons
09-21-2026,2025,2022,5,9,corn,vietnam,Beginning Stocks,2544.0,1000 Metric Tons
09-21-2026,2025,2022,5,9,corn,vietnam,Area Harvested,903.0,1000 Hectares
09-21-2026,2024,2022,4,8,corn,guatemala,Yield,1.8101,Yield (Metric Tons per Hectare)
09-21-2026,2024,2022,4,8,corn,guatemala,Total Distribution,3428.0,1000 Metric Tons
09-21-2026,2024,2022,4,8,corn,guatemala,Ending Stocks,247.0,1000 Metric Tons
09-21-2026,2024,2022,4,8,corn,guatemala,Domestic Consumption,3175.0,1000 Metric Tons
09-21-2026,2024,2022,4,8,corn,guatemala,Food Seed and Industrial Consumption,1625.0,1000 Metric Tons
09-21-2026,2024,2022,4,8,corn,guatemala,Feed Domestic Consumption,1550.0,1000 Metric Tons
09-21-2026,2024,2022,4,8,corn,guatemala,Trade Year Exports,6.0,1000 Metric Tons
09-21-2026,2024,2022,4,8,corn,guatemala,Exports,6.0,1000 Metric Tons
09-21-2026,2024,2022,4,8,corn,guatemala,Total Supply,3428.0,1000 Metric Tons
09-21-2026,2024,2022,4,8,corn,guatemala,Trade Year Imports From United States,1313.0,1000 Metric Tons
09-21-2026,2024,2022,4,8,corn,guatemala,Trade Year Imports,1574.0,1000 Metric Tons
09-21-2026,2024,2022,4,8,corn,guatemala,Imports,1528.0,1000 Metric Tons
09-21-2026,2025,2022,5,9,corn,vietnam,Feed Domestic Consumption,13300.0,1000 Metric Tons
09-21-2026,2025,2022,5,9,corn,vietnam,Food Seed and Industrial Consumption,1450.0,1000 Metric Tons
09-21-2026,2025,2022,5,9,corn,vietnam,Domestic Consumption,14750.0,1000 Metric Tons
09-21-2026,2023,2022,10,2,corn,canada,Trade Year Exports,2200.0,1000 Metric Tons
09-21-2026,2026,2022,3,7,corn,honduras,Production,674.0,1000 Metric Tons
09-21-2026,2026,2022,3,7,corn,honduras,Beginning Stocks,158.0,1000 Metric Tons
09-21-2026,2026,2022,3,7,corn,honduras,Area Harvested,362.0,1000 Hectares
09-21-2026,2023,2022,10,2,corn,canada,Yield,9.9938,Yield (Metric Tons per Hectare)
09-21-2026,2023,2022,10,2,corn,canada,Total Distribution,22921.0,1000 Metric Tons
09-21-2026,2023,2022,10,2,corn,canada,Ending Stocks,2746.0,1000 Metric Tons
09-21-2026,2023,2022,10,2,corn,canada,Domestic Consumption,17984.0,1000 Metric Tons
09-21-2026,2023,2022,10,2,corn,canada,Food Seed and Industrial Consumption,5813.0,1000 Metric Tons
09-21-2026,2023,2022,10,2,corn,canada,Feed Domestic Consumption,12171.0,1000 Metric Tons
09-21-2026,2023,2022,10,2,corn,canada,Exports,2191.0,1000 Metric Tons
09-21-2026,2025,2022,5,9,corn,vietnam,Ending Stocks,940.0,1000 Metric Tons
09-21-2026,2023,2022,10,2,corn,canada,Total Supply,22921.0,1000 Metric Tons
09-21-2026,2023,2022,10,2,corn,canada,Trade Year Imports From United States,6042.0,1000 Metric Tons
09-21-2026,2023,2022,10,2,corn,canada,Trade Year Imports,6108.0,1000 Metric Tons
09-21-2026,2023,2022,10,2,corn,canada,Imports,6141.0,1000 Metric Tons
09-21-2026,2023,2022,10,2,corn,canada,Production,14611.0,1000 Metric Tons
09-21-2026,2023,2022,10,2,corn,canada,Beginning Stocks,2169.0,1000 Metric Tons
09-21-2026,2023,2022,10,2,corn,canada,Area Harvested,1462.0,1000 Hectares
09-21-2026,2025,2022,5,9,corn,vietnam,Yield,4.9236,Yield (Metric Tons per Hectare)
09-21-2026,2025,2022,5,9,corn,vietnam,Total Distribution,16190.0,1000 Metric Tons
09-21-2026,2024,2022,4,8,corn,guatemala,Production,1620.0,1000 Metric Tons
09-21-2026,2024,2022,4,8,corn,guatemala,Beginning Stocks,280.0,1000 Metric Tons
09-21-2026,2024,2022,4,8,corn,guatemala,Area Harvested,895.0,1000 Hectares
09-21-2026,2026,2022,5,8,soybean-oil,mexico,Ending Stocks,191.0,1000 Metric Tons
09-21-2026,2026,2022,5,8,soybean-oil,mexico,Beginning Stocks,158.0,1000 Metric Tons
09-21-2026,2026,2022,5,8,soybean-oil,mexico,Production,1171.0,1000 Metric Tons
09-21-2026,2026,2022,5,8,soybean-oil,mexico,Imports,187.0,1000 Metric Tons
09-21-2026,2026,2022,5,8,soybean-oil,mexico,Total Supply,1516.0,1000 Metric Tons
09-21-2026,2026,2022,5,8,soybean-oil,mexico,Exports,25.0,1000 Metric Tons
09-21-2026,2026,2022,5,8,soybean-oil,mexico,Industrial Domestic Consumption,0.0,1000 Metric Tons
09-21-2026,2026,2022,5,8,soybean-oil,mexico,Food Use Domestic Consumption,1300.0,1000 Metric Tons
09-21-2026,2026,2022,5,8,soybean-oil,mexico,Feed Waste Domestic Consumption,0.0,1000 Metric Tons
09-21-2026,2026,2022,5,8,soybean-oil,mexico,Domestic Consumption,1300.0,1000 Metric Tons
09-21-2026,2026,2022,5,8,soybean-oil,mexico,Total Distribution,1516.0,1000 Metric Tons
09-21-2026,2026,2022,5,8,soybean-oil,mexico,Crush,6350.0,1000 Metric Tons
09-21-2026,2025,2022,2,6,corn,european-union,Total Supply,99082.0,1000 Metric Tons
09-21-2026,2025,2022,2,6,corn,european-union,Trade Year Imports From United States,747.0,1000 Metric Tons
09-21-2026,2025,2022,2,6,corn,european-union,Trade Year Imports,19521.0,1000 Metric Tons
09-21-2026,2025,2022,2,6,corn,european-union,Imports,19521.0,1000 Metric Tons
09-21-2026,2025,2022,2,6,corn,european-union,Production,71672.0,1000 Metric Tons
09-21-2026,2025,2022,2,6,corn,european-union,Beginning Stocks,7889.0,1000 Metric Tons
09-21-2026,2025,2022,2,6,corn,european-union,Area Harvested,9227.0,1000 Hectares
09-21-2026,2024,2022,12,4,corn,colombia,Yield,4.0513,Yield (Metric Tons per Hectare)
09-21-2026,2024,2022,12,4,corn,colombia,Total Distribution,8399.0,1000 Metric Tons
09-21-2026,2026,2022,5,8,soybean-oil,mexico,Extraction Rate,0.1844,Percentage (%)
09-21-2026,2025,2022,2,6,corn,european-union,Exports,6027.0,1000 Metric Tons
09-21-2026,2024,2022,7,11,corn,taiwan,Yield,5.0,Yield (Metric Tons per Hectare)
09-21-2026,2024,2022,7,11,corn,taiwan,Trade Year Imports,4553.0,1000 Metric Tons
09-21-2026,2024,2022,7,11,corn,taiwan,Total Distribution,5353.0,1000 Metric Tons
09-21-2026,2024,2022,7,11,corn,taiwan,Ending Stocks,653.0,1000 Metric Tons
09-21-2026,2024,2022,7,11,corn,taiwan,Domestic Consumption,4700.0,1000 Metric Tons
09-21-2026,2024,2022,7,11,corn,taiwan,Food Seed and Industrial Consumption,200.0,1000 Metric Tons
09-21-2026,2024,2022,7,11,corn,taiwan,Feed Domestic Consumption,4500.0,1000 Metric Tons
09-21-2026,2024,2022,7,11,corn,taiwan,Trade Year Exports,0.0,1000 Metric Tons
09-21-2026,2024,2022,7,11,corn,taiwan,Exports,0.0,1000 Metric Tons
09-21-2026,2024,2022,7,11,corn,taiwan,Total Supply,5353.0,1000 Metric Tons
09-21-2026,2024,2022,7,11,corn,taiwan,Trade Year Imports From United States,801.0,1000 Metric Tons
09-21-2026,2024,2022,7,11,corn,taiwan,Imports,4553.0,1000 Metric Tons
09-21-2026,2025,2022,2,6,corn,european-union,Trade Year Exports,6027.0,1000 Metric Tons
09-21-2026,2024,2022,7,11,corn,taiwan,Production,80.0,1000 Metric Tons
09-21-2026,2024,2022,7,11,corn,taiwan,Beginning Stocks,720.0,1000 Metric Tons
09-21-2026,2024,2022,7,11,corn,taiwan,Area Harvested,16.0,1000 Hectares
09-21-2026,2025,2022,2,6,corn,european-union,Yield,7.7676,Yield (Metric Tons per Hectare)
09-21-2026,2025,2022,2,6,corn,european-union,Total Distribution,99082.0,1000 Metric Tons
09-21-2026,2025,2022,2,6,corn,european-union,Ending Stocks,11355.0,1000 Metric Tons
09-21-2026,2025,2022,2,6,corn,european-union,Domestic Consumption,81700.0,1000 Metric Tons
09-21-2026,2025,2022,2,6,corn,european-union,Food Seed and Industrial Consumption,21700.0,1000 Metric Tons
09-21-2026,2025,2022,2,6,corn,european-union,Feed Domestic Consumption,60000.0,1000 Metric Tons
09-21-2026,2026,2022,3,7,corn,honduras,Imports,815.0,1000 Metric Tons
09-21-2026,2026,2022,3,7,corn,honduras,Trade Year Imports From United States,895.0,1000 Metric Tons
09-21-2026,2024,2022,5,9,corn,china,Ending Stocks,209137.0,1000 Metric Tons
09-21-2026,2026,2022,3,7,corn,honduras,Total Supply,1647.0,1000 Metric Tons
09-21-2026,2024,2022,5,9,corn,china,Area Harvested,43324.0,1000 Hectares
09-21-2026,2025,2022,11,3,corn,thailand,Yield,4.4167,Yield (Metric Tons per Hectare)
09-21-2026,2025,2022,11,3,corn,thailand,Total Distribution,7552.0,1000 Metric Tons
09-21-2026,2025,2022,11,3,corn,thailand,Ending Stocks,336.0,1000 Metric Tons
09-21-2026,2025,2022,11,3,corn,thailand,Domestic Consumption,7100.0,1000 Metric Tons
09-21-2026,2025,2022,11,3,corn,thailand,Food Seed and Industrial Consumption,100.0,1000 Metric Tons
09-21-2026,2025,2022,11,3,corn,thailand,Feed Domestic Consumption,7000.0,1000 Metric Tons
09-21-2026,2025,2022,11,3,corn,thailand,Trade Year Exports,116.0,1000 Metric Tons
09-21-2026,2025,2022,11,3,corn,thailand,Exports,116.0,1000 Metric Tons
09-21-2026,2025,2022,11,3,corn,thailand,Total Supply,7552.0,1000 Metric Tons
09-21-2026,2025,2022,11,3,corn,thailand,Trade Year Imports From United States,0.0,1000 Metric Tons
09-21-2026,2025,2022,11,3,corn,thailand,Trade Year Imports,1480.0,1000 Metric Tons
09-21-2026,2025,2022,11,3,corn,thailand,Imports,1512.0,1000 Metric Tons
09-21-2026,2025,2022,11,3,corn,thailand,Production,5300.0,1000 Metric Tons
09-21-2026,2025,2022,11,3,corn,thailand,Beginning Stocks,740.0,1000 Metric Tons
09-21-2026,2025,2022,11,3,corn,thailand,Area Harvested,1200.0,1000 Hectares
09-21-2026,2025,2022,8,12,corn,indonesia,Yield,3.2564,Yield (Metric Tons per Hectare)
09-21-2026,2025,2022,8,12,corn,indonesia,Total Distribution,15175.0,1000 Metric Tons
09-21-2026,2025,2022,8,12,corn,indonesia,Ending Stocks,1367.0,1000 Metric Tons
09-21-2026,2025,2022,8,12,corn,indonesia,Domestic Consumption,13800.0,1000 Metric Tons
09-21-2026,2025,2022,8,12,corn,indonesia,Food Seed and Industrial Consumption,4200.0,1000 Metric Tons
09-21-2026,2026,2022,5,8,soybean-meal,united-states,Soybean Meal Equivalent,35323.0,1000 Metric Tons
09-21-2026,2026,2022,5,8,soybean-meal,united-states,Total Distribution,47908.0,1000 Metric Tons
09-21-2026,2026,2022,5,8,soybean-meal,united-states,Ending Stocks,282.0,1000 Metric Tons
09-21-2026,2024,2022,5,9,corn,china,Beginning Stocks,205704.0,1000 Metric Tons
09-21-2026,2024,2022,5,9,corn,china,Food Seed and Industrial Consumption,82000.0,1000 Metric Tons
09-21-2026,2024,2022,5,9,corn,china,Feed Domestic Consumption,209000.0,1000 Metric Tons
09-21-2026,2024,2022,5,9,corn,china,Trade Year Exports,3.0,1000 Metric Tons
09-21-2026,2024,2022,5,9,corn,china,Exports,3.0,1000 Metric Tons
09-21-2026,2024,2022,5,9,corn,china,Total Supply,500140.0,1000 Metric Tons
09-21-2026,2024,2022,5,9,corn,china,Trade Year Imports From United States,15075.0,1000 Metric Tons
09-21-2026,2024,2022,5,9,corn,china,Trade Year Imports,21884.0,1000 Metric Tons
09-21-2026,2024,2022,5,9,corn,china,Imports,21884.0,1000 Metric Tons
09-21-2026,2024,2022,5,9,corn,china,Production,272552.0,1000 Metric Tons
09-21-2026,2026,2022,5,8,soybean-meal,united-states,Crush,59980.0,1000 Metric Tons
09-21-2026,2026,2022,5,8,soybean-meal,united-states,Domestic Consumption,35323.0,1000 Metric Tons
09-21-2026,2026,2022,5,8,soybean-oil,united-states,Domestic Consumption,11262.0,1000 Metric Tons
09-21-2026,2026,2022,5,8,soybean-meal,united-states,Beginning Stocks,309.0,1000 Metric Tons
09-21-2026,2026,2022,5,8,soybean-meal,united-states,Production,47005.0,1000 Metric Tons
09-21-2026,2026,2022,5,8,soybean-meal,united-states,Imports,594.0,1000 Metric Tons
09-21-2026,2026,2022,5,8,soybean-meal,united-states,Total Supply,47908.0,1000 Metric Tons
09-21-2026,2026,2022,5,8,soybean-meal,united-states,Exports,12303.0,1000 Metric Tons
09-21-2026,2026,2022,5,8,soybean-meal,united-states,Industrial Domestic Consumption,0.0,1000 Metric Tons
09-21-2026,2026,2022,5,8,soybean-meal,united-states,Food Use Domestic Consumption,0.0,1000 Metric Tons
09-21-2026,2026,2022,5,8,soybean-meal,united-states,Feed Waste Domestic Consumption,35323.0,1000 Metric Tons
09-21-2026,2025,2022,8,12,corn,indonesia,Feed Domestic Consumption,9600.0,1000 Metric Tons
09-21-2026,2025,2022,8,12,corn,indonesia,Trade Year Exports,8.0,1000 Metric Tons
09-21-2026,2025,2022,8,12,corn,indonesia,Exports,8.0,1000 Metric Tons
09-21-2026,2025,2022,5,9,corn,philippines,Production,8344.0,1000 Metric Tons
09-21-2026,2025,2022,5,9,corn,philippines,Domestic Consumption,9200.0,1000 Metric Tons
09-21-2026,2025,2022,5,9,corn,philippines,Food Seed and Industrial Consumption,3900.0,1000 Metric Tons
09-21-2026,2025,2022,5,9,corn,philippines,Feed Domestic Consumption,5300.0,1000 Metric Tons
09-21-2026,2025,2022,5,9,corn,philippines,Trade Year Exports,3.0,1000 Metric Tons
09-21-2026,2025,2022,5,9,corn,philippines,Exports,3.0,1000 Metric Tons
09-21-2026,2025,2022,5,9,corn,philippines,Total Supply,9640.0,1000 Metric Tons
09-21-2026,2025,2022,5,9,corn,philippines,Trade Year Imports From United States,7.0,1000 Metric Tons
09-21-2026,2025,2022,5,9,corn,philippines,Trade Year Imports,669.0,1000 Metric Tons
09-21-2026,2025,2022,5,9,corn,philippines,Imports,582.0,1000 Metric Tons
09-21-2026,2025,2022,5,9,corn,philippines,Beginning Stocks,714.0,1000 Metric Tons
09-21-2026,2025,2022,5,9,corn,philippines,Total Distribution,9640.0,1000 Metric Tons
09-21-2026,2025,2022,5,9,corn,philippines,Area Harvested,2562.0,1000 Hectares
09-21-2026,2026,2022,3,7,corn,honduras,Yield,1.8619,Yield (Metric Tons per Hectare)
09-21-2026,2026,2022,3,7,corn,honduras,Total Distribution,1647.0,1000 Metric Tons
09-21-2026,2026,2022,3,7,corn,honduras,Ending Stocks,168.0,1000 Metric Tons
09-21-2026,2026,2022,3,7,corn,honduras,Domestic Consumption,1475.0,1000 Metric Tons
09-21-2026,2026,2022,3,7,corn,honduras,Food Seed and Industrial Consumption,750.0,1000 Metric Tons
09-21-2026,2026,2022,3,7,corn,honduras,Feed Domestic Consumption,725.0,1000 Metric Tons
09-21-2026,2026,2022,3,7,corn,honduras,Trade Year Exports,2.0,1000 Metric Tons
09-21-2026,2026,2022,3,7,corn,honduras,Exports,4.0,1000 Metric Tons
09-21-2026,2025,2022,5,9,corn,philippines,Ending Stocks,437.0,1000 Metric Tons
09-21-2026,2025,2022,5,9,corn,philippines,Yield,3.2568,Yield (Metric Tons per Hectare)
09-21-2026,2025,2022,8,12,corn,indonesia,Total Supply,15175.0,1000 Metric Tons
09-21-2026,2024,2022,8,12,corn,nigeria,Domestic Consumption,12600.0,1000 Metric Tons
09-21-2026,2025,2022,8,12,corn,indonesia,Trade Year Imports From United States,67.0,1000 Metric Tons
09-21-2026,2025,2022,8,12,corn,indonesia,Trade Year Imports,1154.0,1000 Metric Tons
09-21-2026,2025,2022,8,12,corn,indonesia,Imports,1154.0,1000 Metric Tons
09-21-2026,2025,2022,8,12,corn,indonesia,Production,12700.0,1000 Metric Tons
09-21-2026,2025,2022,8,12,corn,indonesia,Beginning Stocks,1321.0,1000 Metric Tons
09-21-2026,2025,2022,8,12,corn,indonesia,Area Harvested,3900.0,1000 Hectares
09-21-2026,2024,2022,8,12,corn,nigeria,Yield,2.054,Yield (Metric Tons per Hectare)
09-21-2026,2024,2022,8,12,corn,nigeria,Total Distribution,14112.0,1000 Metric Tons
09-21-2026,2024,2022,8,12,corn,nigeria,Ending Stocks,1462.0,1000 Metric Tons
09-21-2026,2024,2022,8,12,corn,nigeria,Food Seed and Industrial Consumption,7300.0,1000 Metric Tons
09-21-2026,2024,2022,8,12,corn,nigeria,Area Harvested,6205.0,1000 Hectares
09-21-2026,2024,2022,8,12,corn,nigeria,Feed Domestic Consumption,5300.0,1000 Metric Tons
09-21-2026,2024,2022,8,12,corn,nigeria,Trade Year Exports,50.0,1000 Metric Tons
09-21-2026,2024,2022,8,12,corn,nigeria,Exports,50.0,1000 Metric Tons
09-21-2026,2024,2022,8,12,corn,nigeria,Total Supply,14112.0,1000 Metric Tons
09-21-2026,2024,2022,8,12,corn,nigeria,Trade Year Imports From United States,0.0,1000 Metric Tons
09-21-2026,2024,2022,8,12,corn,nigeria,Trade Year Imports,200.0,1000 Metric Tons
09-21-2026,2024,2022,8,12,corn,nigeria,Imports,200.0,1000 Metric Tons
09-21-2026,2024,2022,8,12,corn,nigeria,Production,12745.0,1000 Metric Tons
09-21-2026,2024,2022,8,12,corn,nigeria,Beginning Stocks,1167.0,1000 Metric Tons
09-21-2026,2024,2022,12,4,corn,colombia,Ending Stocks,398.0,1000 Metric Tons
09-21-2026,2024,2022,12,4,corn,colombia,Domestic Consumption,8000.0,1000 Metric Tons
09-21-2026,2024,2022,12,4,corn,colombia,Food Seed and Industrial Consumption,1500.0,1000 Metric Tons
09-21-2026,2024,2022,12,4,corn,colombia,Feed Domestic Consumption,6500.0,1000 Metric Tons
09-21-2026,2026,2022,9,1,soybeans,world,Crush,316468.0,1000 Metric Tons
09-21-2026,2026,2022,9,1,soybeans,world,Food Use Domestic Consumption,22042.0,1000 Metric Tons
09-21-2026,2026,2022,5,8,soybean-oil,vietnam,Total Distribution,383.0,1000 Metric Tons
09-21-2026,2026,2022,5,8,soybean-oil,vietnam,Ending Stocks,54.0,1000 Metric Tons
09-21-2026,2026,2022,5,8,soybean-oil,vietnam,Domestic Consumption,270.0,1000 Metric Tons
09-21-2026,2026,2022,5,8,soybean-oil,vietnam,Feed Waste Domestic Consumption,0.0,1000 Metric Tons
09-21-2026,2026,2022,5,8,soybean-oil,vietnam,Food Use Domestic Consumption,270.0,1000 Metric Tons
09-21-2026,2026,2022,5,8,soybean-oil,vietnam,Industrial Domestic Consumption,0.0,1000 Metric Tons
09-21-2026,2026,2022,5,8,soybean-oil,vietnam,Exports,59.0,1000 Metric Tons
09-21-2026,2026,2022,5,8,soybean-oil,vietnam,Total Supply,383.0,1000 Metric Tons
09-21-2026,2026,2022,5,8,soybean-oil,vietnam,Imports,60.0,1000 Metric Tons
09-21-2026,2026,2022,5,8,soybean-oil,vietnam,Production,257.0,1000 Metric Tons
09-21-2026,2026,2022,5,8,soybean-oil,vietnam,Beginning Stocks,66.0,1000 Metric Tons
09-21-2026,2026,2022,5,8,soybean-oil,vietnam,Extraction Rate,0.1904,Percentage (%)
09-21-2026,2026,2022,5,8,soybean-oil,vietnam,Crush,1350.0,1000 Metric Tons
09-21-2026,2026,2022,9,1,soybeans,world,Feed Waste Domestic Consumption,27608.0,1000 Metric Tons
09-21-2026,2026,2022,9,1,soybeans,world,Domestic Consumption,366118.0,1000 Metric Tons
09-21-2026,2026,2022,9,1,soybeans,world,Ending Stocks,93698.0,1000 Metric Tons
09-21-2026,2026,2022,9,1,soybeans,world,Total Distribution,614237.0,1000 Metric Tons
09-21-2026,2026,2022,9,1,soybeans,world,Yield,2.7401,Yield (Metric Tons per Hectare)
09-21-2026,2025,2022,5,9,corn,mexico,Exports,250.0,1000 Metric Tons
09-21-2026,2026,2022,9,1,soybeans,world,Exports,154421.0,1000 Metric Tons
09-21-2026,2026,2022,9,1,soybeans,world,Total Supply,614237.0,1000 Metric Tons
09-21-2026,2026,2022,9,1,soybeans,world,Imports,154767.0,1000 Metric Tons
09-21-2026,2026,2022,5,12,wheat,canada,Trade Year Exports,15010.0,1000 Metric Tons
09-21-2026,2026,2022,9,12,soybean-oil,world,Domestic Consumption,59726.0,1000 Metric Tons
09-21-2026,2026,2022,9,12,soybean-oil,world,Ending Stocks,5304.0,1000 Metric Tons
09-21-2026,2026,2022,9,12,soybean-oil,world,Total Distribution,77459.0,1000 Metric Tons
09-21-2026,2026,2022,5,12,wheat,canada,Yield,2.4374,Yield (Metric Tons per Hectare)
09-21-2026,2026,2022,5,12,wheat,canada,Total Distribution,28927.0,1000 Metric Tons
09-21-2026,2026,2022,5,12,wheat,canada,Ending Stocks,4169.0,1000 Metric Tons
09-21-2026,2026,2022,5,12,wheat,canada,Domestic Consumption,9620.0,1000 Metric Tons
09-21-2026,2026,2022,5,12,wheat,canada,Food Seed and Industrial Consumption,4990.0,1000 Metric Tons
09-21-2026,2026,2022,5,12,wheat,canada,Feed Domestic Consumption,4630.0,1000 Metric Tons
09-21-2026,2026,2022,5,12,wheat,canada,Exports,15138.0,1000 Metric Tons
09-21-2026,2026,2022,9,1,soybeans,world,Production,360631.0,1000 Metric Tons
09-21-2026,2026,2022,5,12,wheat,canada,Total Supply,28927.0,1000 Metric Tons
09-21-2026,2026,2022,5,12,wheat,canada,Trade Year Imports From United States,395.0,1000 Metric Tons
09-21-2026,2026,2022,5,12,wheat,canada,Trade Year Imports,557.0,1000 Metric Tons
09-21-2026,2026,2022,5,12,wheat,canada,Imports,552.0,1000 Metric Tons
09-21-2026,2026,2022,5,12,wheat,canada,Production,22422.0,1000 Metric Tons
09-21-2026,2026,2022,5,12,wheat,canada,Beginning Stocks,5953.0,1000 Metric Tons
09-21-2026,2026,2022,5,12,wheat,canada,Area Harvested,9199.0,1000 Hectares
09-21-2026,2026,2022,9,1,soybeans,world,Area Harvested,131613.0,1000 Hectares
09-21-2026,2026,2022,9,1,soybeans,world,Beginning Stocks,98839.0,1000 Metric Tons
09-21-2026,2025,2022,5,9,corn,mexico,Total Supply,47675.0,1000 Metric Tons
09-21-2026,2025,2022,5,9,corn,mexico,Trade Year Imports From United States,16803.0,1000 Metric Tons
09-21-2026,2025,2022,5,9,corn,mexico,Trade Year Imports,17584.0,1000 Metric Tons
09-21-2026,2026,2022,5,8,soybean-oil,united-states,Total Distribution,12968.0,1000 Metric Tons
09-21-2026,2026,2022,9,4,wheat,world,Trade Year Exports,206209.0,1000 Metric Tons
09-21-2026,2026,2022,9,4,wheat,world,Exports,203826.0,1000 Metric Tons
09-21-2026,2026,2022,9,4,wheat,world,Total Supply,1266747.0,1000 Metric Tons
09-21-2026,2026,2022,9,4,wheat,world,Trade Year Imports From United States,21252.0,1000 Metric Tons
09-21-2026,2026,2022,9,4,wheat,world,Trade Year Imports,201954.0,1000 Metric Tons
09-21-2026,2026,2022,9,4,wheat,world,Imports,200412.0,1000 Metric Tons
09-21-2026,2026,2022,9,4,wheat,world,Production,780860.0,1000 Metric Tons
09-21-2026,2026,2022,9,4,wheat,world,Beginning Stocks,285475.0,1000 Metric Tons
09-21-2026,2026,2022,9,4,wheat,world,Area Harvested,221655.0,1000 Hectares
09-21-2026,2026,2022,5,8,soybean-oil,united-states,Ending Stocks,903.0,1000 Metric Tons
09-21-2026,2026,2022,9,4,wheat,world,Food Seed and Industrial Consumption,628406.0,1000 Metric Tons
09-21-2026,2026,2022,5,8,soybean-oil,united-states,Crush,59980.0,1000 Metric Tons
09-21-2026,2026,2022,5,8,soybean-oil,united-states,Extraction Rate,0.1978,Percentage (%)
09-21-2026,2026,2022,5,8,soybean-oil,united-states,Beginning Stocks,967.0,1000 Metric Tons
09-21-2026,2026,2022,5,8,soybean-oil,united-states,Production,11864.0,1000 Metric Tons
09-21-2026,2026,2022,5,8,soybean-oil,united-states,Imports,137.0,1000 Metric Tons
09-21-2026,2026,2022,5,8,soybean-oil,united-states,Total Supply,12968.0,1000 Metric Tons
09-21-2026,2026,2022,5,8,soybean-oil,united-states,Exports,803.0,1000 Metric Tons
09-21-2026,2026,2022,5,8,soybean-oil,united-states,Industrial Domestic Consumption,4708.0,1000 Metric Tons
09-21-2026,2026,2022,5,8,soybean-oil,united-states,Food Use Domestic Consumption,6554.0,1000 Metric Tons
09-21-2026,2026,2022,9,4,wheat,world,Feed Domestic Consumption,159505.0,1000 Metric Tons
09-21-2026,2026,2022,9,4,wheat,world,Domestic Consumption,787911.0,1000 Metric Tons
09-21-2026,2025,2022,5,9,corn,mexico,Imports,17584.0,1000 Metric Tons
09-21-2026,2025,2022,7,11,corn,united-states,Trade Year Exports,62903.0,1000 Metric Tons
09-21-2026,2025,2022,5,9,corn,mexico,Production,26762.0,1000 Metric Tons
09-21-2026,2025,2022,5,9,corn,mexico,Beginning Stocks,3329.0,1000 Metric Tons
09-21-2026,2025,2022,5,9,corn,mexico,Area Harvested,7093.0,1000 Hectares
09-21-2026,2025,2022,7,11,corn,united-states,Yield,11.0911,Yield (Metric Tons per Hectare)
09-21-2026,2025,2022,7,11,corn,united-states,Total Distribution,413442.0,1000 Metric Tons
09-21-2026,2025,2022,7,11,corn,united-states,Ending Stocks,34975.0,1000 Metric Tons
09-21-2026,2025,2022,7,11,corn,united-states,Domestic Consumption,315665.0,1000 Metric Tons
09-21-2026,2025,2022,7,11,corn,united-states,Food Seed and Industrial Consumption,171628.0,1000 Metric Tons
09-21-2026,2025,2022,7,11,corn,united-states,Feed Domestic Consumption,144037.0,1000 Metric Tons
09-21-2026,2025,2022,7,11,corn,united-states,Exports,62802.0,1000 Metric Tons
09-21-2026,2026,2022,9,4,wheat,world,Ending Stocks,275010.0,1000 Metric Tons
09-21-2026,2025,2022,7,11,corn,united-states,Total Supply,413442.0,1000 Metric Tons
09-21-2026,2025,2022,7,11,corn,united-states,Trade Year Imports From United States,0.0,1000 Metric Tons
09-21-2026,2025,2022,7,11,corn,united-states,Trade Year Imports,607.0,1000 Metric Tons
09-21-2026,2025,2022,7,11,corn,united-states,Imports,615.0,1000 Metric Tons
09-21-2026,2025,2022,7,11,corn,united-states,Production,381469.0,1000 Metric Tons
09-21-2026,2025,2022,7,11,corn,united-states,Beginning Stocks,31358.0,1000 Metric Tons
09-21-2026,2025,2022,7,11,corn,united-states,Area Harvested,34394.0,1000 Hectares
09-21-2026,2026,2022,9,4,wheat,world,Yield,3.5229,Yield (Metric Tons per Hectare)
09-21-2026,2026,2022,9,4,wheat,world,Total Distribution,1266747.0,1000 Metric Tons
09-21-2026,2026,2022,9,12,soybean-oil,world,Feed Waste Domestic Consumption,65.0,1000 Metric Tons
09-21-2026,2026,2022,9,12,soybean-oil,world,Food Use Domestic Consumption,47585.0,1000 Metric Tons
09-21-2026,2026,2022,9,12,soybean-oil,world,Industrial Domestic Consumption,12076.0,1000 Metric Tons
09-21-2026,2026,2022,4,7,soybean-oil,pakistan,Food Use Domestic Consumption,515.0,1000 Metric Tons
09-21-2026,2023,2022,8,12,corn,japan,Total Distribution,16400.0,1000 Metric Tons
09-21-2026,2026,2022,4,7,soybean-oil,pakistan,Crush,1850.0,1000 Metric Tons
09-21-2026,2026,2022,4,7,soybean-oil,pakistan,Extraction Rate,0.1876,Percentage (%)
09-21-2026,2026,2022,4,7,soybean-oil,pakistan,Beginning Stocks,56.0,1000 Metric Tons
09-21-2026,2026,2022,4,7,soybean-oil,pakistan,Production,347.0,1000 Metric Tons
09-21-2026,2026,2022,4,7,soybean-oil,pakistan,Imports,179.0,1000 Metric Tons
09-21-2026,2026,2022,4,7,soybean-oil,pakistan,Total Supply,582.0,1000 Metric Tons
09-21-2026,2026,2022,4,7,soybean-oil,pakistan,Exports,1.0,1000 Metric Tons
09-21-2026,2026,2022,4,7,soybean-oil,pakistan,Industrial Domestic Consumption,10.0,1000 Metric Tons
09-21-2026,2026,2022,4,7,soybean-oil,pakistan,Feed Waste Domestic Consumption,0.0,1000 Metric Tons
09-21-2026,2024,2022,5,9,corn,south-korea,Area Harvested,16.0,1000 Hectares
09-21-2026,2026,2022,4,7,soybean-oil,pakistan,Domestic Consumption,525.0,1000 Metric Tons
09-21-2026,2026,2022,4,7,soybean-oil,pakistan,Ending Stocks,56.0,1000 Metric Tons
09-21-2026,2026,2022,4,7,soybean-oil,pakistan,Total Distribution,582.0,1000 Metric Tons
09-21-2026,2023,2022,8,12,corn,japan,Ending Stocks,1360.0,1000 Metric Tons
09-21-2026,2023,2022,8,12,corn,japan,Domestic Consumption,15040.0,1000 Metric Tons
09-21-2026,2023,2022,8,12,corn,japan,Food Seed and Industrial Consumption,3340.0,1000 Metric Tons
09-21-2026,2023,2022,8,12,corn,japan,Feed Domestic Consumption,11700.0,1000 Metric Tons
09-21-2026,2023,2022,8,12,corn,japan,Trade Year Exports,0.0,1000 Metric Tons
09-21-2026,2023,2022,8,12,corn,japan,Exports,0.0,1000 Metric Tons
09-21-2026,2023,2022,8,12,corn,japan,Yield,6.0,Yield (Metric Tons per Hectare)
09-21-2026,2024,2022,5,9,corn,south-korea,Beginning Stocks,2018.0,1000 Metric Tons
09-21-2026,2023,2022,8,12,corn,japan,Trade Year Imports From United States,10099.0,1000 Metric Tons
09-21-2026,2024,2022,5,9,corn,south-korea,Total Distribution,13616.0,1000 Metric Tons
09-21-2026,2024,2022,12,4,corn,colombia,Trade Year Exports,1.0,1000 Metric Tons
09-21-2026,2024,2022,12,4,corn,colombia,Exports,1.0,1000 Metric Tons
09-21-2026,2024,2022,12,4,corn,colombia,Total Supply,8399.0,1000 Metric Tons
09-21-2026,2024,2022,12,4,corn,colombia,Trade Year Imports From United States,4252.0,1000 Metric Tons
09-21-2026,2024,2022,12,4,corn,colombia,Trade Year Imports,6512.0,1000 Metric Tons
09-21-2026,2024,2022,12,4,corn,colombia,Imports,6512.0,1000 Metric Tons
09-21-2026,2024,2022,12,4,corn,colombia,Production,1580.0,1000 Metric Tons
09-21-2026,2024,2022,12,4,corn,colombia,Beginning Stocks,307.0,1000 Metric Tons
09-21-2026,2024,2022,5,9,corn,south-korea,Yield,5.5,Yield (Metric Tons per Hectare)
09-21-2026,2024,2022,5,9,corn,south-korea,Ending Stocks,2056.0,1000 Metric Tons
09-21-2026,2024,2022,5,9,corn,south-korea,Production,88.0,1000 Metric Tons
09-21-2026,2024,2022,5,9,corn,south-korea,Domestic Consumption,11560.0,1000 Metric Tons
09-21-2026,2024,2022,5,9,corn,south-korea,Food Seed and Industrial Consumption,2341.0,1000 Metric Tons
09-21-2026,2024,2022,5,9,corn,south-korea,Feed Domestic Consumption,9219.0,1000 Metric Tons
09-21-2026,2024,2022,5,9,corn,south-korea,Trade Year Exports,0.0,1000 Metric Tons
09-21-2026,2024,2022,5,9,corn,south-korea,Exports,0.0,1000 Metric Tons
09-21-2026,2024,2022,5,9,corn,south-korea,Total Supply,13616.0,1000 Metric Tons
09-21-2026,2024,2022,5,9,corn,south-korea,Trade Year Imports From United States,1376.0,1000 Metric Tons
09-21-2026,2024,2022,5,9,corn,south-korea,Trade Year Imports,11510.0,1000 Metric Tons
09-21-2026,2024,2022,5,9,corn,south-korea,Imports,11510.0,1000 Metric Tons
09-21-2026,2023,2022,8,12,corn,japan,Total Supply,16400.0,1000 Metric Tons
09-21-2026,2023,2022,8,12,corn,japan,Trade Year Imports,15003.0,1000 Metric Tons
09-21-2026,2026,2022,9,12,soybean-oil,world,Exports,12429.0,1000 Metric Tons
09-21-2026,2026,2022,9,4,wheat,colombia,Trade Year Exports,19.0,1000 Metric Tons
09-21-2026,2026,2022,9,12,soybean-oil,world,Extraction Rate,0.1896,Percentage (%)
09-21-2026,2026,2022,9,12,soybean-oil,world,Beginning Stocks,5943.0,1000 Metric Tons
09-21-2026,2026,2022,9,12,soybean-oil,world,Production,60006.0,1000 Metric Tons
09-21-2026,2026,2022,9,4,wheat,colombia,Yield,2.3333,Yield (Metric Tons per Hectare)
09-21-2026,2026,2022,9,4,wheat,colombia,Total Distribution,2417.0,1000 Metric Tons
09-21-2026,2026,2022,9,4,wheat,colombia,Ending Stocks,338.0,1000 Metric Tons
09-21-2026,2026,2022,9,4,wheat,colombia,Domestic Consumption,2060.0,1000 Metric Tons
09-21-2026,2026,2022,9,4,wheat,colombia,Food Seed and Industrial Consumption,1950.0,1000 Metric Tons
09-21-2026,2026,2022,9,4,wheat,colombia,Feed Domestic Consumption,110.0,1000 Metric Tons
09-21-2026,2026,2022,9,4,wheat,colombia,Exports,19.0,1000 Metric Tons
09-21-2026,2025,2022,5,9,corn,mexico,Trade Year Exports,250.0,1000 Metric Tons
09-21-2026,2026,2022,9,4,wheat,colombia,Total Supply,2417.0,1000 Metric Tons
09-21-2026,2026,2022,9,4,wheat,colombia,Trade Year Imports From United States,746.0,1000 Metric Tons
09-21-2026,2026,2022,9,4,wheat,colombia,Trade Year Imports,1999.0,1000 Metric Tons
09-21-2026,2026,2022,9,4,wheat,colombia,Imports,1999.0,1000 Metric Tons
09-21-2026,2026,2022,9,4,wheat,colombia,Production,7.0,1000 Metric Tons
09-21-2026,2026,2022,9,4,wheat,colombia,Beginning Stocks,411.0,1000 Metric Tons
09-21-2026,2026,2022,9,4,wheat,colombia,Area Harvested,3.0,1000 Hectares
09-21-2026,2026,2022,9,12,soybean-oil,world,Imports,11510.0,1000 Metric Tons
09-21-2026,2026,2022,9,12,soybean-oil,world,Total Supply,77459.0,1000 Metric Tons
09-21-2026,2026,2022,9,12,soybean-oil,world,Crush,316468.0,1000 Metric Tons
09-21-2026,2025,2022,5,9,corn,mexico,Feed Domestic Consumption,23400.0,1000 Metric Tons
09-21-2026,2023,2022,8,12,corn,japan,Imports,15003.0,1000 Metric Tons
09-21-2026,2026,2022,5,8,soybean-oil,philippines,Exports,0.0,1000 Metric Tons
09-21-2026,2023,2022,8,12,corn,japan,Production,6.0,1000 Metric Tons
09-21-2026,2023,2022,8,12,corn,japan,Beginning Stocks,1391.0,1000 Metric Tons
09-21-2026,2023,2022,8,12,corn,japan,Area Harvested,1.0,1000 Hectares
09-21-2026,2026,2022,5,8,soybean-oil,philippines,Crush,100.0,1000 Metric Tons
09-21-2026,2026,2022,5,8,soybean-oil,philippines,Extraction Rate,0.18,Percentage (%)
09-21-2026,2026,2022,5,8,soybean-oil,philippines,Beginning Stocks,3.0,1000 Metric Tons
09-21-2026,2026,2022,5,8,soybean-oil,philippines,Production,18.0,1000 Metric Tons
09-21-2026,2026,2022,5,8,soybean-oil,philippines,Imports,60.0,1000 Metric Tons
09-21-2026,2026,2022,5,8,soybean-oil,philippines,Total Supply,81.0,1000 Metric Tons
09-21-2026,2026,2022,5,8,soybean-oil,philippines,Industrial Domestic Consumption,4.0,1000 Metric Tons
09-21-2026,2025,2022,5,9,corn,mexico,Food Seed and Industrial Consumption,20900.0,1000 Metric Tons
09-21-2026,2026,2022,5,8,soybean-oil,philippines,Food Use Domestic Consumption,74.0,1000 Metric Tons
09-21-2026,2026,2022,5,8,soybean-oil,philippines,Feed Waste Domestic Consumption,0.0,1000 Metric Tons
09-21-2026,2026,2022,5,8,soybean-oil,philippines,Domestic Consumption,78.0,1000 Metric Tons
09-21-2026,2026,2022,5,8,soybean-oil,philippines,Ending Stocks,3.0,1000 Metric Tons
09-21-2026,2026,2022,5,8,soybean-oil,philippines,Total Distribution,81.0,1000 Metric Tons
09-21-2026,2025,2022,5,9,corn,mexico,Yield,3.773,Yield (Metric Tons per Hectare)
09-21-2026,2025,2022,5,9,corn,mexico,Total Distribution,47675.0,1000 Metric Tons
09-21-2026,2025,2022,5,9,corn,mexico,Ending Stocks,3125.0,1000 Metric Tons
09-21-2026,2025,2022,5,9,corn,mexico,Domestic Consumption,44300.0,1000 Metric Tons
09-21-2026,2024,2022,5,9,corn,china,Domestic Consumption,291000.0,1000 Metric Tons
09-21-2026,2026,2022,5,8,soybean-meal,united-states,Extraction Rate,0.7837,Percentage (%)
09-21-2026,2024,2022,5,9,corn,china,Total Distribution,500140.0,1000 Metric Tons
09-21-2026,2026,2022,9,12,soybean-meal,world,Extraction Rate,0.7836,Percentage (%)
09-21-2026,2026,2022,9,4,wheat,european-union,Beginning Stocks,10698.0,1000 Metric Tons
09-21-2026,2026,2022,9,4,wheat,european-union,Production,138479.0,1000 Metric Tons
09-21-2026,2026,2022,9,4,wheat,european-union,Imports,4631.0,1000 Metric Tons
09-21-2026,2026,2022,9,4,wheat,european-union,Trade Year Imports,4631.0,1000 Metric Tons
09-21-2026,2026,2022,9,4,wheat,european-union,Trade Year Imports From United States,285.0,1000 Metric Tons
09-21-2026,2026,2022,5,8,soybean-meal,mexico,Soybean Meal Equivalent,6825.0,1000 Metric Tons
09-21-2026,2026,2022,5,8,soybean-meal,mexico,Total Distribution,7045.0,1000 Metric Tons
09-21-2026,2026,2022,5,8,soybean-meal,mexico,Ending Stocks,153.0,1000 Metric Tons
09-21-2026,2026,2022,9,4,wheat,european-union,Total Supply,153808.0,1000 Metric Tons
09-21-2026,2026,2022,9,4,wheat,european-union,Exports,31927.0,1000 Metric Tons
09-21-2026,2026,2022,9,4,wheat,european-union,Trade Year Exports,31927.0,1000 Metric Tons
09-21-2026,2026,2022,9,4,wheat,european-union,Feed Domestic Consumption,45000.0,1000 Metric Tons
09-21-2026,2026,2022,9,4,wheat,european-union,Food Seed and Industrial Consumption,63250.0,1000 Metric Tons
09-21-2026,2026,2022,9,4,wheat,european-union,Domestic Consumption,108250.0,1000 Metric Tons
09-21-2026,2026,2022,9,4,wheat,european-union,Ending Stocks,13631.0,1000 Metric Tons
09-21-2026,2026,2022,9,4,wheat,european-union,Total Distribution,153808.0,1000 Metric Tons
09-21-2026,2026,2022,9,4,wheat,european-union,Yield,5.7001,Yield (Metric Tons per Hectare)
09-21-2026,2026,2022,7,2,wheat,guatemala,Area Harvested,0.0,1000 Hectares
09-21-2026,2026,2022,7,2,wheat,guatemala,Beginning Stocks,246.0,1000 Metric Tons
09-21-2026,2026,2022,7,2,wheat,guatemala,Production,0.0,1000 Metric Tons
09-21-2026,2026,2022,7,2,wheat,guatemala,Imports,633.0,1000 Metric Tons
09-21-2026,2026,2022,7,2,wheat,guatemala,Trade Year Imports,633.0,1000 Metric Tons
09-21-2026,2026,2022,5,8,soybean-meal,mexico,Domestic Consumption,6875.0,1000 Metric Tons
09-21-2026,2026,2022,5,8,soybean-meal,mexico,Feed Waste Domestic Consumption,6825.0,1000 Metric Tons
09-21-2026,2026,2022,5,8,soybean-meal,mexico,Food Use Domestic Consumption,50.0,1000 Metric Tons
09-21-2026,2026,2022,5,8,soybean-meal,mexico,Industrial Domestic Consumption,0.0,1000 Metric Tons
09-21-2026,2026,2022,5,8,soybean-meal,mexico,Exports,17.0,1000 Metric Tons
09-21-2026,2026,2022,9,4,wheat,european-union,Area Harvested,24294.0,1000 Hectares
09-21-2026,2026,2022,9,12,soybean-meal,world,Beginning Stocks,16071.0,1000 Metric Tons
09-21-2026,2026,2022,5,8,soybean-meal,mexico,Imports,1827.0,1000 Metric Tons
09-21-2026,2026,2022,9,12,soybean-meal,world,Production,247994.0,1000 Metric Tons
09-21-2026,2026,2022,5,8,soybean-meal,nigeria,Domestic Consumption,510.0,1000 Metric Tons
09-21-2026,2026,2022,5,8,soybean-meal,nigeria,Feed Waste Domestic Consumption,510.0,1000 Metric Tons
09-21-2026,2026,2022,5,8,soybean-meal,nigeria,Food Use Domestic Consumption,0.0,1000 Metric Tons
09-21-2026,2026,2022,5,8,soybean-meal,nigeria,Industrial Domestic Consumption,0.0,1000 Metric Tons
09-21-2026,2026,2022,5,8,soybean-meal,nigeria,Exports,108.0,1000 Metric Tons
09-21-2026,2026,2022,5,8,soybean-meal,nigeria,Total Supply,680.0,1000 Metric Tons
09-21-2026,2026,2022,5,8,soybean-meal,nigeria,Imports,1.0,1000 Metric Tons
09-21-2026,2026,2022,5,8,soybean-meal,nigeria,Production,622.0,1000 Metric Tons
09-21-2026,2026,2022,5,8,soybean-meal,nigeria,Beginning Stocks,57.0,1000 Metric Tons
09-21-2026,2026,2022,5,8,soybean-meal,nigeria,Extraction Rate,0.7775,Percentage (%)
09-21-2026,2026,2022,5,8,soybean-meal,nigeria,Crush,800.0,1000 Metric Tons
09-21-2026,2026,2022,4,11,wheat,egypt,Feed Domestic Consumption,1300.0,1000 Metric Tons
09-21-2026,2026,2022,4,11,wheat,egypt,Food Seed and Industrial Consumption,19200.0,1000 Metric Tons
09-21-2026,2026,2022,4,11,wheat,egypt,Domestic Consumption,20500.0,1000 Metric Tons
09-21-2026,2026,2022,4,11,wheat,egypt,Ending Stocks,5330.0,1000 Metric Tons
09-21-2026,2026,2022,4,11,wheat,egypt,Total Distribution,26130.0,1000 Metric Tons
09-21-2026,2026,2022,4,11,wheat,egypt,Yield,6.8538,Yield (Metric Tons per Hectare)
09-21-2026,2026,2022,9,12,soybean-meal,world,Soybean Meal Equivalent,243741.0,1000 Metric Tons
09-21-2026,2026,2022,9,12,soybean-meal,world,Total Distribution,331280.0,1000 Metric Tons
09-21-2026,2026,2022,9,12,soybean-meal,world,Ending Stocks,16581.0,1000 Metric Tons
09-21-2026,2026,2022,9,12,soybean-meal,world,Domestic Consumption,245859.0,1000 Metric Tons
09-21-2026,2026,2022,9,12,soybean-meal,world,Feed Waste Domestic Consumption,243741.0,1000 Metric Tons
09-21-2026,2026,2022,9,12,soybean-meal,world,Food Use Domestic Consumption,796.0,1000 Metric Tons
09-21-2026,2026,2022,9,12,soybean-meal,world,Industrial Domestic Consumption,1322.0,1000 Metric Tons
09-21-2026,2026,2022,9,12,soybean-meal,world,Exports,68840.0,1000 Metric Tons
09-21-2026,2026,2022,9,12,soybean-meal,world,Total Supply,331280.0,1000 Metric Tons
09-21-2026,2026,2022,9,12,soybean-meal,world,Imports,67215.0,1000 Metric Tons
09-21-2026,2026,2022,5,8,soybean-meal,mexico,Total Supply,7045.0,1000 Metric Tons
09-21-2026,2026,2022,5,8,soybean-meal,mexico,Production,5020.0,1000 Metric Tons
09-21-2026,2026,2022,5,8,soybean-meal,nigeria,Ending Stocks,62.0,1000 Metric Tons
09-21-2026,2026,2022,9,1,corn,world,Total Distribution,1702283.0,1000 Metric Tons
09-21-2026,2026,2022,9,1,corn,world,Domestic Consumption,1181965.0,1000 Metric Tons
09-21-2026,2026,2022,9,1,corn,world,Food Seed and Industrial Consumption,440637.0,1000 Metric Tons
09-21-2026,2026,2022,9,1,corn,world,Feed Domestic Consumption,741328.0,1000 Metric Tons
09-21-2026,2026,2022,9,1,corn,world,Trade Year Exports,194049.0,1000 Metric Tons
09-21-2026,2026,2022,9,1,corn,world,Exports,206985.0,1000 Metric Tons
09-21-2026,2026,2022,9,1,corn,world,Total Supply,1702283.0,1000 Metric Tons
09-21-2026,2026,2022,9,1,corn,world,Trade Year Imports From United States,62841.0,1000 Metric Tons
09-21-2026,2026,2022,9,1,corn,world,Trade Year Imports,186824.0,1000 Metric Tons
09-21-2026,2026,2022,9,1,corn,world,Imports,184513.0,1000 Metric Tons
09-21-2026,2026,2022,9,1,corn,world,Production,1220839.0,1000 Metric Tons
09-21-2026,2026,2022,9,1,corn,world,Beginning Stocks,296931.0,1000 Metric Tons
09-21-2026,2026,2022,9,1,corn,world,Area Harvested,207659.0,1000 Hectares
09-21-2026,2026,2022,5,12,wheat,mexico,Area Harvested,548.0,1000 Hectares
09-21-2026,2026,2022,5,12,wheat,mexico,Beginning Stocks,503.0,1000 Metric Tons
09-21-2026,2026,2022,5,12,wheat,mexico,Production,3284.0,1000 Metric Tons
09-21-2026,2026,2022,5,12,wheat,mexico,Imports,5326.0,1000 Metric Tons
09-21-2026,2026,2022,5,12,wheat,mexico,Trade Year Imports,5326.0,1000 Metric Tons
09-21-2026,2026,2022,5,12,wheat,mexico,Trade Year Imports From United States,4305.0,1000 Metric Tons
09-21-2026,2026,2022,5,12,wheat,mexico,Total Supply,9113.0,1000 Metric Tons
09-21-2026,2026,2022,5,12,wheat,mexico,Exports,924.0,1000 Metric Tons
09-21-2026,2026,2022,5,12,wheat,mexico,Trade Year Exports,924.0,1000 Metric Tons
09-21-2026,2026,2022,5,12,wheat,mexico,Feed Domestic Consumption,400.0,1000 Metric Tons
09-21-2026,2026,2022,5,12,wheat,mexico,Food Seed and Industrial Consumption,7500.0,1000 Metric Tons
09-21-2026,2026,2022,5,12,wheat,mexico,Domestic Consumption,7900.0,1000 Metric Tons
09-21-2026,2026,2022,5,12,wheat,mexico,Ending Stocks,289.0,1000 Metric Tons
09-21-2026,2026,2022,5,12,wheat,mexico,Total Distribution,9113.0,1000 Metric Tons
09-21-2026,2026,2022,5,12,wheat,mexico,Yield,5.9927,Yield (Metric Tons per Hectare)
09-21-2026,2026,2022,9,1,corn,world,Ending Stocks,313333.0,1000 Metric Tons
09-21-2026,2026,2022,9,1,corn,world,Yield,5.8791,Yield (Metric Tons per Hectare)
09-21-2026,2026,2022,5,8,soybean-meal,mexico,Beginning Stocks,198.0,1000 Metric Tons
09-21-2026,2026,2022,5,12,wheat,indonesia,Yield,0.0,Yield (Metric Tons per Hectare)
09-21-2026,2026,2022,5,8,soybean-meal,mexico,Extraction Rate,0.7906,Percentage (%)
09-21-2026,2026,2022,5,8,soybean-meal,mexico,Crush,6350.0,1000 Metric Tons
09-21-2026,2026,2022,7,2,wheat,guatemala,Trade Year Imports From United States,390.0,1000 Metric Tons
09-21-2026,2026,2022,7,2,wheat,guatemala,Total Supply,879.0,1000 Metric Tons
09-21-2026,2026,2022,7,2,wheat,guatemala,Exports,50.0,1000 Metric Tons
09-21-2026,2026,2022,7,2,wheat,guatemala,Trade Year Exports,50.0,1000 Metric Tons
09-21-2026,2026,2022,7,2,wheat,guatemala,Feed Domestic Consumption,40.0,1000 Metric Tons
09-21-2026,2026,2022,7,2,wheat,guatemala,Food Seed and Industrial Consumption,600.0,1000 Metric Tons
09-21-2026,2026,2022,7,2,wheat,guatemala,Domestic Consumption,640.0,1000 Metric Tons
09-21-2026,2026,2022,7,2,wheat,guatemala,Ending Stocks,189.0,1000 Metric Tons
09-21-2026,2026,2022,7,2,wheat,guatemala,Total Distribution,879.0,1000 Metric Tons
09-21-2026,2026,2022,9,12,soybean-meal,world,Crush,316468.0,1000 Metric Tons
09-21-2026,2026,2022,7,2,wheat,guatemala,Yield,0.0,Yield (Metric Tons per Hectare)
09-21-2026,2026,2022,5,12,wheat,indonesia,Area Harvested,0.0,1000 Hectares
09-21-2026,2026,2022,5,12,wheat,indonesia,Beginning Stocks,1275.0,1000 Metric Tons
09-21-2026,2026,2022,5,12,wheat,indonesia,Production,0.0,1000 Metric Tons
09-21-2026,2026,2022,5,12,wheat,indonesia,Imports,11271.0,1000 Metric Tons
09-21-2026,2026,2022,5,12,wheat,indonesia,Trade Year Imports,11271.0,1000 Metric Tons
09-21-2026,2026,2022,5,12,wheat,indonesia,Trade Year Imports From United States,122.0,1000 Metric Tons
09-21-2026,2026,2022,5,12,wheat,indonesia,Total Supply,12546.0,1000 Metric Tons
09-21-2026,2026,2022,5,12,wheat,indonesia,Exports,346.0,1000 Metric Tons
09-21-2026,2026,2022,5,12,wheat,indonesia,Trade Year Exports,346.0,1000 Metric Tons
09-21-2026,2026,2022,5,12,wheat,indonesia,Feed Domestic Consumption,1700.0,1000 Metric Tons
09-21-2026,2026,2022,5,12,wheat,indonesia,Food Seed and Industrial Consumption,8800.0,1000 Metric Tons
09-21-2026,2026,2022,5,12,wheat,indonesia,Domestic Consumption,10500.0,1000 Metric Tons
09-21-2026,2026,2022,5,12,wheat,indonesia,Ending Stocks,1700.0,1000 Metric Tons
09-21-2026,2026,2022,5,12,wheat,indonesia,Total Distribution,12546.0,1000 Metric Tons
09-21-2026,2024,2022,5,9,corn,china,Yield,6.291,Yield (Metric Tons per Hectare)
09-21-2026,2026,2022,5,8,soybean-oil,united-states,Feed Waste Domestic Consumption,0.0,1000 Metric Tons
09-21-2026,2025,2022,4,8,corn,pakistan,Beginning Stocks,1561.0,1000 Metric Tons
09-21-2026,2026,2022,5,8,soybean-meal,taiwan,Production,1630.0,1000 Metric Tons
09-21-2026,2025,2022,4,8,corn,pakistan,Total Distribution,11121.0,1000 Metric Tons
09-21-2026,2025,2022,4,8,corn,pakistan,Ending Stocks,1536.0,1000 Metric Tons
09-21-2026,2025,2022,4,8,corn,pakistan,Domestic Consumption,8800.0,1000 Metric Tons
09-21-2026,2025,2022,4,8,corn,pakistan,Food Seed and Industrial Consumption,2400.0,1000 Metric Tons
09-21-2026,2025,2022,4,8,corn,pakistan,Feed Domestic Consumption,6400.0,1000 Metric Tons
09-21-2026,2025,2022,4,8,corn,pakistan,Trade Year Exports,796.0,1000 Metric Tons
09-21-2026,2025,2022,4,8,corn,pakistan,Exports,785.0,1000 Metric Tons
09-21-2026,2026,2022,4,7,soybean-meal,pakistan,Total Distribution,1571.0,1000 Metric Tons
09-21-2026,2026,2022,4,7,soybean-meal,pakistan,Ending Stocks,101.0,1000 Metric Tons
09-21-2026,2025,2022,4,8,corn,pakistan,Total Supply,11121.0,1000 Metric Tons
09-21-2026,2025,2022,4,8,corn,pakistan,Trade Year Imports From United States,11.0,1000 Metric Tons
09-21-2026,2025,2022,4,8,corn,pakistan,Trade Year Imports,34.0,1000 Metric Tons
09-21-2026,2025,2022,4,8,corn,pakistan,Imports,35.0,1000 Metric Tons
09-21-2026,2025,2022,4,8,corn,pakistan,Production,9525.0,1000 Metric Tons
09-21-2026,2024,2022,4,8,corn,bangladesh,Domestic Consumption,6900.0,1000 Metric Tons
09-21-2026,2025,2022,4,8,corn,pakistan,Area Harvested,1653.0,1000 Hectares
09-21-2026,2024,2022,5,9,corn,egypt,Yield,8.0,Yield (Metric Tons per Hectare)
09-21-2026,2026,2022,5,8,soybean-meal,taiwan,Crush,2075.0,1000 Metric Tons
09-21-2026,2026,2022,5,8,soybean-meal,taiwan,Extraction Rate,0.7855,Percentage (%)
09-21-2026,2025,2022,4,8,corn,pakistan,Yield,5.7623,Yield (Metric Tons per Hectare)
09-21-2026,2024,2022,4,8,corn,bangladesh,Area Harvested,550.0,1000 Hectares
09-21-2026,2024,2022,4,8,corn,bangladesh,Beginning Stocks,444.0,1000 Metric Tons
09-21-2026,2026,2022,5,8,soybean-meal,nigeria,Soybean Meal Equivalent,510.0,1000 Metric Tons
09-21-2026,2024,2022,4,8,corn,bangladesh,Feed Domestic Consumption,6500.0,1000 Metric Tons
09-21-2026,2024,2022,4,8,corn,bangladesh,Trade Year Exports,0.0,1000 Metric Tons
09-21-2026,2024,2022,4,8,corn,bangladesh,Exports,0.0,1000 Metric Tons
09-21-2026,2024,2022,4,8,corn,bangladesh,Total Supply,7089.0,1000 Metric Tons
09-21-2026,2024,2022,4,8,corn,bangladesh,Trade Year Imports From United States,0.0,1000 Metric Tons
09-21-2026,2024,2022,4,8,corn,bangladesh,Trade Year Imports,2544.0,1000 Metric Tons
09-21-2026,2024,2022,4,8,corn,bangladesh,Ending Stocks,189.0,1000 Metric Tons
09-21-2026,2024,2022,4,8,corn,bangladesh,Total Distribution,7089.0,1000 Metric Tons
09-21-2026,2026,2022,5,8,soybean-meal,nigeria,Total Distribution,680.0,1000 Metric Tons
09-21-2026,2026,2022,4,7,soybean-meal,pakistan,Soybean Meal Equivalent,1425.0,1000 Metric Tons
09-21-2026,2024,2022,4,8,corn,bangladesh,Yield,8.5455,Yield (Metric Tons per Hectare)
09-21-2026,2024,2022,4,8,corn,bangladesh,Imports,1945.0,1000 Metric Tons
09-21-2026,2024,2022,4,8,corn,bangladesh,Production,4700.0,1000 Metric Tons
09-21-2026,2026,2022,4,11,wheat,egypt,Area Harvested,1436.0,1000 Hectares
09-21-2026,2026,2022,4,11,wheat,egypt,Beginning Stocks,5032.0,1000 Metric Tons
09-21-2026,2026,2022,4,11,wheat,egypt,Production,9842.0,1000 Metric Tons
09-21-2026,2026,2022,4,11,wheat,egypt,Imports,11256.0,1000 Metric Tons
09-21-2026,2026,2022,4,11,wheat,egypt,Trade Year Imports,11256.0,1000 Metric Tons
09-21-2026,2026,2022,5,8,soybean-meal,taiwan,Beginning Stocks,58.0,1000 Metric Tons
09-21-2026,2024,2022,4,8,corn,bangladesh,Food Seed and Industrial Consumption,400.0,1000 Metric Tons
09-21-2026,2026,2022,5,8,soybean-meal,taiwan,Imports,79.0,1000 Metric Tons
09-21-2026,2024,2022,5,9,corn,egypt,Imports,9763.0,1000 Metric Tons
09-21-2026,2024,2022,5,9,corn,egypt,Beginning Stocks,1355.0,1000 Metric Tons
09-21-2026,2024,2022,5,9,corn,egypt,Area Harvested,930.0,1000 Hectares
09-21-2026,2026,2022,4,7,soybean-meal,pakistan,Domestic Consumption,1425.0,1000 Metric Tons
09-21-2026,2026,2022,4,7,soybean-meal,pakistan,Feed Waste Domestic Consumption,1425.0,1000 Metric Tons
09-21-2026,2026,2022,4,7,soybean-meal,pakistan,Food Use Domestic Consumption,0.0,1000 Metric Tons
09-21-2026,2026,2022,5,8,soybean-meal,taiwan,Total Supply,1767.0,1000 Metric Tons
09-21-2026,2026,2022,4,7,soybean-meal,pakistan,Exports,45.0,1000 Metric Tons
09-21-2026,2026,2022,4,7,soybean-meal,pakistan,Total Supply,1571.0,1000 Metric Tons
09-21-2026,2026,2022,4,7,soybean-meal,pakistan,Imports,3.0,1000 Metric Tons
09-21-2026,2026,2022,4,7,soybean-meal,pakistan,Production,1443.0,1000 Metric Tons
09-21-2026,2026,2022,4,7,soybean-meal,pakistan,Beginning Stocks,125.0,1000 Metric Tons
09-21-2026,2026,2022,4,7,soybean-meal,pakistan,Extraction Rate,0.78,Percentage (%)
09-21-2026,2026,2022,4,7,soybean-meal,pakistan,Crush,1850.0,1000 Metric Tons
09-21-2026,2026,2022,4,11,wheat,egypt,Trade Year Imports From United States,196.0,1000 Metric Tons
09-21-2026,2026,2022,4,11,wheat,egypt,Total Supply,26130.0,1000 Metric Tons
09-21-2026,2026,2022,4,11,wheat,egypt,Exports,300.0,1000 Metric Tons
09-21-2026,2026,2022,4,11,wheat,egypt,Trade Year Exports,300.0,1000 Metric Tons
09-21-2026,2024,2022,5,9,corn,egypt,Production,7440.0,1000 Metric Tons
09-21-2026,2026,2022,4,7,soybean-meal,pakistan,Industrial Domestic Consumption,0.0,1000 Metric Tons
09-21-2026,2024,2022,5,9,corn,egypt,Trade Year Imports,9763.0,1000 Metric Tons
09-21-2026,2024,2022,5,9,corn,egypt,Trade Year Imports From United States,22.0,1000 Metric Tons
09-21-2026,2026,2022,5,8,soybean-meal,taiwan,Exports,11.0,1000 Metric Tons
09-21-2026,2026,2022,5,8,soybean-meal,taiwan,Industrial Domestic Consumption,0.0,1000 Metric Tons
09-21-2026,2026,2022,5,8,soybean-meal,taiwan,Food Use Domestic Consumption,0.0,1000 Metric Tons
09-21-2026,2026,2022,5,8,soybean-meal,taiwan,Feed Waste Domestic Consumption,1695.0,1000 Metric Tons
09-21-2026,2026,2022,5,8,soybean-meal,taiwan,Domestic Consumption,1695.0,1000 Metric Tons
09-21-2026,2026,2022,5,8,soybean-meal,taiwan,Ending Stocks,61.0,1000 Metric Tons
09-21-2026,2026,2022,5,8,soybean-meal,taiwan,Total Distribution,1767.0,1000 Metric Tons
09-21-2026,2026,2022,5,8,soybean-meal,taiwan,Soybean Meal Equivalent,1695.0,1000 Metric Tons
09-21-2026,2024,2022,5,9,corn,egypt,Total Distribution,18558.0,1000 Metric Tons
09-21-2026,2024,2022,5,9,corn,egypt,Ending Stocks,1557.0,1000 Metric Tons
09-21-2026,2024,2022,5,9,corn,egypt,Total Supply,18558.0,1000 Metric Tons
09-21-2026,2024,2022,5,9,corn,egypt,Exports,1.0,1000 Metric Tons
09-21-2026,2024,2022,5,9,corn,egypt,Trade Year Exports,1.0,1000 Metric Tons
09-21-2026,2024,2022,5,9,corn,egypt,Feed Domestic Consumption,14500.0,1000 Metric Tons
09-21-2026,2024,2022,5,9,corn,egypt,Food Seed and Industrial Consumption,2500.0,1000 Metric Tons
09-21-2026,2024,2022,5,9,corn,egypt,Domestic Consumption,17000.0,1000 Metric Tons
09-21-2026,2026,2021,9,1,soybeans,world,Beginning Stocks,95214.0,1000 Metric Tons
09-21-2026,2024,2021,4,8,soybeans,taiwan,Yield,1.3333,Yield (Metric Tons per Hectare)
09-21-2026,2025,2021,4,8,soybeans,guatemala,Production,36.0,1000 Metric Tons
09-21-2026,2025,2021,4,8,soybeans,guatemala,Beginning Stocks,0.0,1000 Metric Tons
09-21-2026,2025,2021,4,8,soybeans,guatemala,Area Harvested,14.0,1000 Hectares
09-21-2026,2026,2021,9,12,soybean-oil,world,Beginning Stocks,5664.0,1000 Metric Tons
09-21-2026,2026,2021,9,1,soybeans,world,Production,369626.0,1000 Metric Tons
09-21-2026,2026,2021,9,12,soybean-oil,world,Industrial Domestic Consumption,11399.0,1000 Metric Tons
09-21-2026,2026,2021,9,12,soybean-oil,world,Exports,12605.0,1000 Metric Tons
09-21-2026,2026,2021,9,12,soybean-oil,world,Total Supply,77485.0,1000 Metric Tons
09-21-2026,2026,2021,9,12,soybean-oil,world,Imports,11760.0,1000 Metric Tons
09-21-2026,2026,2021,9,12,soybean-oil,world,Production,60061.0,1000 Metric Tons
09-21-2026,2026,2021,9,1,soybeans,world,Area Harvested,130226.0,1000 Hectares
09-21-2026,2026,2021,9,1,soybeans,world,Exports,165176.0,1000 Metric Tons
09-21-2026,2026,2021,9,1,soybeans,world,Total Supply,631149.0,1000 Metric Tons
09-21-2026,2026,2021,9,1,soybeans,world,Imports,166309.0,1000 Metric Tons
09-21-2026,2024,2021,4,8,soybeans,canada,Crush,1642.0,1000 Metric Tons
09-21-2026,2026,2021,9,12,soybean-meal,world,Production,249747.0,1000 Metric Tons
09-21-2026,2026,2021,9,1,soybeans,world,Crush,318161.0,1000 Metric Tons
09-21-2026,2026,2021,9,1,corn,world,Domestic Consumption,1154185.0,1000 Metric Tons
09-21-2026,2026,2021,9,1,corn,world,Yield,5.6505,Yield (Metric Tons per Hectare)
09-21-2026,2026,2021,9,1,corn,world,Total Distribution,1634095.0,1000 Metric Tons
09-21-2026,2026,2021,9,4,wheat,world,Imports,194674.0,1000 Metric Tons
09-21-2026,2026,2021,9,4,wheat,world,Trade Year Imports,194777.0,1000 Metric Tons
09-21-2026,2026,2021,9,4,wheat,world,Trade Year Imports From United States,26499.0,1000 Metric Tons
09-21-2026,2026,2021,9,4,wheat,world,Total Supply,1266055.0,1000 Metric Tons
09-21-2026,2026,2021,9,4,wheat,world,Exports,203642.0,1000 Metric Tons
09-21-2026,2026,2021,9,1,corn,world,Ending Stocks,296931.0,1000 Metric Tons
09-21-2026,2026,2021,9,1,corn,world,Food Seed and Industrial Consumption,426937.0,1000 Metric Tons
09-21-2026,2026,2021,9,4,wheat,world,Beginning Stocks,298622.0,1000 Metric Tons
09-21-2026,2026,2021,9,1,corn,world,Feed Domestic Consumption,727248.0,1000 Metric Tons
09-21-2026,2026,2021,9,1,corn,world,Trade Year Exports,184463.0,1000 Metric Tons
09-21-2026,2026,2021,9,1,corn,world,Exports,182979.0,1000 Metric Tons
09-21-2026,2026,2021,9,1,corn,world,Total Supply,1634095.0,1000 Metric Tons
09-21-2026,2026,2021,9,1,corn,world,Trade Year Imports From United States,68222.0,1000 Metric Tons
09-21-2026,2026,2021,9,1,corn,world,Trade Year Imports,179845.0,1000 Metric Tons
09-21-2026,2026,2021,9,1,corn,world,Imports,184940.0,1000 Metric Tons
09-21-2026,2026,2021,9,1,corn,world,Production,1134185.0,1000 Metric Tons
09-21-2026,2026,2021,9,4,wheat,world,Production,772759.0,1000 Metric Tons
09-21-2026,2026,2021,9,4,wheat,world,Area Harvested,220216.0,1000 Hectares
09-21-2026,2026,2021,9,1,soybeans,world,Food Use Domestic Consumption,21614.0,1000 Metric Tons
09-21-2026,2026,2021,9,12,soybean-meal,world,Domestic Consumption,245639.0,1000 Metric Tons
09-21-2026,2026,2021,9,1,soybeans,world,Feed Waste Domestic Consumption,27359.0,1000 Metric Tons
09-21-2026,2026,2021,9,1,soybeans,world,Domestic Consumption,367134.0,1000 Metric Tons
09-21-2026,2026,2021,9,1,soybeans,world,Ending Stocks,98839.0,1000 Metric Tons
09-21-2026,2026,2021,9,1,soybeans,world,Total Distribution,631149.0,1000 Metric Tons
09-21-2026,2026,2021,9,1,soybeans,world,Yield,2.8383,Yield (Metric Tons per Hectare)
09-21-2026,2026,2021,9,12,soybean-meal,world,Soybean Meal Equivalent,243531.0,1000 Metric Tons
09-21-2026,2026,2021,9,12,soybean-meal,world,Total Distribution,331502.0,1000 Metric Tons
09-21-2026,2026,2021,9,12,soybean-meal,world,Ending Stocks,16071.0,1000 Metric Tons
09-21-2026,2026,2021,9,12,soybean-meal,world,Feed Waste Domestic Consumption,243531.0,1000 Metric Tons
09-21-2026,2026,2021,9,12,soybean-meal,world,Crush,318161.0,1000 Metric Tons
09-21-2026,2026,2021,9,12,soybean-meal,world,Food Use Domestic Consumption,741.0,1000 Metric Tons
09-21-2026,2026,2021,9,12,soybean-meal,world,Industrial Domestic Consumption,1367.0,1000 Metric Tons
09-21-2026,2026,2021,9,12,soybean-meal,world,Exports,69792.0,1000 Metric Tons
09-21-2026,2026,2021,9,12,soybean-meal,world,Total Supply,331502.0,1000 Metric Tons
09-21-2026,2026,2021,9,12,soybean-meal,world,Imports,65658.0,1000 Metric Tons
09-21-2026,2026,2021,9,12,soybean-oil,world,Ending Stocks,5943.0,1000 Metric Tons
09-21-2026,2026,2021,9,12,soybean-meal,world,Beginning Stocks,16097.0,1000 Metric Tons
09-21-2026,2026,2021,9,12,soybean-meal,world,Extraction Rate,0.785,Percentage (%)
09-21-2026,2026,2021,9,12,soybean-oil,world,Total Distribution,77485.0,1000 Metric Tons
09-21-2026,2026,2021,9,12,soybean-oil,world,Feed Waste Domestic Consumption,80.0,1000 Metric Tons
09-21-2026,2026,2021,9,12,soybean-oil,world,Domestic Consumption,58937.0,1000 Metric Tons
09-21-2026,2024,2021,4,8,soybeans,canada,Exports,4554.0,1000 Metric Tons
09-21-2026,2023,2021,4,8,soybeans,thailand,Total Supply,4524.0,1000 Metric Tons
09-21-2026,2023,2021,4,8,soybeans,thailand,Imports,4157.0,1000 Metric Tons
09-21-2026,2023,2021,4,8,soybeans,thailand,Production,52.0,1000 Metric Tons
09-21-2026,2023,2021,4,8,soybeans,thailand,Beginning Stocks,315.0,1000 Metric Tons
09-21-2026,2023,2021,4,8,soybeans,thailand,Area Harvested,32.0,1000 Hectares
09-21-2026,2023,2021,4,8,soybeans,indonesia,Yield,1.2179,Yield (Metric Tons per Hectare)
09-21-2026,2023,2021,4,8,soybeans,indonesia,Total Distribution,3279.0,1000 Metric Tons
09-21-2026,2023,2021,4,8,soybeans,thailand,Crush,2800.0,1000 Metric Tons
09-21-2026,2023,2021,4,8,soybeans,indonesia,Ending Stocks,146.0,1000 Metric Tons
09-21-2026,2023,2021,4,8,soybeans,indonesia,Domestic Consumption,3130.0,1000 Metric Tons
09-21-2026,2023,2021,4,8,soybeans,indonesia,Feed Waste Domestic Consumption,150.0,1000 Metric Tons
09-21-2026,2023,2021,4,8,soybeans,indonesia,Food Use Domestic Consumption,2980.0,1000 Metric Tons
09-21-2026,2023,2021,4,8,soybeans,indonesia,Crush,0.0,1000 Metric Tons
09-21-2026,2023,2021,4,8,soybeans,indonesia,Exports,3.0,1000 Metric Tons
09-21-2026,2023,2021,4,8,soybeans,thailand,Exports,1.0,1000 Metric Tons
09-21-2026,2023,2021,4,8,soybeans,thailand,Food Use Domestic Consumption,282.0,1000 Metric Tons
09-21-2026,2023,2021,4,8,soybeans,indonesia,Imports,2617.0,1000 Metric Tons
09-21-2026,2024,2021,3,7,soybeans,china,Imports,99740.0,1000 Metric Tons
09-21-2026,2024,2021,3,7,soybeans,china,Domestic Consumption,114900.0,1000 Metric Tons
09-21-2026,2024,2021,3,7,soybeans,china,Feed Waste Domestic Consumption,5200.0,1000 Metric Tons
09-21-2026,2024,2021,3,7,soybeans,china,Food Use Domestic Consumption,14700.0,1000 Metric Tons
09-21-2026,2024,2021,3,7,soybeans,china,Crush,95000.0,1000 Metric Tons
09-21-2026,2024,2021,3,7,soybeans,china,Exports,70.0,1000 Metric Tons
09-21-2026,2024,2021,3,7,soybeans,china,Total Supply,143826.0,1000 Metric Tons
09-21-2026,2024,2021,3,7,soybeans,china,Production,19602.0,1000 Metric Tons
09-21-2026,2023,2021,4,8,soybeans,thailand,Feed Waste Domestic Consumption,950.0,1000 Metric Tons
09-21-2026,2024,2021,3,7,soybeans,china,Beginning Stocks,24484.0,1000 Metric Tons
09-21-2026,2024,2021,3,7,soybeans,china,Area Harvested,9883.0,1000 Hectares
09-21-2026,2023,2021,4,8,soybeans,thailand,Yield,1.625,Yield (Metric Tons per Hectare)
09-21-2026,2023,2021,4,8,soybeans,thailand,Total Distribution,4524.0,1000 Metric Tons
09-21-2026,2023,2021,4,8,soybeans,thailand,Ending Stocks,491.0,1000 Metric Tons
09-21-2026,2023,2021,4,8,soybeans,thailand,Domestic Consumption,4032.0,1000 Metric Tons
09-21-2026,2023,2021,4,8,soybeans,indonesia,Total Supply,3279.0,1000 Metric Tons
09-21-2026,2023,2021,4,8,soybeans,indonesia,Production,475.0,1000 Metric Tons
09-21-2026,2024,2021,3,7,soybeans,china,Total Distribution,143826.0,1000 Metric Tons
09-21-2026,2025,2021,4,8,soybeans,philippines,Production,1.0,1000 Metric Tons
09-21-2026,2025,2021,4,8,soybeans,philippines,Feed Waste Domestic Consumption,50.0,1000 Metric Tons
09-21-2026,2025,2021,4,8,soybeans,philippines,Food Use Domestic Consumption,25.0,1000 Metric Tons
09-21-2026,2025,2021,4,8,soybeans,philippines,Crush,100.0,1000 Metric Tons
09-21-2026,2025,2021,4,8,soybeans,philippines,Exports,0.0,1000 Metric Tons
09-21-2026,2025,2021,4,8,soybeans,philippines,Total Supply,203.0,1000 Metric Tons
09-21-2026,2025,2021,4,8,soybeans,philippines,Imports,171.0,1000 Metric Tons
09-21-2026,2025,2021,4,8,soybeans,philippines,Beginning Stocks,31.0,1000 Metric Tons
09-21-2026,2025,2021,4,8,soybeans,philippines,Ending Stocks,28.0,1000 Metric Tons
09-21-2026,2025,2021,4,8,soybeans,philippines,Area Harvested,1.0,1000 Hectares
09-21-2026,2024,2021,4,8,soybeans,canada,Yield,3.1156,Yield (Metric Tons per Hectare)
09-21-2026,2024,2021,4,8,soybeans,canada,Total Distribution,7496.0,1000 Metric Tons
09-21-2026,2024,2021,4,8,soybeans,canada,Ending Stocks,296.0,1000 Metric Tons
09-21-2026,2024,2021,4,8,soybeans,canada,Domestic Consumption,2646.0,1000 Metric Tons
09-21-2026,2024,2021,4,8,soybeans,canada,Feed Waste Domestic Consumption,1004.0,1000 Metric Tons
09-21-2026,2025,2021,4,8,soybeans,philippines,Domestic Consumption,175.0,1000 Metric Tons
09-21-2026,2025,2021,4,8,soybeans,philippines,Total Distribution,203.0,1000 Metric Tons
09-21-2026,2023,2021,4,8,soybeans,indonesia,Beginning Stocks,187.0,1000 Metric Tons
09-21-2026,2025,2021,12,4,soybeans,nigeria,Food Use Domestic Consumption,200.0,1000 Metric Tons
09-21-2026,2023,2021,4,8,soybeans,indonesia,Area Harvested,390.0,1000 Hectares
09-21-2026,2025,2021,12,4,soybeans,nigeria,Yield,1.0447,Yield (Metric Tons per Hectare)
09-21-2026,2025,2021,12,4,soybeans,nigeria,Total Distribution,1436.0,1000 Metric Tons
09-21-2026,2025,2021,12,4,soybeans,nigeria,Ending Stocks,189.0,1000 Metric Tons
09-21-2026,2025,2021,12,4,soybeans,nigeria,Domestic Consumption,1240.0,1000 Metric Tons
09-21-2026,2025,2021,12,4,soybeans,nigeria,Feed Waste Domestic Consumption,175.0,1000 Metric Tons
09-21-2026,2025,2021,12,4,soybeans,nigeria,Crush,865.0,1000 Metric Tons
09-21-2026,2025,2021,4,8,soybeans,philippines,Yield,1.0,Yield (Metric Tons per Hectare)
09-21-2026,2025,2021,12,4,soybeans,nigeria,Exports,7.0,1000 Metric Tons
09-21-2026,2025,2021,12,4,soybeans,nigeria,Total Supply,1436.0,1000 Metric Tons
09-21-2026,2025,2021,12,4,soybeans,nigeria,Imports,1.0,1000 Metric Tons
09-21-2026,2025,2021,12,4,soybeans,nigeria,Production,1262.0,1000 Metric Tons
09-21-2026,2025,2021,12,4,soybeans,nigeria,Beginning Stocks,173.0,1000 Metric Tons
09-21-2026,2025,2021,12,4,soybeans,nigeria,Area Harvested,1208.0,1000 Hectares
09-21-2026,2024,2021,3,7,soybeans,china,Ending Stocks,28856.0,1000 Metric Tons
09-21-2026,2024,2021,3,7,soybeans,china,Yield,1.9834,Yield (Metric Tons per Hectare)
09-21-2026,2024,2021,4,8,soybeans,canada,Food Use Domestic Consumption,0.0,1000 Metric Tons
09-21-2026,2023,2021,4,8,soybeans,bangladesh,Feed Waste Domestic Consumption,5.0,1000 Metric Tons
09-21-2026,2023,2021,4,8,soybeans,vietnam,Crush,1300.0,1000 Metric Tons
09-21-2026,2023,2021,4,8,soybeans,vietnam,Food Use Domestic Consumption,460.0,1000 Metric Tons
09-21-2026,2023,2021,4,8,soybeans,bangladesh,Yield,1.7308,Yield (Metric Tons per Hectare)
09-21-2026,2023,2021,4,8,soybeans,bangladesh,Total Distribution,2848.0,1000 Metric Tons
09-21-2026,2023,2021,4,8,soybeans,bangladesh,Ending Stocks,188.0,1000 Metric Tons
09-21-2026,2023,2021,4,8,soybeans,bangladesh,Domestic Consumption,2660.0,1000 Metric Tons
09-21-2026,2023,2021,4,8,soybeans,bangladesh,Food Use Domestic Consumption,5.0,1000 Metric Tons
09-21-2026,2023,2021,4,8,soybeans,vietnam,Total Supply,2383.0,1000 Metric Tons
09-21-2026,2023,2021,4,8,soybeans,bangladesh,Crush,2650.0,1000 Metric Tons
09-21-2026,2023,2021,4,8,soybeans,bangladesh,Exports,0.0,1000 Metric Tons
09-21-2026,2023,2021,4,8,soybeans,bangladesh,Total Supply,2848.0,1000 Metric Tons
09-21-2026,2023,2021,4,8,soybeans,bangladesh,Imports,2255.0,1000 Metric Tons
09-21-2026,2023,2021,4,8,soybeans,bangladesh,Production,135.0,1000 Metric Tons
09-21-2026,2023,2021,4,8,soybeans,bangladesh,Beginning Stocks,458.0,1000 Metric Tons
09-21-2026,2023,2021,4,8,soybeans,vietnam,Exports,0.0,1000 Metric Tons
09-21-2026,2023,2021,4,8,soybeans,vietnam,Imports,1951.0,1000 Metric Tons
09-21-2026,2026,2021,4,8,soybeans,pakistan,Yield,1.0,Yield (Metric Tons per Hectare)
09-21-2026,2025,2021,4,8,soybeans,guatemala,Domestic Consumption,42.0,1000 Metric Tons
09-21-2026,2025,2021,4,8,soybeans,guatemala,Imports,6.0,1000 Metric Tons
09-21-2026,2025,2021,4,8,soybeans,guatemala,Total Supply,42.0,1000 Metric Tons
09-21-2026,2025,2021,4,8,soybeans,guatemala,Exports,0.0,1000 Metric Tons
09-21-2026,2025,2021,4,8,soybeans,guatemala,Crush,41.0,1000 Metric Tons
09-21-2026,2025,2021,4,8,soybeans,guatemala,Food Use Domestic Consumption,0.0,1000 Metric Tons
09-21-2026,2025,2021,4,8,soybeans,guatemala,Feed Waste Domestic Consumption,1.0,1000 Metric Tons
09-21-2026,2025,2021,4,8,soybeans,guatemala,Ending Stocks,0.0,1000 Metric Tons
09-21-2026,2023,2021,4,8,soybeans,vietnam,Production,58.0,1000 Metric Tons
09-21-2026,2025,2021,4,8,soybeans,guatemala,Total Distribution,42.0,1000 Metric Tons
09-21-2026,2025,2021,4,8,soybeans,guatemala,Yield,2.5714,Yield (Metric Tons per Hectare)
09-21-2026,2023,2021,4,8,soybeans,vietnam,Area Harvested,36.0,1000 Hectares
09-21-2026,2023,2021,4,8,soybeans,vietnam,Beginning Stocks,374.0,1000 Metric Tons
09-21-2026,2026,2021,9,12,soybean-oil,world,Crush,318161.0,1000 Metric Tons
09-21-2026,2026,2021,9,12,soybean-oil,world,Extraction Rate,0.1888,Percentage (%)
09-21-2026,2023,2021,4,8,soybeans,bangladesh,Area Harvested,78.0,1000 Hectares
09-21-2026,2026,2021,4,8,soybeans,pakistan,Total Distribution,2724.0,1000 Metric Tons
09-21-2026,2024,2021,4,8,soybeans,egypt,Area Harvested,13.0,1000 Hectares
09-21-2026,2024,2021,4,8,soybeans,egypt,Food Use Domestic Consumption,17.0,1000 Metric Tons
09-21-2026,2024,2021,4,8,soybeans,canada,Area Harvested,2041.0,1000 Hectares
09-21-2026,2024,2021,4,8,soybeans,canada,Beginning Stocks,621.0,1000 Metric Tons
09-21-2026,2024,2021,4,8,soybeans,canada,Production,6359.0,1000 Metric Tons
09-21-2026,2024,2021,4,8,soybeans,canada,Imports,516.0,1000 Metric Tons
09-21-2026,2024,2021,4,8,soybeans,egypt,Domestic Consumption,3742.0,1000 Metric Tons
09-21-2026,2024,2021,4,8,soybeans,canada,Total Supply,7496.0,1000 Metric Tons
09-21-2026,2026,2021,9,12,soybean-oil,world,Food Use Domestic Consumption,47458.0,1000 Metric Tons
09-21-2026,2023,2021,4,8,soybeans,vietnam,Total Distribution,2383.0,1000 Metric Tons
09-21-2026,2024,2021,4,8,soybeans,egypt,Crush,3700.0,1000 Metric Tons
09-21-2026,2024,2021,4,8,soybeans,egypt,Exports,2.0,1000 Metric Tons
09-21-2026,2024,2021,4,8,soybeans,egypt,Total Supply,4029.0,1000 Metric Tons
09-21-2026,2024,2021,4,8,soybeans,egypt,Imports,3607.0,1000 Metric Tons
09-21-2026,2024,2021,4,8,soybeans,egypt,Production,36.0,1000 Metric Tons
09-21-2026,2024,2021,4,8,soybeans,egypt,Beginning Stocks,386.0,1000 Metric Tons
09-21-2026,2023,2021,4,8,soybeans,vietnam,Yield,1.6111,Yield (Metric Tons per Hectare)
09-21-2026,2023,2021,4,8,soybeans,vietnam,Ending Stocks,443.0,1000 Metric Tons
09-21-2026,2026,2021,4,8,soybeans,pakistan,Ending Stocks,204.0,1000 Metric Tons
09-21-2026,2026,2021,4,8,soybeans,pakistan,Imports,2520.0,1000 Metric Tons
09-21-2026,2026,2021,4,8,soybeans,pakistan,Domestic Consumption,2520.0,1000 Metric Tons
09-21-2026,2026,2021,4,8,soybeans,pakistan,Feed Waste Domestic Consumption,20.0,1000 Metric Tons
09-21-2026,2026,2021,4,8,soybeans,pakistan,Food Use Domestic Consumption,0.0,1000 Metric Tons
09-21-2026,2026,2021,4,8,soybeans,pakistan,Crush,2500.0,1000 Metric Tons
09-21-2026,2026,2021,4,8,soybeans,pakistan,Exports,0.0,1000 Metric Tons
09-21-2026,2026,2021,4,8,soybeans,pakistan,Total Supply,2724.0,1000 Metric Tons
09-21-2026,2026,2021,4,8,soybeans,pakistan,Production,1.0,1000 Metric Tons
09-21-2026,2023,2021,4,8,soybeans,vietnam,Domestic Consumption,1940.0,1000 Metric Tons
09-21-2026,2026,2021,4,8,soybeans,pakistan,Beginning Stocks,203.0,1000 Metric Tons
09-21-2026,2026,2021,4,8,soybeans,pakistan,Area Harvested,1.0,1000 Hectares
09-21-2026,2024,2021,4,8,soybeans,egypt,Yield,2.7692,Yield (Metric Tons per Hectare)
09-21-2026,2024,2021,4,8,soybeans,egypt,Total Distribution,4029.0,1000 Metric Tons
09-21-2026,2024,2021,4,8,soybeans,egypt,Ending Stocks,285.0,1000 Metric Tons
09-21-2026,2023,2021,4,8,soybeans,vietnam,Feed Waste Domestic Consumption,180.0,1000 Metric Tons
09-21-2026,2024,2021,4,8,soybeans,egypt,Feed Waste Domestic Consumption,25.0,1000 Metric Tons
09-21-2026,2025,2021,2,6,corn,european-union,Trade Year Exports,3740.0,1000 Metric Tons
09-21-2026,2026,2021,9,4,wheat,world,Trade Year Exports,199804.0,1000 Metric Tons
09-21-2026,2025,2021,5,9,corn,philippines,Exports,2.0,1000 Metric Tons
09-21-2026,2026,2021,3,7,corn,honduras,Total Distribution,1560.0,1000 Metric Tons
09-21-2026,2026,2021,3,7,corn,honduras,Yield,1.8375,Yield (Metric Tons per Hectare)
09-21-2026,2025,2021,5,9,corn,philippines,Area Harvested,2573.0,1000 Hectares
09-21-2026,2025,2021,5,9,corn,philippines,Beginning Stocks,555.0,1000 Metric Tons
09-21-2026,2025,2021,5,9,corn,philippines,Production,8352.0,1000 Metric Tons
09-21-2026,2025,2021,5,9,corn,philippines,Imports,609.0,1000 Metric Tons
09-21-2026,2025,2021,5,9,corn,philippines,Trade Year Imports,338.0,1000 Metric Tons
09-21-2026,2025,2021,5,9,corn,philippines,Trade Year Imports From United States,7.0,1000 Metric Tons
09-21-2026,2025,2021,5,9,corn,philippines,Total Supply,9516.0,1000 Metric Tons
09-21-2026,2025,2021,5,9,corn,philippines,Trade Year Exports,1.0,1000 Metric Tons
09-21-2026,2026,2021,3,7,corn,honduras,Domestic Consumption,1400.0,1000 Metric Tons
09-21-2026,2025,2021,5,9,corn,philippines,Feed Domestic Consumption,5200.0,1000 Metric Tons
09-21-2026,2025,2021,5,9,corn,philippines,Food Seed and Industrial Consumption,3600.0,1000 Metric Tons
09-21-2026,2025,2021,5,9,corn,philippines,Domestic Consumption,8800.0,1000 Metric Tons
09-21-2026,2025,2021,5,9,corn,philippines,Ending Stocks,714.0,1000 Metric Tons
09-21-2026,2025,2021,5,9,corn,philippines,Total Distribution,9516.0,1000 Metric Tons
09-21-2026,2025,2021,5,9,corn,philippines,Yield,3.246,Yield (Metric Tons per Hectare)
09-21-2026,2024,2021,8,12,corn,nigeria,Area Harvested,6049.0,1000 Hectares
09-21-2026,2024,2021,8,12,corn,nigeria,Beginning Stocks,1017.0,1000 Metric Tons
09-21-2026,2024,2021,8,12,corn,nigeria,Production,12400.0,1000 Metric Tons
09-21-2026,2026,2021,3,7,corn,honduras,Ending Stocks,158.0,1000 Metric Tons
09-21-2026,2026,2021,3,7,corn,honduras,Food Seed and Industrial Consumption,700.0,1000 Metric Tons
09-21-2026,2024,2021,8,12,corn,nigeria,Trade Year Imports,300.0,1000 Metric Tons
09-21-2026,2024,2021,5,9,corn,south-korea,Area Harvested,16.0,1000 Hectares
09-21-2026,2026,2021,3,7,corn,honduras,Area Harvested,363.0,1000 Hectares
09-21-2026,2026,2021,3,7,corn,honduras,Beginning Stocks,132.0,1000 Metric Tons
09-21-2026,2024,2021,5,9,corn,south-korea,Exports,0.0,1000 Metric Tons
09-21-2026,2024,2021,5,9,corn,south-korea,Total Supply,13798.0,1000 Metric Tons
09-21-2026,2024,2021,5,9,corn,south-korea,Trade Year Imports From United States,3320.0,1000 Metric Tons
09-21-2026,2024,2021,5,9,corn,south-korea,Trade Year Imports,11708.0,1000 Metric Tons
09-21-2026,2024,2021,5,9,corn,south-korea,Imports,11708.0,1000 Metric Tons
09-21-2026,2024,2021,5,9,corn,south-korea,Production,92.0,1000 Metric Tons
09-21-2026,2024,2021,5,9,corn,south-korea,Beginning Stocks,1998.0,1000 Metric Tons
09-21-2026,2023,2021,8,12,corn,japan,Yield,5.0,Yield (Metric Tons per Hectare)
09-21-2026,2026,2021,3,7,corn,honduras,Feed Domestic Consumption,700.0,1000 Metric Tons
09-21-2026,2023,2021,8,12,corn,japan,Total Distribution,16841.0,1000 Metric Tons
09-21-2026,2023,2021,8,12,corn,japan,Ending Stocks,1391.0,1000 Metric Tons
09-21-2026,2026,2021,3,7,corn,honduras,Production,667.0,1000 Metric Tons
09-21-2026,2026,2021,3,7,corn,honduras,Imports,761.0,1000 Metric Tons
09-21-2026,2026,2021,3,7,corn,honduras,Trade Year Imports,760.0,1000 Metric Tons
09-21-2026,2026,2021,3,7,corn,honduras,Trade Year Imports From United States,780.0,1000 Metric Tons
09-21-2026,2026,2021,3,7,corn,honduras,Total Supply,1560.0,1000 Metric Tons
09-21-2026,2026,2021,3,7,corn,honduras,Exports,2.0,1000 Metric Tons
09-21-2026,2026,2021,3,7,corn,honduras,Trade Year Exports,3.0,1000 Metric Tons
09-21-2026,2024,2021,8,12,corn,nigeria,Imports,300.0,1000 Metric Tons
09-21-2026,2024,2021,8,12,corn,nigeria,Trade Year Imports From United States,0.0,1000 Metric Tons
09-21-2026,2024,2021,5,9,corn,china,Trade Year Imports,29512.0,1000 Metric Tons
09-21-2026,2025,2021,11,3,corn,thailand,Exports,56.0,1000 Metric Tons
09-21-2026,2025,2021,8,12,corn,indonesia,Total Distribution,14623.0,1000 Metric Tons
09-21-2026,2025,2021,8,12,corn,indonesia,Yield,3.2727,Yield (Metric Tons per Hectare)
09-21-2026,2025,2021,11,3,corn,thailand,Area Harvested,1255.0,1000 Hectares
09-21-2026,2025,2021,11,3,corn,thailand,Beginning Stocks,675.0,1000 Metric Tons
09-21-2026,2025,2021,11,3,corn,thailand,Production,5500.0,1000 Metric Tons
09-21-2026,2025,2021,11,3,corn,thailand,Imports,1921.0,1000 Metric Tons
09-21-2026,2025,2021,11,3,corn,thailand,Trade Year Imports,1838.0,1000 Metric Tons
09-21-2026,2025,2021,11,3,corn,thailand,Trade Year Imports From United States,8.0,1000 Metric Tons
09-21-2026,2025,2021,11,3,corn,thailand,Total Supply,8096.0,1000 Metric Tons
09-21-2026,2025,2021,11,3,corn,thailand,Trade Year Exports,57.0,1000 Metric Tons
09-21-2026,2025,2021,8,12,corn,indonesia,Domestic Consumption,13300.0,1000 Metric Tons
09-21-2026,2025,2021,11,3,corn,thailand,Feed Domestic Consumption,7200.0,1000 Metric Tons
09-21-2026,2025,2021,11,3,corn,thailand,Food Seed and Industrial Consumption,100.0,1000 Metric Tons
09-21-2026,2025,2021,11,3,corn,thailand,Domestic Consumption,7300.0,1000 Metric Tons
09-21-2026,2025,2021,11,3,corn,thailand,Ending Stocks,740.0,1000 Metric Tons
09-21-2026,2025,2021,11,3,corn,thailand,Total Distribution,8096.0,1000 Metric Tons
09-21-2026,2025,2021,11,3,corn,thailand,Yield,4.3825,Yield (Metric Tons per Hectare)
09-21-2026,2024,2021,5,9,corn,china,Area Harvested,41264.0,1000 Hectares
09-21-2026,2024,2021,5,9,corn,china,Beginning Stocks,200526.0,1000 Metric Tons
09-21-2026,2024,2021,5,9,corn,china,Production,260670.0,1000 Metric Tons
09-21-2026,2025,2021,8,12,corn,indonesia,Ending Stocks,1321.0,1000 Metric Tons
09-21-2026,2025,2021,8,12,corn,indonesia,Food Seed and Industrial Consumption,4100.0,1000 Metric Tons
09-21-2026,2024,2021,8,12,corn,nigeria,Total Supply,13717.0,1000 Metric Tons
09-21-2026,2023,2021,8,12,corn,japan,Feed Domestic Consumption,12000.0,1000 Metric Tons
09-21-2026,2024,2021,8,12,corn,nigeria,Exports,50.0,1000 Metric Tons
09-21-2026,2024,2021,8,12,corn,nigeria,Trade Year Exports,50.0,1000 Metric Tons
09-21-2026,2024,2021,8,12,corn,nigeria,Feed Domestic Consumption,5200.0,1000 Metric Tons
09-21-2026,2024,2021,8,12,corn,nigeria,Food Seed and Industrial Consumption,7300.0,1000 Metric Tons
09-21-2026,2024,2021,8,12,corn,nigeria,Domestic Consumption,12500.0,1000 Metric Tons
09-21-2026,2024,2021,8,12,corn,nigeria,Ending Stocks,1167.0,1000 Metric Tons
09-21-2026,2024,2021,8,12,corn,nigeria,Total Distribution,13717.0,1000 Metric Tons
09-21-2026,2023,2021,8,12,corn,japan,Domestic Consumption,15450.0,1000 Metric Tons
09-21-2026,2023,2021,8,12,corn,japan,Food Seed and Industrial Consumption,3450.0,1000 Metric Tons
09-21-2026,2024,2021,8,12,corn,nigeria,Yield,2.0499,Yield (Metric Tons per Hectare)
09-21-2026,2025,2021,8,12,corn,indonesia,Feed Domestic Consumption,9200.0,1000 Metric Tons
09-21-2026,2025,2021,8,12,corn,indonesia,Area Harvested,3850.0,1000 Hectares
09-21-2026,2025,2021,8,12,corn,indonesia,Beginning Stocks,1087.0,1000 Metric Tons
09-21-2026,2025,2021,8,12,corn,indonesia,Production,12600.0,1000 Metric Tons
09-21-2026,2025,2021,8,12,corn,indonesia,Imports,936.0,1000 Metric Tons
09-21-2026,2025,2021,8,12,corn,indonesia,Trade Year Imports,936.0,1000 Metric Tons
09-21-2026,2025,2021,8,12,corn,indonesia,Trade Year Imports From United States,151.0,1000 Metric Tons
09-21-2026,2025,2021,8,12,corn,indonesia,Total Supply,14623.0,1000 Metric Tons
09-21-2026,2025,2021,8,12,corn,indonesia,Exports,2.0,1000 Metric Tons
09-21-2026,2025,2021,8,12,corn,indonesia,Trade Year Exports,2.0,1000 Metric Tons
09-21-2026,2023,2021,10,2,corn,canada,Yield,9.6328,Yield (Metric Tons per Hectare)
09-21-2026,2023,2021,10,2,corn,canada,Total Distribution,17703.0,1000 Metric Tons
09-21-2026,2023,2021,10,2,corn,canada,Ending Stocks,2169.0,1000 Metric Tons
09-21-2026,2024,2021,12,4,corn,colombia,Yield,4.0632,Yield (Metric Tons per Hectare)
09-21-2026,2025,2021,2,6,corn,european-union,Exports,3740.0,1000 Metric Tons
09-21-2026,2025,2021,2,6,corn,european-union,Total Supply,89329.0,1000 Metric Tons
09-21-2026,2025,2021,2,6,corn,european-union,Trade Year Imports From United States,3.0,1000 Metric Tons
09-21-2026,2025,2021,2,6,corn,european-union,Trade Year Imports,14496.0,1000 Metric Tons
09-21-2026,2024,2021,4,8,corn,guatemala,Trade Year Imports,1358.0,1000 Metric Tons
09-21-2026,2025,2021,2,6,corn,european-union,Imports,14496.0,1000 Metric Tons
09-21-2026,2025,2021,2,6,corn,european-union,Production,67440.0,1000 Metric Tons
09-21-2026,2025,2021,2,6,corn,european-union,Beginning Stocks,7393.0,1000 Metric Tons
09-21-2026,2025,2021,2,6,corn,european-union,Area Harvested,9241.0,1000 Hectares
09-21-2026,2024,2021,12,4,corn,colombia,Total Distribution,7559.0,1000 Metric Tons
09-21-2026,2024,2021,4,8,corn,guatemala,Production,1645.0,1000 Metric Tons
09-21-2026,2024,2021,12,4,corn,colombia,Ending Stocks,307.0,1000 Metric Tons
09-21-2026,2024,2021,12,4,corn,colombia,Domestic Consumption,7250.0,1000 Metric Tons
09-21-2026,2024,2021,12,4,corn,colombia,Food Seed and Industrial Consumption,1450.0,1000 Metric Tons
09-21-2026,2024,2021,4,8,corn,guatemala,Trade Year Imports From United States,1183.0,1000 Metric Tons
09-21-2026,2024,2021,4,8,corn,guatemala,Total Supply,3332.0,1000 Metric Tons
09-21-2026,2024,2021,4,8,corn,guatemala,Exports,2.0,1000 Metric Tons
09-21-2026,2024,2021,4,8,corn,guatemala,Trade Year Exports,3.0,1000 Metric Tons
09-21-2026,2024,2021,4,8,corn,guatemala,Feed Domestic Consumption,1500.0,1000 Metric Tons
09-21-2026,2024,2021,4,8,corn,guatemala,Food Seed and Industrial Consumption,1550.0,1000 Metric Tons
09-21-2026,2024,2021,4,8,corn,guatemala,Imports,1409.0,1000 Metric Tons
09-21-2026,2024,2021,4,8,corn,guatemala,Beginning Stocks,278.0,1000 Metric Tons
09-21-2026,2023,2021,10,2,corn,canada,Domestic Consumption,13976.0,1000 Metric Tons
09-21-2026,2024,2021,7,11,corn,taiwan,Trade Year Imports,4386.0,1000 Metric Tons
09-21-2026,2025,2021,2,6,corn,european-union,Food Seed and Industrial Consumption,20500.0,1000 Metric Tons
09-21-2026,2025,2021,2,6,corn,european-union,Domestic Consumption,77700.0,1000 Metric Tons
09-21-2026,2025,2021,2,6,corn,european-union,Ending Stocks,7889.0,1000 Metric Tons
09-21-2026,2025,2021,2,6,corn,european-union,Total Distribution,89329.0,1000 Metric Tons
09-21-2026,2025,2021,2,6,corn,european-union,Yield,7.2979,Yield (Metric Tons per Hectare)
09-21-2026,2024,2021,7,11,corn,taiwan,Area Harvested,13.0,1000 Hectares
09-21-2026,2024,2021,7,11,corn,taiwan,Beginning Stocks,960.0,1000 Metric Tons
09-21-2026,2024,2021,7,11,corn,taiwan,Production,74.0,1000 Metric Tons
09-21-2026,2024,2021,7,11,corn,taiwan,Imports,4386.0,1000 Metric Tons
09-21-2026,2024,2021,7,11,corn,taiwan,Trade Year Imports From United States,1655.0,1000 Metric Tons
09-21-2026,2024,2021,4,8,corn,guatemala,Area Harvested,850.0,1000 Hectares
09-21-2026,2024,2021,7,11,corn,taiwan,Total Supply,5420.0,1000 Metric Tons
09-21-2026,2024,2021,7,11,corn,taiwan,Exports,0.0,1000 Metric Tons
09-21-2026,2024,2021,7,11,corn,taiwan,Trade Year Exports,0.0,1000 Metric Tons
09-21-2026,2024,2021,7,11,corn,taiwan,Feed Domestic Consumption,4500.0,1000 Metric Tons
09-21-2026,2024,2021,7,11,corn,taiwan,Food Seed and Industrial Consumption,200.0,1000 Metric Tons
09-21-2026,2024,2021,7,11,corn,taiwan,Domestic Consumption,4700.0,1000 Metric Tons
09-21-2026,2024,2021,7,11,corn,taiwan,Ending Stocks,720.0,1000 Metric Tons
09-21-2026,2024,2021,7,11,corn,taiwan,Total Distribution,5420.0,1000 Metric Tons
09-21-2026,2024,2021,7,11,corn,taiwan,Yield,5.6923,Yield (Metric Tons per Hectare)
09-21-2026,2024,2021,4,8,corn,guatemala,Domestic Consumption,3050.0,1000 Metric Tons
09-21-2026,2024,2021,4,8,corn,guatemala,Ending Stocks,280.0,1000 Metric Tons
09-21-2026,2024,2021,4,8,corn,guatemala,Total Distribution,3332.0,1000 Metric Tons
09-21-2026,2024,2021,5,9,corn,south-korea,Food Seed and Industrial Consumption,2357.0,1000 Metric Tons
09-21-2026,2026,2021,4,8,corn,vietnam,Feed Domestic Consumption,15000.0,1000 Metric Tons
09-21-2026,2026,2021,4,8,corn,vietnam,Food Seed and Industrial Consumption,1450.0,1000 Metric Tons
09-21-2026,2026,2021,4,8,corn,vietnam,Domestic Consumption,16450.0,1000 Metric Tons
09-21-2026,2026,2021,4,8,corn,vietnam,Ending Stocks,2544.0,1000 Metric Tons
09-21-2026,2026,2021,4,8,corn,vietnam,Total Distribution,19494.0,1000 Metric Tons
09-21-2026,2026,2021,4,8,corn,vietnam,Yield,4.8335,Yield (Metric Tons per Hectare)
09-21-2026,2023,2021,10,2,corn,canada,Area Harvested,1408.0,1000 Hectares
09-21-2026,2023,2021,10,2,corn,canada,Beginning Stocks,2560.0,1000 Metric Tons
09-21-2026,2023,2021,10,2,corn,canada,Production,13563.0,1000 Metric Tons
09-21-2026,2024,2021,5,9,corn,south-korea,Feed Domestic Consumption,9423.0,1000 Metric Tons
09-21-2026,2024,2021,4,8,corn,guatemala,Yield,1.9353,Yield (Metric Tons per Hectare)
09-21-2026,2024,2021,5,9,corn,south-korea,Trade Year Exports,0.0,1000 Metric Tons
09-21-2026,2023,2021,10,2,corn,canada,Imports,1580.0,1000 Metric Tons
09-21-2026,2023,2021,10,2,corn,canada,Trade Year Imports,1550.0,1000 Metric Tons
09-21-2026,2023,2021,10,2,corn,canada,Trade Year Imports From United States,1766.0,1000 Metric Tons
09-21-2026,2023,2021,10,2,corn,canada,Total Supply,17703.0,1000 Metric Tons
09-21-2026,2023,2021,10,2,corn,canada,Exports,1558.0,1000 Metric Tons
09-21-2026,2023,2021,10,2,corn,canada,Trade Year Exports,1592.0,1000 Metric Tons
09-21-2026,2023,2021,10,2,corn,canada,Feed Domestic Consumption,8585.0,1000 Metric Tons
09-21-2026,2023,2021,10,2,corn,canada,Food Seed and Industrial Consumption,5391.0,1000 Metric Tons
09-21-2026,2026,2021,4,8,corn,vietnam,Trade Year Exports,500.0,1000 Metric Tons
09-21-2026,2026,2021,4,8,corn,vietnam,Exports,500.0,1000 Metric Tons
09-21-2026,2026,2021,4,8,corn,vietnam,Total Supply,19494.0,1000 Metric Tons
09-21-2026,2026,2021,4,8,corn,vietnam,Trade Year Imports From United States,455.0,1000 Metric Tons
09-21-2026,2026,2021,4,8,corn,vietnam,Area Harvested,943.0,1000 Hectares
09-21-2026,2026,2021,4,8,corn,vietnam,Beginning Stocks,1436.0,1000 Metric Tons
09-21-2026,2026,2021,4,8,corn,vietnam,Production,4558.0,1000 Metric Tons
09-21-2026,2026,2021,4,8,corn,vietnam,Imports,13500.0,1000 Metric Tons
09-21-2026,2024,2021,12,4,corn,colombia,Feed Domestic Consumption,5800.0,1000 Metric Tons
09-21-2026,2024,2021,12,4,corn,colombia,Trade Year Exports,2.0,1000 Metric Tons
09-21-2026,2024,2021,12,4,corn,colombia,Exports,2.0,1000 Metric Tons
09-21-2026,2024,2021,12,4,corn,colombia,Total Supply,7559.0,1000 Metric Tons
09-21-2026,2024,2021,12,4,corn,colombia,Trade Year Imports From United States,3605.0,1000 Metric Tons
09-21-2026,2024,2021,12,4,corn,colombia,Trade Year Imports,5795.0,1000 Metric Tons
09-21-2026,2024,2021,12,4,corn,colombia,Imports,5795.0,1000 Metric Tons
09-21-2026,2024,2021,12,4,corn,colombia,Production,1479.0,1000 Metric Tons
09-21-2026,2024,2021,12,4,corn,colombia,Beginning Stocks,285.0,1000 Metric Tons
09-21-2026,2024,2021,12,4,corn,colombia,Area Harvested,364.0,1000 Hectares
09-21-2026,2024,2021,5,9,corn,south-korea,Yield,5.75,Yield (Metric Tons per Hectare)
09-21-2026,2024,2021,5,9,corn,south-korea,Total Distribution,13798.0,1000 Metric Tons
09-21-2026,2024,2021,5,9,corn,south-korea,Ending Stocks,2018.0,1000 Metric Tons
09-21-2026,2024,2021,5,9,corn,south-korea,Domestic Consumption,11780.0,1000 Metric Tons
09-21-2026,2026,2021,4,8,corn,vietnam,Trade Year Imports,11200.0,1000 Metric Tons
09-21-2026,2024,2021,5,9,corn,china,Imports,29512.0,1000 Metric Tons
09-21-2026,2024,2021,5,9,corn,china,Trade Year Imports From United States,20869.0,1000 Metric Tons
09-21-2026,2026,2021,9,4,wheat,world,Feed Domestic Consumption,163626.0,1000 Metric Tons
09-21-2026,2023,2021,4,8,soybeans,japan,Ending Stocks,166.0,1000 Metric Tons
09-21-2026,2023,2021,4,8,soybeans,japan,Beginning Stocks,239.0,1000 Metric Tons
09-21-2026,2023,2021,4,8,soybeans,japan,Production,219.0,1000 Metric Tons
09-21-2026,2023,2021,4,8,soybeans,japan,Imports,3085.0,1000 Metric Tons
09-21-2026,2023,2021,4,8,soybeans,japan,Total Supply,3543.0,1000 Metric Tons
09-21-2026,2023,2021,4,8,soybeans,japan,Exports,0.0,1000 Metric Tons
09-21-2026,2023,2021,4,8,soybeans,japan,Crush,2300.0,1000 Metric Tons
09-21-2026,2023,2021,4,8,soybeans,japan,Food Use Domestic Consumption,922.0,1000 Metric Tons
09-21-2026,2023,2021,4,8,soybeans,japan,Feed Waste Domestic Consumption,155.0,1000 Metric Tons
09-21-2026,2023,2021,4,8,soybeans,japan,Domestic Consumption,3377.0,1000 Metric Tons
09-21-2026,2023,2021,4,8,soybeans,japan,Total Distribution,3543.0,1000 Metric Tons
09-21-2026,2025,2021,4,8,soybeans,mexico,Yield,1.5769,Yield (Metric Tons per Hectare)
09-21-2026,2023,2021,4,8,soybeans,japan,Yield,1.5423,Yield (Metric Tons per Hectare)
09-21-2026,2024,2021,10,2,soybeans,south-korea,Area Harvested,55.0,1000 Hectares
09-21-2026,2024,2021,10,2,soybeans,south-korea,Beginning Stocks,106.0,1000 Metric Tons
09-21-2026,2024,2021,10,2,soybeans,south-korea,Production,81.0,1000 Metric Tons
09-21-2026,2024,2021,10,2,soybeans,south-korea,Imports,1336.0,1000 Metric Tons
09-21-2026,2024,2021,10,2,soybeans,south-korea,Total Supply,1523.0,1000 Metric Tons
09-21-2026,2024,2021,10,2,soybeans,south-korea,Exports,0.0,1000 Metric Tons
09-21-2026,2024,2021,10,2,soybeans,south-korea,Crush,1023.0,1000 Metric Tons
09-21-2026,2024,2021,10,2,soybeans,south-korea,Food Use Domestic Consumption,330.0,1000 Metric Tons
09-21-2026,2023,2021,4,8,soybeans,japan,Area Harvested,142.0,1000 Hectares
09-21-2026,2025,2021,4,8,soybeans,mexico,Total Distribution,6624.0,1000 Metric Tons
09-21-2026,2024,2021,10,2,soybeans,south-korea,Domestic Consumption,1408.0,1000 Metric Tons
09-21-2026,2024,2021,1,5,soybeans,united-states,Yield,3.4327,Yield (Metric Tons per Hectare)
09-21-2026,2024,2021,1,5,soybeans,united-states,Imports,539.0,1000 Metric Tons
09-21-2026,2024,2021,1,5,soybeans,united-states,Total Supply,129945.0,1000 Metric Tons
09-21-2026,2024,2021,1,5,soybeans,united-states,Exports,61664.0,1000 Metric Tons
09-21-2026,2024,2021,1,5,soybeans,united-states,Crush,58257.0,1000 Metric Tons
09-21-2026,2024,2021,1,5,soybeans,united-states,Food Use Domestic Consumption,0.0,1000 Metric Tons
09-21-2026,2024,2021,1,5,soybeans,united-states,Feed Waste Domestic Consumption,3030.0,1000 Metric Tons
09-21-2026,2024,2021,1,5,soybeans,united-states,Domestic Consumption,61287.0,1000 Metric Tons
09-21-2026,2024,2021,1,5,soybeans,united-states,Ending Stocks,6994.0,1000 Metric Tons
09-21-2026,2024,2021,1,5,soybeans,united-states,Total Distribution,129945.0,1000 Metric Tons
09-21-2026,2025,2021,4,8,soybeans,mexico,Area Harvested,156.0,1000 Hectares
09-21-2026,2025,2021,4,8,soybeans,mexico,Ending Stocks,373.0,1000 Metric Tons
09-21-2026,2025,2021,4,8,soybeans,mexico,Beginning Stocks,290.0,1000 Metric Tons
09-21-2026,2025,2021,4,8,soybeans,mexico,Production,246.0,1000 Metric Tons
09-21-2026,2025,2021,4,8,soybeans,mexico,Imports,6088.0,1000 Metric Tons
09-21-2026,2025,2021,4,8,soybeans,mexico,Total Supply,6624.0,1000 Metric Tons
09-21-2026,2025,2021,4,8,soybeans,mexico,Exports,0.0,1000 Metric Tons
09-21-2026,2025,2021,4,8,soybeans,mexico,Crush,6200.0,1000 Metric Tons
09-21-2026,2025,2021,4,8,soybeans,mexico,Food Use Domestic Consumption,0.0,1000 Metric Tons
09-21-2026,2025,2021,4,8,soybeans,mexico,Feed Waste Domestic Consumption,51.0,1000 Metric Tons
09-21-2026,2025,2021,4,8,soybeans,mexico,Domestic Consumption,6251.0,1000 Metric Tons
09-21-2026,2024,2021,10,2,soybeans,south-korea,Feed Waste Domestic Consumption,55.0,1000 Metric Tons
09-21-2026,2024,2021,10,2,soybeans,south-korea,Ending Stocks,115.0,1000 Metric Tons
09-21-2026,2024,2021,5,9,corn,china,Exports,4.0,1000 Metric Tons
09-21-2026,2024,2021,4,8,soybeans,taiwan,Crush,2050.0,1000 Metric Tons
09-21-2026,2025,2021,4,8,soybeans,european-union,Ending Stocks,1455.0,1000 Metric Tons
09-21-2026,2025,2021,4,8,soybeans,european-union,Total Distribution,19012.0,1000 Metric Tons
09-21-2026,2025,2021,4,8,soybeans,european-union,Yield,2.6078,Yield (Metric Tons per Hectare)
09-21-2026,2024,2021,4,8,soybeans,taiwan,Area Harvested,3.0,1000 Hectares
09-21-2026,2024,2021,4,8,soybeans,taiwan,Beginning Stocks,200.0,1000 Metric Tons
09-21-2026,2024,2021,4,8,soybeans,taiwan,Production,4.0,1000 Metric Tons
09-21-2026,2024,2021,4,8,soybeans,taiwan,Imports,2615.0,1000 Metric Tons
09-21-2026,2024,2021,4,8,soybeans,taiwan,Total Supply,2819.0,1000 Metric Tons
09-21-2026,2024,2021,4,8,soybeans,taiwan,Exports,0.0,1000 Metric Tons
09-21-2026,2024,2021,4,8,soybeans,taiwan,Food Use Domestic Consumption,300.0,1000 Metric Tons
09-21-2026,2025,2021,4,8,soybeans,european-union,Feed Waste Domestic Consumption,1350.0,1000 Metric Tons
09-21-2026,2024,2021,4,8,soybeans,taiwan,Feed Waste Domestic Consumption,290.0,1000 Metric Tons
09-21-2026,2024,2021,4,8,soybeans,taiwan,Domestic Consumption,2640.0,1000 Metric Tons
09-21-2026,2024,2021,4,8,soybeans,taiwan,Ending Stocks,179.0,1000 Metric Tons
09-21-2026,2024,2021,4,8,soybeans,taiwan,Total Distribution,2819.0,1000 Metric Tons
09-21-2026,2026,2021,9,4,wheat,world,Yield,3.5091,Yield (Metric Tons per Hectare)
09-21-2026,2026,2021,9,4,wheat,world,Total Distribution,1266055.0,1000 Metric Tons
09-21-2026,2026,2021,9,4,wheat,world,Ending Stocks,285475.0,1000 Metric Tons
09-21-2026,2026,2021,9,4,wheat,world,Domestic Consumption,776938.0,1000 Metric Tons
09-21-2026,2026,2021,9,4,wheat,world,Food Seed and Industrial Consumption,613312.0,1000 Metric Tons
09-21-2026,2025,2021,4,8,soybeans,european-union,Domestic Consumption,17370.0,1000 Metric Tons
09-21-2026,2025,2021,4,8,soybeans,european-union,Food Use Domestic Consumption,220.0,1000 Metric Tons
09-21-2026,2024,2021,10,2,soybeans,south-korea,Total Distribution,1523.0,1000 Metric Tons
09-21-2026,2024,2021,12,4,soybeans,colombia,Feed Waste Domestic Consumption,90.0,1000 Metric Tons
09-21-2026,2024,2021,10,2,soybeans,south-korea,Yield,1.4727,Yield (Metric Tons per Hectare)
09-21-2026,2024,2021,12,4,soybeans,colombia,Area Harvested,46.0,1000 Hectares
09-21-2026,2024,2021,12,4,soybeans,colombia,Beginning Stocks,113.0,1000 Metric Tons
09-21-2026,2024,2021,12,4,soybeans,colombia,Production,119.0,1000 Metric Tons
09-21-2026,2024,2021,12,4,soybeans,colombia,Imports,443.0,1000 Metric Tons
09-21-2026,2024,2021,12,4,soybeans,colombia,Total Supply,675.0,1000 Metric Tons
09-21-2026,2024,2021,12,4,soybeans,colombia,Exports,0.0,1000 Metric Tons
09-21-2026,2024,2021,12,4,soybeans,colombia,Crush,500.0,1000 Metric Tons
09-21-2026,2024,2021,12,4,soybeans,colombia,Food Use Domestic Consumption,0.0,1000 Metric Tons
09-21-2026,2024,2021,12,4,soybeans,colombia,Domestic Consumption,590.0,1000 Metric Tons
09-21-2026,2025,2021,4,8,soybeans,european-union,Crush,15800.0,1000 Metric Tons
09-21-2026,2024,2021,12,4,soybeans,colombia,Ending Stocks,85.0,1000 Metric Tons
09-21-2026,2024,2021,12,4,soybeans,colombia,Total Distribution,675.0,1000 Metric Tons
09-21-2026,2024,2021,12,4,soybeans,colombia,Yield,2.587,Yield (Metric Tons per Hectare)
09-21-2026,2025,2021,4,8,soybeans,european-union,Area Harvested,997.0,1000 Hectares
09-21-2026,2025,2021,4,8,soybeans,european-union,Beginning Stocks,1626.0,1000 Metric Tons
09-21-2026,2025,2021,4,8,soybeans,european-union,Production,2600.0,1000 Metric Tons
09-21-2026,2025,2021,4,8,soybeans,european-union,Imports,14786.0,1000 Metric Tons
09-21-2026,2025,2021,4,8,soybeans,european-union,Total Supply,19012.0,1000 Metric Tons
09-21-2026,2025,2021,4,8,soybeans,european-union,Exports,187.0,1000 Metric Tons
09-21-2026,2024,2021,1,5,soybeans,united-states,Production,114749.0,1000 Metric Tons
09-21-2026,2024,2021,1,5,soybeans,united-states,Beginning Stocks,14657.0,1000 Metric Tons
09-21-2026,2024,2021,1,5,soybeans,united-states,Area Harvested,33428.0,1000 Hectares
09-21-2026,2025,2021,4,8,corn,pakistan,Domestic Consumption,8800.0,1000 Metric Tons
09-21-2026,2025,2021,4,8,corn,pakistan,Production,8940.0,1000 Metric Tons
09-21-2026,2025,2021,4,8,corn,pakistan,Imports,27.0,1000 Metric Tons
09-21-2026,2025,2021,4,8,corn,pakistan,Trade Year Imports,29.0,1000 Metric Tons
09-21-2026,2025,2021,4,8,corn,pakistan,Trade Year Imports From United States,11.0,1000 Metric Tons
09-21-2026,2025,2021,4,8,corn,pakistan,Total Supply,10454.0,1000 Metric Tons
09-21-2026,2025,2021,4,8,corn,pakistan,Exports,93.0,1000 Metric Tons
09-21-2026,2025,2021,4,8,corn,pakistan,Trade Year Exports,322.0,1000 Metric Tons
09-21-2026,2025,2021,4,8,corn,pakistan,Feed Domestic Consumption,6800.0,1000 Metric Tons
09-21-2026,2025,2021,4,8,corn,pakistan,Food Seed and Industrial Consumption,2000.0,1000 Metric Tons
09-21-2026,2025,2021,4,8,corn,pakistan,Ending Stocks,1561.0,1000 Metric Tons
09-21-2026,2025,2021,4,8,corn,pakistan,Area Harvested,1418.0,1000 Hectares
09-21-2026,2025,2021,4,8,corn,pakistan,Total Distribution,10454.0,1000 Metric Tons
09-21-2026,2025,2021,4,8,corn,pakistan,Yield,6.3047,Yield (Metric Tons per Hectare)
09-21-2026,2024,2021,4,8,corn,bangladesh,Area Harvested,540.0,1000 Hectares
09-21-2026,2024,2021,4,8,corn,bangladesh,Beginning Stocks,210.0,1000 Metric Tons
09-21-2026,2024,2021,4,8,corn,bangladesh,Production,4700.0,1000 Metric Tons
09-21-2026,2024,2021,4,8,corn,bangladesh,Imports,2434.0,1000 Metric Tons
09-21-2026,2024,2021,4,8,corn,bangladesh,Trade Year Imports,1848.0,1000 Metric Tons
09-21-2026,2024,2021,4,8,corn,bangladesh,Trade Year Imports From United States,0.0,1000 Metric Tons
09-21-2026,2024,2021,4,8,corn,bangladesh,Total Supply,7344.0,1000 Metric Tons
09-21-2026,2025,2021,4,8,corn,pakistan,Beginning Stocks,1487.0,1000 Metric Tons
09-21-2026,2023,2021,7,11,corn,egypt,Yield,8.0,Yield (Metric Tons per Hectare)
09-21-2026,2025,2021,2,6,corn,european-union,Feed Domestic Consumption,57200.0,1000 Metric Tons
09-21-2026,2023,2021,7,11,corn,egypt,Production,6400.0,1000 Metric Tons
09-21-2026,2024,2021,5,9,corn,china,Trade Year Exports,4.0,1000 Metric Tons
09-21-2026,2024,2021,5,9,corn,china,Feed Domestic Consumption,203000.0,1000 Metric Tons
09-21-2026,2024,2021,5,9,corn,china,Food Seed and Industrial Consumption,82000.0,1000 Metric Tons
09-21-2026,2024,2021,5,9,corn,china,Domestic Consumption,285000.0,1000 Metric Tons
09-21-2026,2024,2021,5,9,corn,china,Ending Stocks,205704.0,1000 Metric Tons
09-21-2026,2024,2021,5,9,corn,china,Total Distribution,490708.0,1000 Metric Tons
09-21-2026,2024,2021,5,9,corn,china,Yield,6.3171,Yield (Metric Tons per Hectare)
09-21-2026,2023,2021,7,11,corn,egypt,Area Harvested,800.0,1000 Hectares
09-21-2026,2023,2021,7,11,corn,egypt,Beginning Stocks,1732.0,1000 Metric Tons
09-21-2026,2023,2021,7,11,corn,egypt,Imports,9633.0,1000 Metric Tons
09-21-2026,2023,2021,7,11,corn,egypt,Total Distribution,17765.0,1000 Metric Tons
09-21-2026,2023,2021,7,11,corn,egypt,Trade Year Imports,9633.0,1000 Metric Tons
09-21-2026,2023,2021,7,11,corn,egypt,Trade Year Imports From United States,506.0,1000 Metric Tons
09-21-2026,2023,2021,7,11,corn,egypt,Total Supply,17765.0,1000 Metric Tons
09-21-2026,2023,2021,7,11,corn,egypt,Exports,10.0,1000 Metric Tons
09-21-2026,2023,2021,7,11,corn,egypt,Trade Year Exports,10.0,1000 Metric Tons
09-21-2026,2023,2021,7,11,corn,egypt,Feed Domestic Consumption,13900.0,1000 Metric Tons
09-21-2026,2023,2021,7,11,corn,egypt,Food Seed and Industrial Consumption,2500.0,1000 Metric Tons
09-21-2026,2023,2021,7,11,corn,egypt,Domestic Consumption,16400.0,1000 Metric Tons
09-21-2026,2023,2021,7,11,corn,egypt,Ending Stocks,1355.0,1000 Metric Tons
09-21-2026,2024,2021,4,8,corn,bangladesh,Exports,0.0,1000 Metric Tons
09-21-2026,2024,2021,4,8,corn,bangladesh,Trade Year Exports,0.0,1000 Metric Tons
09-21-2026,2024,2021,4,8,corn,bangladesh,Feed Domestic Consumption,6500.0,1000 Metric Tons
09-21-2026,2025,2021,7,11,corn,united-states,Food Seed and Industrial Consumption,164256.0,1000 Metric Tons
09-21-2026,2025,2021,5,9,corn,mexico,Trade Year Imports,16498.0,1000 Metric Tons
09-21-2026,2025,2021,5,9,corn,mexico,Imports,16498.0,1000 Metric Tons
09-21-2026,2025,2021,5,9,corn,mexico,Production,27346.0,1000 Metric Tons
09-21-2026,2025,2021,5,9,corn,mexico,Beginning Stocks,4165.0,1000 Metric Tons
09-21-2026,2025,2021,5,9,corn,mexico,Area Harvested,7143.0,1000 Hectares
09-21-2026,2025,2021,7,11,corn,united-states,Yield,10.7608,Yield (Metric Tons per Hectare)
09-21-2026,2025,2021,7,11,corn,united-states,Total Distribution,409348.0,1000 Metric Tons
09-21-2026,2025,2021,7,11,corn,united-states,Ending Stocks,31358.0,1000 Metric Tons
09-21-2026,2025,2021,7,11,corn,united-states,Domestic Consumption,308215.0,1000 Metric Tons
09-21-2026,2025,2021,7,11,corn,united-states,Feed Domestic Consumption,143959.0,1000 Metric Tons
09-21-2026,2024,2021,4,8,corn,bangladesh,Food Seed and Industrial Consumption,400.0,1000 Metric Tons
09-21-2026,2025,2021,7,11,corn,united-states,Trade Year Exports,68293.0,1000 Metric Tons
09-21-2026,2025,2021,7,11,corn,united-states,Exports,69775.0,1000 Metric Tons
09-21-2026,2025,2021,7,11,corn,united-states,Total Supply,409348.0,1000 Metric Tons
09-21-2026,2025,2021,7,11,corn,united-states,Trade Year Imports From United States,0.0,1000 Metric Tons
09-21-2026,2025,2021,7,11,corn,united-states,Trade Year Imports,629.0,1000 Metric Tons
09-21-2026,2025,2021,7,11,corn,united-states,Imports,616.0,1000 Metric Tons
09-21-2026,2025,2021,7,11,corn,united-states,Production,357819.0,1000 Metric Tons
09-21-2026,2025,2021,7,11,corn,united-states,Beginning Stocks,50913.0,1000 Metric Tons
09-21-2026,2025,2021,7,11,corn,united-states,Area Harvested,33252.0,1000 Hectares
09-21-2026,2025,2021,5,9,corn,mexico,Trade Year Imports From United States,15674.0,1000 Metric Tons
09-21-2026,2025,2021,5,9,corn,mexico,Total Supply,48009.0,1000 Metric Tons
09-21-2026,2025,2021,5,9,corn,mexico,Exports,480.0,1000 Metric Tons
09-21-2026,2025,2021,5,9,corn,mexico,Trade Year Exports,480.0,1000 Metric Tons
09-21-2026,2024,2021,4,8,corn,bangladesh,Domestic Consumption,6900.0,1000 Metric Tons
09-21-2026,2024,2021,4,8,corn,bangladesh,Ending Stocks,444.0,1000 Metric Tons
09-21-2026,2024,2021,4,8,corn,bangladesh,Total Distribution,7344.0,1000 Metric Tons
09-21-2026,2024,2021,4,8,corn,bangladesh,Yield,8.7037,Yield (Metric Tons per Hectare)
09-21-2026,2023,2021,8,12,corn,japan,Trade Year Exports,0.0,1000 Metric Tons
09-21-2026,2023,2021,8,12,corn,japan,Exports,0.0,1000 Metric Tons
09-21-2026,2023,2021,8,12,corn,japan,Total Supply,16841.0,1000 Metric Tons
09-21-2026,2023,2021,8,12,corn,japan,Trade Year Imports From United States,11053.0,1000 Metric Tons
09-21-2026,2023,2021,8,12,corn,japan,Trade Year Imports,15471.0,1000 Metric Tons
09-21-2026,2023,2021,8,12,corn,japan,Imports,15471.0,1000 Metric Tons
09-21-2026,2023,2021,8,12,corn,japan,Production,5.0,1000 Metric Tons
09-21-2026,2023,2021,8,12,corn,japan,Beginning Stocks,1365.0,1000 Metric Tons
09-21-2026,2023,2021,8,12,corn,japan,Area Harvested,1.0,1000 Hectares
09-21-2026,2025,2021,5,9,corn,mexico,Yield,3.8284,Yield (Metric Tons per Hectare)
09-21-2026,2025,2021,5,9,corn,mexico,Total Distribution,48009.0,1000 Metric Tons
09-21-2026,2025,2021,5,9,corn,mexico,Ending Stocks,3329.0,1000 Metric Tons
09-21-2026,2025,2021,5,9,corn,mexico,Domestic Consumption,44200.0,1000 Metric Tons
09-21-2026,2025,2021,5,9,corn,mexico,Food Seed and Industrial Consumption,20900.0,1000 Metric Tons
09-21-2026,2025,2021,5,9,corn,mexico,Feed Domestic Consumption,23300.0,1000 Metric Tons
09-21-2026,2024,2021,5,9,corn,china,Total Supply,490708.0,1000 Metric Tons
09-21-2026,2026,2021,4,11,wheat,thailand,Yield,0.0,Yield (Metric Tons per Hectare)
09-21-2026,2023,2021,4,7,soybean-meal,united-states,Crush,58257.0,1000 Metric Tons
09-21-2026,2024,2021,12,7,wheat,taiwan,Total Distribution,1608.0,1000 Metric Tons
09-21-2026,2024,2021,11,6,wheat,guatemala,Area Harvested,1.0,1000 Hectares
09-21-2026,2024,2021,11,6,wheat,guatemala,Beginning Stocks,172.0,1000 Metric Tons
09-21-2026,2024,2021,11,6,wheat,guatemala,Production,1.0,1000 Metric Tons
09-21-2026,2024,2021,11,6,wheat,guatemala,Imports,808.0,1000 Metric Tons
09-21-2026,2024,2021,11,6,wheat,guatemala,Trade Year Imports,808.0,1000 Metric Tons
09-21-2026,2024,2021,11,6,wheat,guatemala,Trade Year Imports From United States,342.0,1000 Metric Tons
09-21-2026,2024,2021,11,6,wheat,guatemala,Total Supply,981.0,1000 Metric Tons
09-21-2026,2024,2021,11,6,wheat,guatemala,Exports,45.0,1000 Metric Tons
09-21-2026,2024,2021,11,6,wheat,guatemala,Trade Year Exports,45.0,1000 Metric Tons
09-21-2026,2024,2021,11,6,wheat,guatemala,Feed Domestic Consumption,40.0,1000 Metric Tons
09-21-2026,2024,2021,11,6,wheat,guatemala,Food Seed and Industrial Consumption,650.0,1000 Metric Tons
09-21-2026,2024,2021,11,6,wheat,guatemala,Domestic Consumption,690.0,1000 Metric Tons
09-21-2026,2024,2021,11,6,wheat,guatemala,Ending Stocks,246.0,1000 Metric Tons
09-21-2026,2024,2021,11,6,wheat,guatemala,Total Distribution,981.0,1000 Metric Tons
09-21-2026,2024,2021,11,6,wheat,guatemala,Yield,1.0,Yield (Metric Tons per Hectare)
09-21-2026,2024,2021,11,6,wheat,vietnam,Area Harvested,0.0,1000 Hectares
09-21-2026,2024,2021,11,6,wheat,vietnam,Beginning Stocks,849.0,1000 Metric Tons
09-21-2026,2024,2021,11,6,wheat,vietnam,Production,0.0,1000 Metric Tons
09-21-2026,2024,2021,11,6,wheat,vietnam,Imports,3900.0,1000 Metric Tons
09-21-2026,2024,2021,11,6,wheat,vietnam,Trade Year Imports,3900.0,1000 Metric Tons
09-21-2026,2024,2021,11,6,wheat,vietnam,Trade Year Imports From United States,434.0,1000 Metric Tons
09-21-2026,2024,2021,12,7,wheat,taiwan,Yield,3.0,Yield (Metric Tons per Hectare)
09-21-2026,2024,2021,12,7,wheat,taiwan,Ending Stocks,204.0,1000 Metric Tons
09-21-2026,2023,2021,5,12,wheat,nigeria,Domestic Consumption,5550.0,1000 Metric Tons
09-21-2026,2024,2021,12,7,wheat,taiwan,Domestic Consumption,1325.0,1000 Metric Tons
09-21-2026,2023,2021,8,3,wheat,south-korea,Trade Year Imports From United States,1884.0,1000 Metric Tons
09-21-2026,2023,2021,8,3,wheat,south-korea,Total Supply,5480.0,1000 Metric Tons
09-21-2026,2023,2021,8,3,wheat,south-korea,Exports,390.0,1000 Metric Tons
09-21-2026,2023,2021,8,3,wheat,south-korea,Trade Year Exports,390.0,1000 Metric Tons
09-21-2026,2023,2021,8,3,wheat,south-korea,Feed Domestic Consumption,1200.0,1000 Metric Tons
09-21-2026,2023,2021,8,3,wheat,south-korea,Food Seed and Industrial Consumption,2350.0,1000 Metric Tons
09-21-2026,2023,2021,8,3,wheat,south-korea,Domestic Consumption,3550.0,1000 Metric Tons
09-21-2026,2023,2021,8,3,wheat,south-korea,Ending Stocks,1540.0,1000 Metric Tons
09-21-2026,2023,2021,8,3,wheat,south-korea,Total Distribution,5480.0,1000 Metric Tons
09-21-2026,2023,2021,8,3,wheat,south-korea,Yield,3.4,Yield (Metric Tons per Hectare)
09-21-2026,2024,2021,12,7,wheat,taiwan,Area Harvested,2.0,1000 Hectares
09-21-2026,2024,2021,12,7,wheat,taiwan,Beginning Stocks,216.0,1000 Metric Tons
09-21-2026,2024,2021,12,7,wheat,taiwan,Production,6.0,1000 Metric Tons
09-21-2026,2024,2021,12,7,wheat,taiwan,Imports,1386.0,1000 Metric Tons
09-21-2026,2024,2021,12,7,wheat,taiwan,Trade Year Imports,1386.0,1000 Metric Tons
09-21-2026,2024,2021,12,7,wheat,taiwan,Trade Year Imports From United States,1217.0,1000 Metric Tons
09-21-2026,2024,2021,12,7,wheat,taiwan,Total Supply,1608.0,1000 Metric Tons
09-21-2026,2024,2021,12,7,wheat,taiwan,Exports,79.0,1000 Metric Tons
09-21-2026,2024,2021,12,7,wheat,taiwan,Trade Year Exports,79.0,1000 Metric Tons
09-21-2026,2024,2021,12,7,wheat,taiwan,Feed Domestic Consumption,75.0,1000 Metric Tons
09-21-2026,2024,2021,12,7,wheat,taiwan,Food Seed and Industrial Consumption,1250.0,1000 Metric Tons
09-21-2026,2024,2021,11,6,wheat,vietnam,Total Supply,4749.0,1000 Metric Tons
09-21-2026,2024,2021,11,6,wheat,vietnam,Exports,282.0,1000 Metric Tons
09-21-2026,2024,2021,11,6,wheat,vietnam,Trade Year Exports,282.0,1000 Metric Tons
09-21-2026,2024,2021,11,6,wheat,vietnam,Feed Domestic Consumption,1600.0,1000 Metric Tons
09-21-2026,2024,2021,9,4,wheat,philippines,Trade Year Imports,6105.0,1000 Metric Tons
09-21-2026,2024,2021,9,4,wheat,philippines,Trade Year Imports From United States,3072.0,1000 Metric Tons
09-21-2026,2024,2021,9,4,wheat,philippines,Total Supply,7995.0,1000 Metric Tons
09-21-2026,2024,2021,9,4,wheat,philippines,Exports,65.0,1000 Metric Tons
09-21-2026,2024,2021,9,4,wheat,philippines,Trade Year Exports,65.0,1000 Metric Tons
09-21-2026,2024,2021,9,4,wheat,philippines,Feed Domestic Consumption,3300.0,1000 Metric Tons
09-21-2026,2024,2021,9,4,wheat,philippines,Food Seed and Industrial Consumption,3300.0,1000 Metric Tons
09-21-2026,2024,2021,9,4,wheat,philippines,Domestic Consumption,6600.0,1000 Metric Tons
09-21-2026,2024,2021,9,4,wheat,philippines,Ending Stocks,1330.0,1000 Metric Tons
09-21-2026,2024,2021,9,4,wheat,philippines,Total Distribution,7995.0,1000 Metric Tons
09-21-2026,2024,2021,9,4,wheat,philippines,Yield,0.0,Yield (Metric Tons per Hectare)
09-21-2026,2023,2021,5,12,wheat,nigeria,Area Harvested,50.0,1000 Hectares
09-21-2026,2023,2021,5,12,wheat,nigeria,Beginning Stocks,300.0,1000 Metric Tons
09-21-2026,2023,2021,5,12,wheat,nigeria,Production,55.0,1000 Metric Tons
09-21-2026,2023,2021,5,12,wheat,nigeria,Imports,6586.0,1000 Metric Tons
09-21-2026,2023,2021,5,12,wheat,nigeria,Trade Year Imports,6586.0,1000 Metric Tons
09-21-2026,2023,2021,5,12,wheat,nigeria,Trade Year Imports From United States,1474.0,1000 Metric Tons
09-21-2026,2023,2021,5,12,wheat,nigeria,Total Supply,6941.0,1000 Metric Tons
09-21-2026,2023,2021,5,12,wheat,nigeria,Exports,600.0,1000 Metric Tons
09-21-2026,2023,2021,5,12,wheat,nigeria,Trade Year Exports,600.0,1000 Metric Tons
09-21-2026,2023,2021,5,12,wheat,nigeria,Feed Domestic Consumption,50.0,1000 Metric Tons
09-21-2026,2024,2021,9,4,wheat,philippines,Imports,6105.0,1000 Metric Tons
09-21-2026,2024,2021,9,4,wheat,philippines,Production,0.0,1000 Metric Tons
09-21-2026,2024,2021,9,4,wheat,philippines,Beginning Stocks,1890.0,1000 Metric Tons
09-21-2026,2021,2021,10,5,wheat,honduras,Trade Year Imports,331.0,1000 Metric Tons
09-21-2026,2024,2021,11,6,wheat,vietnam,Food Seed and Industrial Consumption,2150.0,1000 Metric Tons
09-21-2026,2024,2021,11,6,wheat,vietnam,Domestic Consumption,3750.0,1000 Metric Tons
09-21-2026,2024,2021,11,6,wheat,vietnam,Ending Stocks,717.0,1000 Metric Tons
09-21-2026,2024,2021,11,6,wheat,vietnam,Total Distribution,4749.0,1000 Metric Tons
09-21-2026,2024,2021,11,6,wheat,vietnam,Yield,0.0,Yield (Metric Tons per Hectare)
09-21-2026,2021,2021,10,5,wheat,honduras,Area Harvested,0.0,1000 Hectares
09-21-2026,2021,2021,10,5,wheat,honduras,Beginning Stocks,36.0,1000 Metric Tons
09-21-2026,2021,2021,10,5,wheat,honduras,Production,0.0,1000 Metric Tons
09-21-2026,2021,2021,10,5,wheat,honduras,Imports,331.0,1000 Metric Tons
09-21-2026,2021,2021,10,5,wheat,honduras,Trade Year Imports From United States,271.0,1000 Metric Tons
09-21-2026,2024,2021,9,4,wheat,philippines,Area Harvested,0.0,1000 Hectares
09-21-2026,2021,2021,10,5,wheat,honduras,Total Supply,367.0,1000 Metric Tons
09-21-2026,2021,2021,10,5,wheat,honduras,Exports,31.0,1000 Metric Tons
09-21-2026,2021,2021,10,5,wheat,honduras,Trade Year Exports,31.0,1000 Metric Tons
09-21-2026,2021,2021,10,5,wheat,honduras,Feed Domestic Consumption,20.0,1000 Metric Tons
09-21-2026,2021,2021,10,5,wheat,honduras,Food Seed and Industrial Consumption,300.0,1000 Metric Tons
09-21-2026,2021,2021,10,5,wheat,honduras,Domestic Consumption,320.0,1000 Metric Tons
09-21-2026,2021,2021,10,5,wheat,honduras,Ending Stocks,16.0,1000 Metric Tons
09-21-2026,2021,2021,10,5,wheat,honduras,Total Distribution,367.0,1000 Metric Tons
09-21-2026,2021,2021,10,5,wheat,honduras,Yield,0.0,Yield (Metric Tons per Hectare)
09-21-2026,2023,2021,8,3,wheat,south-korea,Trade Year Imports,3889.0,1000 Metric Tons
09-21-2026,2023,2021,8,3,wheat,south-korea,Imports,3889.0,1000 Metric Tons
09-21-2026,2023,2021,8,3,wheat,south-korea,Production,17.0,1000 Metric Tons
09-21-2026,2024,2021,3,6,soybean-oil,china,Industrial Domestic Consumption,0.0,1000 Metric Tons
09-21-2026,2023,2021,4,7,soybean-oil,indonesia,Ending Stocks,0.0,1000 Metric Tons
09-21-2026,2023,2021,4,7,soybean-oil,indonesia,Total Distribution,36.0,1000 Metric Tons
09-21-2026,2023,2021,4,7,soybean-oil,thailand,Crush,2800.0,1000 Metric Tons
09-21-2026,2023,2021,4,7,soybean-oil,thailand,Extraction Rate,0.1786,Percentage (%)
09-21-2026,2023,2021,4,7,soybean-oil,thailand,Beginning Stocks,79.0,1000 Metric Tons
09-21-2026,2023,2021,4,7,soybean-oil,thailand,Production,500.0,1000 Metric Tons
09-21-2026,2023,2021,4,7,soybean-oil,thailand,Imports,0.0,1000 Metric Tons
09-21-2026,2023,2021,4,7,soybean-oil,thailand,Total Supply,579.0,1000 Metric Tons
09-21-2026,2023,2021,4,7,soybean-oil,thailand,Exports,134.0,1000 Metric Tons
09-21-2026,2023,2021,4,7,soybean-oil,thailand,Industrial Domestic Consumption,50.0,1000 Metric Tons
09-21-2026,2023,2021,4,7,soybean-oil,thailand,Food Use Domestic Consumption,310.0,1000 Metric Tons
09-21-2026,2023,2021,4,7,soybean-oil,thailand,Feed Waste Domestic Consumption,0.0,1000 Metric Tons
09-21-2026,2023,2021,4,7,soybean-oil,thailand,Domestic Consumption,360.0,1000 Metric Tons
09-21-2026,2023,2021,4,7,soybean-oil,thailand,Ending Stocks,85.0,1000 Metric Tons
09-21-2026,2023,2021,4,7,soybean-oil,thailand,Total Distribution,579.0,1000 Metric Tons
09-21-2026,2024,2021,3,6,soybean-oil,china,Crush,95000.0,1000 Metric Tons
09-21-2026,2024,2021,3,6,soybean-oil,china,Extraction Rate,0.1792,Percentage (%)
09-21-2026,2024,2021,3,6,soybean-oil,china,Beginning Stocks,777.0,1000 Metric Tons
09-21-2026,2024,2021,3,6,soybean-oil,china,Production,17024.0,1000 Metric Tons
09-21-2026,2024,2021,3,6,soybean-oil,china,Imports,1221.0,1000 Metric Tons
09-21-2026,2024,2021,3,6,soybean-oil,china,Total Supply,19022.0,1000 Metric Tons
09-21-2026,2023,2021,4,7,soybean-oil,indonesia,Domestic Consumption,36.0,1000 Metric Tons
09-21-2026,2023,2021,4,7,soybean-oil,indonesia,Feed Waste Domestic Consumption,0.0,1000 Metric Tons
09-21-2026,2023,2021,4,7,soybean-oil,indonesia,Food Use Domestic Consumption,36.0,1000 Metric Tons
09-21-2026,2025,2021,12,3,soybean-oil,nigeria,Feed Waste Domestic Consumption,0.0,1000 Metric Tons
09-21-2026,2025,2021,12,3,soybean-oil,nigeria,Crush,865.0,1000 Metric Tons
09-21-2026,2025,2021,12,3,soybean-oil,nigeria,Extraction Rate,0.1803,Percentage (%)
09-21-2026,2025,2021,12,3,soybean-oil,nigeria,Beginning Stocks,14.0,1000 Metric Tons
09-21-2026,2025,2021,12,3,soybean-oil,nigeria,Production,156.0,1000 Metric Tons
09-21-2026,2025,2021,12,3,soybean-oil,nigeria,Imports,54.0,1000 Metric Tons
09-21-2026,2025,2021,12,3,soybean-oil,nigeria,Total Supply,224.0,1000 Metric Tons
09-21-2026,2025,2021,12,3,soybean-oil,nigeria,Exports,0.0,1000 Metric Tons
09-21-2026,2025,2021,12,3,soybean-oil,nigeria,Industrial Domestic Consumption,0.0,1000 Metric Tons
09-21-2026,2025,2021,12,3,soybean-oil,nigeria,Food Use Domestic Consumption,170.0,1000 Metric Tons
09-21-2026,2025,2021,12,3,soybean-oil,nigeria,Domestic Consumption,170.0,1000 Metric Tons
09-21-2026,2023,2021,4,7,soybean-oil,indonesia,Industrial Domestic Consumption,0.0,1000 Metric Tons
09-21-2026,2025,2021,12,3,soybean-oil,nigeria,Ending Stocks,54.0,1000 Metric Tons
09-21-2026,2025,2021,12,3,soybean-oil,nigeria,Total Distribution,224.0,1000 Metric Tons
09-21-2026,2023,2021,4,7,soybean-oil,indonesia,Crush,0.0,1000 Metric Tons
09-21-2026,2023,2021,4,7,soybean-oil,indonesia,Extraction Rate,0.0,Percentage (%)
09-21-2026,2023,2021,4,7,soybean-oil,indonesia,Beginning Stocks,0.0,1000 Metric Tons
09-21-2026,2023,2021,4,7,soybean-oil,indonesia,Production,0.0,1000 Metric Tons
09-21-2026,2023,2021,4,7,soybean-oil,indonesia,Imports,36.0,1000 Metric Tons
09-21-2026,2023,2021,4,7,soybean-oil,indonesia,Total Supply,36.0,1000 Metric Tons
09-21-2026,2023,2021,4,7,soybean-oil,indonesia,Exports,0.0,1000 Metric Tons
09-21-2026,2024,2021,3,6,soybean-oil,china,Exports,42.0,1000 Metric Tons
09-21-2026,2024,2021,3,6,soybean-oil,china,Food Use Domestic Consumption,17800.0,1000 Metric Tons
09-21-2026,2023,2021,8,3,wheat,south-korea,Beginning Stocks,1574.0,1000 Metric Tons
09-21-2026,2024,2021,3,6,soybean-oil,china,Feed Waste Domestic Consumption,0.0,1000 Metric Tons
09-21-2026,2023,2021,4,7,soybean-oil,bangladesh,Food Use Domestic Consumption,1100.0,1000 Metric Tons
09-21-2026,2023,2021,4,7,soybean-oil,bangladesh,Feed Waste Domestic Consumption,0.0,1000 Metric Tons
09-21-2026,2023,2021,4,7,soybean-oil,bangladesh,Domestic Consumption,1205.0,1000 Metric Tons
09-21-2026,2023,2021,4,7,soybean-oil,bangladesh,Ending Stocks,20.0,1000 Metric Tons
09-21-2026,2023,2021,4,7,soybean-oil,bangladesh,Total Distribution,1251.0,1000 Metric Tons
09-21-2026,2022,2021,10,5,wheat,japan,Area Harvested,213.0,1000 Hectares
09-21-2026,2022,2021,10,5,wheat,japan,Beginning Stocks,1100.0,1000 Metric Tons
09-21-2026,2022,2021,10,5,wheat,japan,Production,1000.0,1000 Metric Tons
09-21-2026,2022,2021,10,5,wheat,japan,Imports,5493.0,1000 Metric Tons
09-21-2026,2022,2021,10,5,wheat,japan,Trade Year Imports,5493.0,1000 Metric Tons
09-21-2026,2022,2021,10,5,wheat,japan,Trade Year Imports From United States,2429.0,1000 Metric Tons
09-21-2026,2022,2021,10,5,wheat,japan,Total Supply,7593.0,1000 Metric Tons
09-21-2026,2022,2021,10,5,wheat,japan,Exports,300.0,1000 Metric Tons
09-21-2026,2022,2021,10,5,wheat,japan,Trade Year Exports,300.0,1000 Metric Tons
09-21-2026,2022,2021,10,5,wheat,japan,Feed Domestic Consumption,650.0,1000 Metric Tons
09-21-2026,2022,2021,10,5,wheat,japan,Food Seed and Industrial Consumption,5600.0,1000 Metric Tons
09-21-2026,2022,2021,10,5,wheat,japan,Domestic Consumption,6250.0,1000 Metric Tons
09-21-2026,2022,2021,10,5,wheat,japan,Ending Stocks,1043.0,1000 Metric Tons
09-21-2026,2022,2021,10,5,wheat,japan,Total Distribution,7593.0,1000 Metric Tons
09-21-2026,2022,2021,10,5,wheat,japan,Yield,4.6948,Yield (Metric Tons per Hectare)
09-21-2026,2023,2021,8,3,wheat,south-korea,Area Harvested,5.0,1000 Hectares
09-21-2026,2023,2021,4,7,soybean-oil,bangladesh,Industrial Domestic Consumption,105.0,1000 Metric Tons
09-21-2026,2023,2021,4,7,soybean-oil,bangladesh,Exports,26.0,1000 Metric Tons
09-21-2026,2023,2021,4,7,soybean-oil,bangladesh,Total Supply,1251.0,1000 Metric Tons
09-21-2026,2024,2021,4,7,soybean-oil,egypt,Exports,101.0,1000 Metric Tons
09-21-2026,2024,2021,3,6,soybean-oil,china,Domestic Consumption,17800.0,1000 Metric Tons
09-21-2026,2024,2021,3,6,soybean-oil,china,Ending Stocks,1180.0,1000 Metric Tons
09-21-2026,2024,2021,3,6,soybean-oil,china,Total Distribution,19022.0,1000 Metric Tons
09-21-2026,2024,2021,4,7,soybean-oil,egypt,Crush,3700.0,1000 Metric Tons
09-21-2026,2024,2021,4,7,soybean-oil,egypt,Extraction Rate,0.1824,Percentage (%)
09-21-2026,2024,2021,4,7,soybean-oil,egypt,Beginning Stocks,112.0,1000 Metric Tons
09-21-2026,2024,2021,4,7,soybean-oil,egypt,Production,675.0,1000 Metric Tons
09-21-2026,2024,2021,4,7,soybean-oil,egypt,Imports,428.0,1000 Metric Tons
09-21-2026,2024,2021,4,7,soybean-oil,egypt,Total Supply,1215.0,1000 Metric Tons
09-21-2026,2024,2021,4,7,soybean-oil,egypt,Industrial Domestic Consumption,10.0,1000 Metric Tons
09-21-2026,2023,2021,4,7,soybean-oil,bangladesh,Imports,676.0,1000 Metric Tons
09-21-2026,2024,2021,4,7,soybean-oil,egypt,Food Use Domestic Consumption,1000.0,1000 Metric Tons
09-21-2026,2024,2021,4,7,soybean-oil,egypt,Feed Waste Domestic Consumption,0.0,1000 Metric Tons
09-21-2026,2024,2021,4,7,soybean-oil,egypt,Domestic Consumption,1010.0,1000 Metric Tons
09-21-2026,2024,2021,4,7,soybean-oil,egypt,Ending Stocks,104.0,1000 Metric Tons
09-21-2026,2024,2021,4,7,soybean-oil,egypt,Total Distribution,1215.0,1000 Metric Tons
09-21-2026,2023,2021,4,7,soybean-oil,bangladesh,Crush,2650.0,1000 Metric Tons
09-21-2026,2023,2021,4,7,soybean-oil,bangladesh,Extraction Rate,0.174,Percentage (%)
09-21-2026,2023,2021,4,7,soybean-oil,bangladesh,Beginning Stocks,114.0,1000 Metric Tons
09-21-2026,2023,2021,4,7,soybean-oil,bangladesh,Production,461.0,1000 Metric Tons
09-21-2026,2023,2021,5,12,wheat,nigeria,Food Seed and Industrial Consumption,5500.0,1000 Metric Tons
09-21-2026,2023,2021,5,12,wheat,nigeria,Ending Stocks,791.0,1000 Metric Tons
09-21-2026,2022,2021,4,7,soybean-oil,philippines,Ending Stocks,3.0,1000 Metric Tons
09-21-2026,2026,2021,4,11,wheat,egypt,Beginning Stocks,4986.0,1000 Metric Tons
09-21-2026,2026,2021,4,11,wheat,egypt,Imports,12149.0,1000 Metric Tons
09-21-2026,2026,2021,4,11,wheat,egypt,Trade Year Imports,12149.0,1000 Metric Tons
09-21-2026,2026,2021,4,11,wheat,egypt,Trade Year Imports From United States,99.0,1000 Metric Tons
09-21-2026,2026,2021,4,11,wheat,egypt,Total Supply,26237.0,1000 Metric Tons
09-21-2026,2026,2021,4,11,wheat,egypt,Exports,705.0,1000 Metric Tons
09-21-2026,2026,2021,4,11,wheat,egypt,Trade Year Exports,705.0,1000 Metric Tons
09-21-2026,2026,2021,4,11,wheat,egypt,Feed Domestic Consumption,1300.0,1000 Metric Tons
09-21-2026,2026,2021,4,11,wheat,egypt,Food Seed and Industrial Consumption,19200.0,1000 Metric Tons
09-21-2026,2026,2021,4,11,wheat,egypt,Domestic Consumption,20500.0,1000 Metric Tons
09-21-2026,2026,2021,4,11,wheat,egypt,Ending Stocks,5032.0,1000 Metric Tons
09-21-2026,2026,2021,4,11,wheat,egypt,Total Distribution,26237.0,1000 Metric Tons
09-21-2026,2026,2021,4,11,wheat,egypt,Yield,6.3695,Yield (Metric Tons per Hectare)
09-21-2026,2026,2021,9,4,wheat,european-union,Area Harvested,22972.0,1000 Hectares
09-21-2026,2026,2021,9,4,wheat,european-union,Beginning Stocks,13110.0,1000 Metric Tons
09-21-2026,2026,2021,9,4,wheat,european-union,Production,126684.0,1000 Metric Tons
09-21-2026,2026,2021,9,4,wheat,european-union,Imports,5390.0,1000 Metric Tons
09-21-2026,2026,2021,9,4,wheat,european-union,Trade Year Imports,5390.0,1000 Metric Tons
09-21-2026,2026,2021,9,4,wheat,european-union,Trade Year Imports From United States,645.0,1000 Metric Tons
09-21-2026,2026,2021,9,4,wheat,european-union,Total Supply,145184.0,1000 Metric Tons
09-21-2026,2026,2021,9,4,wheat,european-union,Exports,29736.0,1000 Metric Tons
09-21-2026,2026,2021,9,4,wheat,european-union,Trade Year Exports,29736.0,1000 Metric Tons
09-21-2026,2026,2021,4,11,wheat,egypt,Production,9102.0,1000 Metric Tons
09-21-2026,2026,2021,4,11,wheat,egypt,Area Harvested,1429.0,1000 Hectares
09-21-2026,2023,2021,5,12,wheat,nigeria,Total Distribution,6941.0,1000 Metric Tons
09-21-2026,2026,2021,9,4,wheat,colombia,Yield,2.0,Yield (Metric Tons per Hectare)
09-21-2026,2026,2021,4,11,wheat,canada,Trade Year Exports,27722.0,1000 Metric Tons
09-21-2026,2026,2021,4,11,wheat,canada,Feed Domestic Consumption,4157.0,1000 Metric Tons
09-21-2026,2026,2021,4,11,wheat,canada,Food Seed and Industrial Consumption,4943.0,1000 Metric Tons
09-21-2026,2026,2021,4,11,wheat,canada,Domestic Consumption,9100.0,1000 Metric Tons
09-21-2026,2026,2021,4,11,wheat,canada,Ending Stocks,5953.0,1000 Metric Tons
09-21-2026,2026,2021,4,11,wheat,canada,Total Distribution,41482.0,1000 Metric Tons
09-21-2026,2026,2021,4,11,wheat,canada,Yield,3.5373,Yield (Metric Tons per Hectare)
09-21-2026,2026,2021,9,4,wheat,colombia,Area Harvested,3.0,1000 Hectares
09-21-2026,2026,2021,9,4,wheat,colombia,Beginning Stocks,528.0,1000 Metric Tons
09-21-2026,2026,2021,9,4,wheat,colombia,Production,6.0,1000 Metric Tons
09-21-2026,2026,2021,9,4,wheat,colombia,Imports,1902.0,1000 Metric Tons
09-21-2026,2026,2021,9,4,wheat,colombia,Trade Year Imports,1902.0,1000 Metric Tons
09-21-2026,2026,2021,9,4,wheat,colombia,Trade Year Imports From United States,412.0,1000 Metric Tons
09-21-2026,2026,2021,9,4,wheat,colombia,Total Supply,2436.0,1000 Metric Tons
09-21-2026,2026,2021,9,4,wheat,colombia,Exports,25.0,1000 Metric Tons
09-21-2026,2026,2021,9,4,wheat,colombia,Trade Year Exports,25.0,1000 Metric Tons
09-21-2026,2026,2021,9,4,wheat,colombia,Feed Domestic Consumption,100.0,1000 Metric Tons
09-21-2026,2026,2021,9,4,wheat,colombia,Food Seed and Industrial Consumption,1900.0,1000 Metric Tons
09-21-2026,2026,2021,9,4,wheat,colombia,Domestic Consumption,2000.0,1000 Metric Tons
09-21-2026,2026,2021,9,4,wheat,colombia,Ending Stocks,411.0,1000 Metric Tons
09-21-2026,2026,2021,9,4,wheat,colombia,Total Distribution,2436.0,1000 Metric Tons
09-21-2026,2026,2021,9,4,wheat,european-union,Feed Domestic Consumption,42500.0,1000 Metric Tons
09-21-2026,2026,2021,9,4,wheat,european-union,Food Seed and Industrial Consumption,62250.0,1000 Metric Tons
09-21-2026,2026,2021,9,4,wheat,european-union,Domestic Consumption,104750.0,1000 Metric Tons
09-21-2026,2026,2021,9,4,wheat,european-union,Ending Stocks,10698.0,1000 Metric Tons
09-21-2026,2026,2021,5,12,wheat,mexico,Exports,612.0,1000 Metric Tons
09-21-2026,2026,2021,5,12,wheat,mexico,Trade Year Exports,612.0,1000 Metric Tons
09-21-2026,2026,2021,5,12,wheat,mexico,Feed Domestic Consumption,300.0,1000 Metric Tons
09-21-2026,2026,2021,5,12,wheat,mexico,Food Seed and Industrial Consumption,7000.0,1000 Metric Tons
09-21-2026,2026,2021,5,12,wheat,mexico,Domestic Consumption,7300.0,1000 Metric Tons
09-21-2026,2026,2021,5,12,wheat,mexico,Ending Stocks,503.0,1000 Metric Tons
09-21-2026,2026,2021,5,12,wheat,mexico,Total Distribution,8415.0,1000 Metric Tons
09-21-2026,2026,2021,5,12,wheat,mexico,Yield,5.3244,Yield (Metric Tons per Hectare)
09-21-2026,2026,2021,4,11,wheat,thailand,Area Harvested,0.0,1000 Hectares
09-21-2026,2026,2021,4,11,wheat,thailand,Beginning Stocks,754.0,1000 Metric Tons
09-21-2026,2026,2021,4,11,wheat,thailand,Production,0.0,1000 Metric Tons
09-21-2026,2026,2021,4,11,wheat,thailand,Imports,3327.0,1000 Metric Tons
09-21-2026,2026,2021,4,11,wheat,thailand,Trade Year Imports,3327.0,1000 Metric Tons
09-21-2026,2026,2021,4,11,wheat,thailand,Trade Year Imports From United States,755.0,1000 Metric Tons
09-21-2026,2026,2021,4,11,wheat,thailand,Total Supply,4081.0,1000 Metric Tons
09-21-2026,2026,2021,4,11,wheat,thailand,Exports,311.0,1000 Metric Tons
09-21-2026,2026,2021,4,11,wheat,thailand,Trade Year Exports,311.0,1000 Metric Tons
09-21-2026,2026,2021,4,11,wheat,thailand,Feed Domestic Consumption,1650.0,1000 Metric Tons
09-21-2026,2026,2021,4,11,wheat,thailand,Food Seed and Industrial Consumption,1310.0,1000 Metric Tons
09-21-2026,2026,2021,4,11,wheat,thailand,Domestic Consumption,2960.0,1000 Metric Tons
09-21-2026,2026,2021,4,11,wheat,thailand,Ending Stocks,810.0,1000 Metric Tons
09-21-2026,2026,2021,5,12,wheat,mexico,Total Supply,8415.0,1000 Metric Tons
09-21-2026,2026,2021,5,12,wheat,mexico,Trade Year Imports From United States,3861.0,1000 Metric Tons
09-21-2026,2026,2021,5,12,wheat,mexico,Trade Year Imports,4724.0,1000 Metric Tons
09-21-2026,2026,2021,7,2,wheat,united-states,Exports,27048.0,1000 Metric Tons
09-21-2026,2026,2021,9,4,wheat,european-union,Total Distribution,145184.0,1000 Metric Tons
09-21-2026,2026,2021,9,4,wheat,european-union,Yield,5.5147,Yield (Metric Tons per Hectare)
09-21-2026,2026,2021,7,2,wheat,united-states,Yield,3.3428,Yield (Metric Tons per Hectare)
09-21-2026,2026,2021,7,2,wheat,united-states,Total Distribution,80234.0,1000 Metric Tons
09-21-2026,2026,2021,7,2,wheat,united-states,Ending Stocks,23001.0,1000 Metric Tons
09-21-2026,2026,2021,7,2,wheat,united-states,Domestic Consumption,30185.0,1000 Metric Tons
09-21-2026,2026,2021,7,2,wheat,united-states,Food Seed and Industrial Consumption,27876.0,1000 Metric Tons
09-21-2026,2026,2021,7,2,wheat,united-states,Feed Domestic Consumption,2309.0,1000 Metric Tons
09-21-2026,2026,2021,7,2,wheat,united-states,Trade Year Exports,26636.0,1000 Metric Tons
09-21-2026,2026,2021,7,2,wheat,united-states,Total Supply,80234.0,1000 Metric Tons
09-21-2026,2026,2021,5,12,wheat,mexico,Imports,4724.0,1000 Metric Tons
09-21-2026,2026,2021,7,2,wheat,united-states,Trade Year Imports From United States,0.0,1000 Metric Tons
09-21-2026,2026,2021,7,2,wheat,united-states,Trade Year Imports,2686.0,1000 Metric Tons
09-21-2026,2026,2021,7,2,wheat,united-states,Imports,2726.0,1000 Metric Tons
09-21-2026,2026,2021,7,2,wheat,united-states,Production,49523.0,1000 Metric Tons
09-21-2026,2026,2021,7,2,wheat,united-states,Beginning Stocks,27985.0,1000 Metric Tons
09-21-2026,2026,2021,7,2,wheat,united-states,Area Harvested,14815.0,1000 Hectares
09-21-2026,2026,2021,5,12,wheat,mexico,Area Harvested,561.0,1000 Hectares
09-21-2026,2026,2021,5,12,wheat,mexico,Beginning Stocks,704.0,1000 Metric Tons
09-21-2026,2026,2021,5,12,wheat,mexico,Production,2987.0,1000 Metric Tons
09-21-2026,2026,2021,4,11,wheat,canada,Exports,26429.0,1000 Metric Tons
09-21-2026,2026,2021,4,11,wheat,canada,Total Supply,41482.0,1000 Metric Tons
09-21-2026,2026,2021,4,11,wheat,canada,Trade Year Imports From United States,354.0,1000 Metric Tons
09-21-2026,2025,2021,5,12,wheat,bangladesh,Area Harvested,335.0,1000 Hectares
09-21-2026,2025,2021,4,11,wheat,china,Trade Year Exports,763.0,1000 Metric Tons
09-21-2026,2025,2021,4,11,wheat,china,Feed Domestic Consumption,45000.0,1000 Metric Tons
09-21-2026,2025,2021,4,11,wheat,china,Food Seed and Industrial Consumption,110000.0,1000 Metric Tons
09-21-2026,2025,2021,4,11,wheat,china,Domestic Consumption,155000.0,1000 Metric Tons
09-21-2026,2025,2021,4,11,wheat,china,Ending Stocks,139120.0,1000 Metric Tons
09-21-2026,2025,2021,4,11,wheat,china,Total Distribution,294883.0,1000 Metric Tons
09-21-2026,2025,2021,4,11,wheat,china,Yield,5.7421,Yield (Metric Tons per Hectare)
09-21-2026,2025,2021,5,12,wheat,pakistan,Area Harvested,8805.0,1000 Hectares
09-21-2026,2025,2021,5,12,wheat,pakistan,Beginning Stocks,991.0,1000 Metric Tons
09-21-2026,2025,2021,5,12,wheat,pakistan,Production,25248.0,1000 Metric Tons
09-21-2026,2025,2021,5,12,wheat,pakistan,Imports,3617.0,1000 Metric Tons
09-21-2026,2025,2021,5,12,wheat,pakistan,Trade Year Imports,3617.0,1000 Metric Tons
09-21-2026,2025,2021,5,12,wheat,pakistan,Trade Year Imports From United States,0.0,1000 Metric Tons
09-21-2026,2025,2021,5,12,wheat,pakistan,Total Supply,29856.0,1000 Metric Tons
09-21-2026,2025,2021,5,12,wheat,pakistan,Exports,500.0,1000 Metric Tons
09-21-2026,2025,2021,5,12,wheat,pakistan,Trade Year Exports,500.0,1000 Metric Tons
09-21-2026,2025,2021,5,12,wheat,pakistan,Feed Domestic Consumption,1000.0,1000 Metric Tons
09-21-2026,2025,2021,5,12,wheat,pakistan,Food Seed and Industrial Consumption,25300.0,1000 Metric Tons
09-21-2026,2025,2021,5,12,wheat,pakistan,Domestic Consumption,26300.0,1000 Metric Tons
09-21-2026,2025,2021,5,12,wheat,pakistan,Ending Stocks,3056.0,1000 Metric Tons
09-21-2026,2025,2021,5,12,wheat,pakistan,Total Distribution,29856.0,1000 Metric Tons
09-21-2026,2025,2021,4,11,wheat,china,Exports,763.0,1000 Metric Tons
09-21-2026,2025,2021,4,11,wheat,china,Total Supply,294883.0,1000 Metric Tons
09-21-2026,2025,2021,4,11,wheat,china,Trade Year Imports From United States,3301.0,1000 Metric Tons
09-21-2026,2022,2021,12,7,wheat,indonesia,Trade Year Exports,336.0,1000 Metric Tons
09-21-2026,2023,2021,5,12,wheat,nigeria,Yield,1.1,Yield (Metric Tons per Hectare)
09-21-2026,2022,2021,12,7,wheat,indonesia,Area Harvested,0.0,1000 Hectares
09-21-2026,2022,2021,12,7,wheat,indonesia,Beginning Stocks,1716.0,1000 Metric Tons
09-21-2026,2022,2021,12,7,wheat,indonesia,Production,0.0,1000 Metric Tons
09-21-2026,2022,2021,12,7,wheat,indonesia,Imports,9995.0,1000 Metric Tons
09-21-2026,2022,2021,12,7,wheat,indonesia,Trade Year Imports,9995.0,1000 Metric Tons
09-21-2026,2022,2021,12,7,wheat,indonesia,Trade Year Imports From United States,794.0,1000 Metric Tons
09-21-2026,2022,2021,12,7,wheat,indonesia,Total Supply,11711.0,1000 Metric Tons
09-21-2026,2022,2021,12,7,wheat,indonesia,Exports,336.0,1000 Metric Tons
09-21-2026,2022,2021,12,7,wheat,indonesia,Feed Domestic Consumption,1500.0,1000 Metric Tons
09-21-2026,2025,2021,4,11,wheat,china,Trade Year Imports,10618.0,1000 Metric Tons
09-21-2026,2022,2021,12,7,wheat,indonesia,Food Seed and Industrial Consumption,8600.0,1000 Metric Tons
09-21-2026,2022,2021,12,7,wheat,indonesia,Domestic Consumption,10100.0,1000 Metric Tons
09-21-2026,2022,2021,12,7,wheat,indonesia,Ending Stocks,1275.0,1000 Metric Tons
09-21-2026,2022,2021,12,7,wheat,indonesia,Total Distribution,11711.0,1000 Metric Tons
09-21-2026,2022,2021,12,7,wheat,indonesia,Yield,0.0,Yield (Metric Tons per Hectare)
09-21-2026,2025,2021,4,11,wheat,china,Area Harvested,23380.0,1000 Hectares
09-21-2026,2025,2021,4,11,wheat,china,Beginning Stocks,150015.0,1000 Metric Tons
09-21-2026,2025,2021,4,11,wheat,china,Production,134250.0,1000 Metric Tons
09-21-2026,2025,2021,4,11,wheat,china,Imports,10618.0,1000 Metric Tons
09-21-2026,2025,2021,5,12,wheat,pakistan,Yield,2.8675,Yield (Metric Tons per Hectare)
09-21-2026,2025,2021,5,12,wheat,bangladesh,Beginning Stocks,1758.0,1000 Metric Tons
09-21-2026,2026,2021,4,11,wheat,canada,Trade Year Imports,549.0,1000 Metric Tons
09-21-2026,2025,2021,5,12,wheat,bangladesh,Production,1180.0,1000 Metric Tons
09-21-2026,2026,2021,4,7,soybean-meal,pakistan,Domestic Consumption,1900.0,1000 Metric Tons
09-21-2026,2026,2021,4,7,soybean-meal,pakistan,Ending Stocks,125.0,1000 Metric Tons
09-21-2026,2026,2021,4,7,soybean-meal,pakistan,Total Distribution,2064.0,1000 Metric Tons
09-21-2026,2026,2021,4,7,soybean-meal,pakistan,Soybean Meal Equivalent,1900.0,1000 Metric Tons
09-21-2026,2026,2021,4,7,soybean-oil,pakistan,Crush,2500.0,1000 Metric Tons
09-21-2026,2026,2021,4,7,soybean-oil,pakistan,Extraction Rate,0.1876,Percentage (%)
09-21-2026,2026,2021,4,7,soybean-oil,pakistan,Beginning Stocks,65.0,1000 Metric Tons
09-21-2026,2026,2021,4,7,soybean-oil,pakistan,Production,469.0,1000 Metric Tons
09-21-2026,2026,2021,4,7,soybean-oil,pakistan,Imports,19.0,1000 Metric Tons
09-21-2026,2026,2021,4,7,soybean-oil,pakistan,Total Supply,553.0,1000 Metric Tons
09-21-2026,2026,2021,4,7,soybean-oil,pakistan,Exports,2.0,1000 Metric Tons
09-21-2026,2026,2021,4,7,soybean-oil,pakistan,Industrial Domestic Consumption,10.0,1000 Metric Tons
09-21-2026,2026,2021,4,7,soybean-oil,pakistan,Food Use Domestic Consumption,485.0,1000 Metric Tons
09-21-2026,2026,2021,4,7,soybean-oil,pakistan,Feed Waste Domestic Consumption,0.0,1000 Metric Tons
09-21-2026,2026,2021,4,7,soybean-oil,pakistan,Domestic Consumption,495.0,1000 Metric Tons
09-21-2026,2026,2021,4,7,soybean-oil,pakistan,Ending Stocks,56.0,1000 Metric Tons
09-21-2026,2026,2021,4,7,soybean-oil,pakistan,Total Distribution,553.0,1000 Metric Tons
09-21-2026,2026,2021,4,11,wheat,canada,Area Harvested,10018.0,1000 Hectares
09-21-2026,2026,2021,4,11,wheat,canada,Beginning Stocks,5499.0,1000 Metric Tons
09-21-2026,2026,2021,4,11,wheat,canada,Production,35437.0,1000 Metric Tons
09-21-2026,2026,2021,4,11,wheat,canada,Imports,546.0,1000 Metric Tons
09-21-2026,2026,2021,4,7,soybean-meal,pakistan,Feed Waste Domestic Consumption,1900.0,1000 Metric Tons
09-21-2026,2026,2021,4,7,soybean-meal,pakistan,Food Use Domestic Consumption,0.0,1000 Metric Tons
09-21-2026,2026,2021,4,7,soybean-meal,pakistan,Industrial Domestic Consumption,0.0,1000 Metric Tons
09-21-2026,2025,2021,5,12,wheat,bangladesh,Ending Stocks,2138.0,1000 Metric Tons
09-21-2026,2025,2021,5,12,wheat,bangladesh,Imports,7200.0,1000 Metric Tons
09-21-2026,2025,2021,5,12,wheat,bangladesh,Trade Year Imports,7200.0,1000 Metric Tons
09-21-2026,2025,2021,5,12,wheat,bangladesh,Trade Year Imports From United States,235.0,1000 Metric Tons
09-21-2026,2025,2021,5,12,wheat,bangladesh,Total Supply,10138.0,1000 Metric Tons
09-21-2026,2025,2021,5,12,wheat,bangladesh,Exports,0.0,1000 Metric Tons
09-21-2026,2025,2021,5,12,wheat,bangladesh,Trade Year Exports,0.0,1000 Metric Tons
09-21-2026,2025,2021,5,12,wheat,bangladesh,Feed Domestic Consumption,500.0,1000 Metric Tons
09-21-2026,2025,2021,5,12,wheat,bangladesh,Food Seed and Industrial Consumption,7500.0,1000 Metric Tons
09-21-2026,2025,2021,5,12,wheat,bangladesh,Domestic Consumption,8000.0,1000 Metric Tons
09-21-2026,2025,2021,5,12,wheat,bangladesh,Total Distribution,10138.0,1000 Metric Tons
09-21-2026,2026,2021,4,7,soybean-meal,pakistan,Exports,39.0,1000 Metric Tons
09-21-2026,2025,2021,5,12,wheat,bangladesh,Yield,3.5224,Yield (Metric Tons per Hectare)
09-21-2026,2023,2021,4,7,soybean-meal,united-states,Extraction Rate,0.7874,Percentage (%)
09-21-2026,2026,2021,9,1,corn,world,Beginning Stocks,314970.0,1000 Metric Tons
09-21-2026,2026,2021,4,7,soybean-meal,pakistan,Crush,2500.0,1000 Metric Tons
09-21-2026,2026,2021,4,7,soybean-meal,pakistan,Extraction Rate,0.78,Percentage (%)
09-21-2026,2026,2021,4,7,soybean-meal,pakistan,Beginning Stocks,114.0,1000 Metric Tons
09-21-2026,2026,2021,4,7,soybean-meal,pakistan,Production,1950.0,1000 Metric Tons
09-21-2026,2026,2021,4,7,soybean-meal,pakistan,Imports,0.0,1000 Metric Tons
09-21-2026,2026,2021,4,7,soybean-meal,pakistan,Total Supply,2064.0,1000 Metric Tons
09-21-2026,2022,2021,4,7,soybean-oil,philippines,Total Distribution,81.0,1000 Metric Tons
09-21-2026,2026,2021,9,1,corn,world,Area Harvested,200724.0,1000 Hectares
09-21-2026,2022,2021,4,7,soybean-oil,philippines,Domestic Consumption,78.0,1000 Metric Tons
09-21-2026,2023,2021,4,7,soybean-meal,united-states,Domestic Consumption,34179.0,1000 Metric Tons
09-21-2026,2023,2021,4,7,soybean-meal,united-states,Food Use Domestic Consumption,0.0,1000 Metric Tons
09-21-2026,2023,2021,4,7,soybean-meal,united-states,Industrial Domestic Consumption,0.0,1000 Metric Tons
09-21-2026,2023,2021,4,7,soybean-meal,united-states,Exports,12406.0,1000 Metric Tons
09-21-2026,2023,2021,4,7,soybean-meal,united-states,Total Supply,46894.0,1000 Metric Tons
09-21-2026,2023,2021,4,7,soybean-meal,united-states,Imports,712.0,1000 Metric Tons
09-21-2026,2023,2021,5,8,soybean-meal,canada,Industrial Domestic Consumption,0.0,1000 Metric Tons
09-21-2026,2023,2021,4,7,soybean-meal,united-states,Production,45872.0,1000 Metric Tons
09-21-2026,2023,2021,4,7,soybean-meal,united-states,Beginning Stocks,310.0,1000 Metric Tons
09-21-2026,2023,2021,5,8,soybean-meal,canada,Food Use Domestic Consumption,0.0,1000 Metric Tons
09-21-2026,2023,2021,5,8,soybean-meal,canada,Feed Waste Domestic Consumption,2200.0,1000 Metric Tons
09-21-2026,2023,2021,5,8,soybean-meal,canada,Domestic Consumption,2200.0,1000 Metric Tons
09-21-2026,2023,2021,5,8,soybean-meal,canada,Ending Stocks,154.0,1000 Metric Tons
09-21-2026,2023,2021,5,8,soybean-meal,canada,Total Distribution,2717.0,1000 Metric Tons
09-21-2026,2023,2021,5,8,soybean-meal,canada,Soybean Meal Equivalent,2200.0,1000 Metric Tons
09-21-2026,2023,2021,4,7,soybean-meal,honduras,Crush,0.0,1000 Metric Tons
09-21-2026,2023,2021,4,7,soybean-meal,honduras,Extraction Rate,0.0,Percentage (%)
09-21-2026,2023,2021,4,7,soybean-meal,honduras,Beginning Stocks,0.0,1000 Metric Tons
09-21-2026,2023,2021,4,7,soybean-meal,honduras,Production,0.0,1000 Metric Tons
09-21-2026,2023,2021,4,7,soybean-meal,honduras,Imports,312.0,1000 Metric Tons
09-21-2026,2023,2021,4,7,soybean-meal,honduras,Total Supply,312.0,1000 Metric Tons
09-21-2026,2023,2021,4,7,soybean-meal,honduras,Exports,14.0,1000 Metric Tons
09-21-2026,2023,2021,4,7,soybean-meal,united-states,Feed Waste Domestic Consumption,34179.0,1000 Metric Tons
09-21-2026,2023,2021,4,7,soybean-meal,united-states,Ending Stocks,309.0,1000 Metric Tons
09-21-2026,2023,2021,5,8,soybean-meal,thailand,Extraction Rate,0.7786,Percentage (%)
09-21-2026,2023,2021,4,7,soybean-meal,united-states,Total Distribution,46894.0,1000 Metric Tons
09-21-2026,2023,2021,11,2,soybean-meal,japan,Total Supply,3674.0,1000 Metric Tons
09-21-2026,2023,2021,11,2,soybean-meal,japan,Imports,1839.0,1000 Metric Tons
09-21-2026,2023,2021,11,2,soybean-meal,japan,Production,1783.0,1000 Metric Tons
09-21-2026,2023,2021,11,2,soybean-meal,japan,Beginning Stocks,52.0,1000 Metric Tons
09-21-2026,2023,2021,11,2,soybean-meal,japan,Extraction Rate,0.7752,Percentage (%)
09-21-2026,2023,2021,11,2,soybean-meal,japan,Crush,2300.0,1000 Metric Tons
09-21-2026,2023,2021,4,7,soybean-meal,mexico,Soybean Meal Equivalent,6675.0,1000 Metric Tons
09-21-2026,2023,2021,4,7,soybean-meal,mexico,Total Distribution,6929.0,1000 Metric Tons
09-21-2026,2023,2021,4,7,soybean-meal,mexico,Ending Stocks,198.0,1000 Metric Tons
09-21-2026,2023,2021,4,7,soybean-meal,mexico,Domestic Consumption,6725.0,1000 Metric Tons
09-21-2026,2023,2021,4,7,soybean-meal,mexico,Feed Waste Domestic Consumption,6675.0,1000 Metric Tons
09-21-2026,2023,2021,4,7,soybean-meal,mexico,Food Use Domestic Consumption,50.0,1000 Metric Tons
09-21-2026,2023,2021,4,7,soybean-meal,mexico,Industrial Domestic Consumption,0.0,1000 Metric Tons
09-21-2026,2023,2021,4,7,soybean-meal,mexico,Exports,6.0,1000 Metric Tons
09-21-2026,2023,2021,4,7,soybean-meal,mexico,Total Supply,6929.0,1000 Metric Tons
09-21-2026,2023,2021,4,7,soybean-meal,mexico,Imports,1854.0,1000 Metric Tons
09-21-2026,2023,2021,4,7,soybean-meal,mexico,Production,4900.0,1000 Metric Tons
09-21-2026,2023,2021,4,7,soybean-meal,mexico,Beginning Stocks,175.0,1000 Metric Tons
09-21-2026,2023,2021,4,7,soybean-meal,mexico,Extraction Rate,0.7903,Percentage (%)
09-21-2026,2023,2021,4,7,soybean-meal,mexico,Crush,6200.0,1000 Metric Tons
09-21-2026,2023,2021,4,7,soybean-meal,united-states,Soybean Meal Equivalent,34179.0,1000 Metric Tons
09-21-2026,2023,2021,4,7,soybean-meal,honduras,Industrial Domestic Consumption,0.0,1000 Metric Tons
09-21-2026,2025,2021,4,7,soybean-meal,guatemala,Total Distribution,566.0,1000 Metric Tons
09-21-2026,2023,2021,4,7,soybean-meal,honduras,Feed Waste Domestic Consumption,295.0,1000 Metric Tons
09-21-2026,2023,2021,4,7,soybean-meal,honduras,Domestic Consumption,295.0,1000 Metric Tons
09-21-2026,2025,2021,12,3,soybean-meal,nigeria,Industrial Domestic Consumption,0.0,1000 Metric Tons
09-21-2026,2025,2021,12,3,soybean-meal,nigeria,Food Use Domestic Consumption,0.0,1000 Metric Tons
09-21-2026,2025,2021,12,3,soybean-meal,nigeria,Feed Waste Domestic Consumption,500.0,1000 Metric Tons
09-21-2026,2025,2021,12,3,soybean-meal,nigeria,Domestic Consumption,500.0,1000 Metric Tons
09-21-2026,2025,2021,12,3,soybean-meal,nigeria,Ending Stocks,57.0,1000 Metric Tons
09-21-2026,2025,2021,12,3,soybean-meal,nigeria,Total Distribution,723.0,1000 Metric Tons
09-21-2026,2025,2021,12,3,soybean-meal,nigeria,Soybean Meal Equivalent,500.0,1000 Metric Tons
09-21-2026,2023,2021,4,7,soybean-meal,indonesia,Crush,0.0,1000 Metric Tons
09-21-2026,2023,2021,4,7,soybean-meal,indonesia,Extraction Rate,0.0,Percentage (%)
09-21-2026,2023,2021,4,7,soybean-meal,indonesia,Beginning Stocks,265.0,1000 Metric Tons
09-21-2026,2023,2021,4,7,soybean-meal,indonesia,Production,0.0,1000 Metric Tons
09-21-2026,2023,2021,4,7,soybean-meal,indonesia,Imports,5356.0,1000 Metric Tons
09-21-2026,2023,2021,4,7,soybean-meal,indonesia,Total Supply,5621.0,1000 Metric Tons
09-21-2026,2023,2021,4,7,soybean-meal,indonesia,Exports,0.0,1000 Metric Tons
09-21-2026,2023,2021,4,7,soybean-meal,indonesia,Industrial Domestic Consumption,0.0,1000 Metric Tons
09-21-2026,2023,2021,4,7,soybean-meal,indonesia,Food Use Domestic Consumption,0.0,1000 Metric Tons
09-21-2026,2023,2021,4,7,soybean-meal,indonesia,Feed Waste Domestic Consumption,5200.0,1000 Metric Tons
09-21-2026,2023,2021,4,7,soybean-meal,indonesia,Domestic Consumption,5200.0,1000 Metric Tons
09-21-2026,2023,2021,4,7,soybean-meal,indonesia,Ending Stocks,421.0,1000 Metric Tons
09-21-2026,2023,2021,4,7,soybean-meal,indonesia,Total Distribution,5621.0,1000 Metric Tons
09-21-2026,2023,2021,4,7,soybean-meal,indonesia,Soybean Meal Equivalent,5200.0,1000 Metric Tons
09-21-2026,2025,2021,12,3,soybean-meal,nigeria,Exports,166.0,1000 Metric Tons
09-21-2026,2025,2021,12,3,soybean-meal,nigeria,Total Supply,723.0,1000 Metric Tons
09-21-2026,2025,2021,12,3,soybean-meal,nigeria,Imports,1.0,1000 Metric Tons
09-21-2026,2023,2021,5,8,soybean-meal,philippines,Exports,0.0,1000 Metric Tons
09-21-2026,2023,2021,4,7,soybean-meal,honduras,Ending Stocks,3.0,1000 Metric Tons
09-21-2026,2023,2021,4,7,soybean-meal,honduras,Total Distribution,312.0,1000 Metric Tons
09-21-2026,2023,2021,4,7,soybean-meal,honduras,Soybean Meal Equivalent,295.0,1000 Metric Tons
09-21-2026,2023,2021,5,8,soybean-meal,philippines,Crush,100.0,1000 Metric Tons
09-21-2026,2023,2021,5,8,soybean-meal,philippines,Extraction Rate,0.78,Percentage (%)
09-21-2026,2023,2021,5,8,soybean-meal,philippines,Beginning Stocks,177.0,1000 Metric Tons
09-21-2026,2023,2021,5,8,soybean-meal,philippines,Production,78.0,1000 Metric Tons
09-21-2026,2023,2021,5,8,soybean-meal,philippines,Imports,2839.0,1000 Metric Tons
09-21-2026,2023,2021,5,8,soybean-meal,philippines,Total Supply,3094.0,1000 Metric Tons
09-21-2026,2023,2021,5,8,soybean-meal,philippines,Industrial Domestic Consumption,0.0,1000 Metric Tons
09-21-2026,2025,2021,12,3,soybean-meal,nigeria,Production,672.0,1000 Metric Tons
09-21-2026,2023,2021,5,8,soybean-meal,philippines,Food Use Domestic Consumption,0.0,1000 Metric Tons
09-21-2026,2023,2021,5,8,soybean-meal,philippines,Feed Waste Domestic Consumption,2875.0,1000 Metric Tons
09-21-2026,2023,2021,5,8,soybean-meal,philippines,Domestic Consumption,2875.0,1000 Metric Tons
09-21-2026,2023,2021,5,8,soybean-meal,philippines,Ending Stocks,219.0,1000 Metric Tons
09-21-2026,2023,2021,5,8,soybean-meal,philippines,Total Distribution,3094.0,1000 Metric Tons
09-21-2026,2023,2021,5,8,soybean-meal,philippines,Soybean Meal Equivalent,2875.0,1000 Metric Tons
09-21-2026,2025,2021,12,3,soybean-meal,nigeria,Crush,865.0,1000 Metric Tons
09-21-2026,2025,2021,12,3,soybean-meal,nigeria,Extraction Rate,0.7769,Percentage (%)
09-21-2026,2025,2021,12,3,soybean-meal,nigeria,Beginning Stocks,50.0,1000 Metric Tons
09-21-2026,2023,2021,11,2,soybean-meal,japan,Exports,1.0,1000 Metric Tons
09-21-2026,2023,2021,11,2,soybean-meal,japan,Industrial Domestic Consumption,230.0,1000 Metric Tons
09-21-2026,2023,2021,11,2,soybean-meal,japan,Food Use Domestic Consumption,200.0,1000 Metric Tons
09-21-2026,2022,2021,5,8,soybean-meal,taiwan,Crush,2050.0,1000 Metric Tons
09-21-2026,2023,2021,5,8,soybean-meal,canada,Imports,1262.0,1000 Metric Tons
09-21-2026,2023,2021,5,8,soybean-meal,canada,Total Supply,2717.0,1000 Metric Tons
09-21-2026,2025,2021,4,7,soybean-meal,guatemala,Exports,1.0,1000 Metric Tons
09-21-2026,2025,2021,4,7,soybean-meal,guatemala,Total Supply,566.0,1000 Metric Tons
09-21-2026,2025,2021,4,7,soybean-meal,guatemala,Imports,515.0,1000 Metric Tons
09-21-2026,2025,2021,4,7,soybean-meal,guatemala,Production,32.0,1000 Metric Tons
09-21-2026,2025,2021,4,7,soybean-meal,guatemala,Beginning Stocks,19.0,1000 Metric Tons
09-21-2026,2025,2021,4,7,soybean-meal,guatemala,Extraction Rate,0.7805,Percentage (%)
09-21-2026,2025,2021,4,7,soybean-meal,guatemala,Crush,41.0,1000 Metric Tons
09-21-2026,2022,2021,5,8,soybean-meal,taiwan,Soybean Meal Equivalent,1650.0,1000 Metric Tons
09-21-2026,2022,2021,5,8,soybean-meal,taiwan,Total Distribution,1723.0,1000 Metric Tons
09-21-2026,2022,2021,5,8,soybean-meal,taiwan,Ending Stocks,58.0,1000 Metric Tons
09-21-2026,2022,2021,5,8,soybean-meal,taiwan,Domestic Consumption,1650.0,1000 Metric Tons
09-21-2026,2022,2021,5,8,soybean-meal,taiwan,Feed Waste Domestic Consumption,1650.0,1000 Metric Tons
09-21-2026,2022,2021,5,8,soybean-meal,taiwan,Food Use Domestic Consumption,0.0,1000 Metric Tons
09-21-2026,2022,2021,5,8,soybean-meal,taiwan,Industrial Domestic Consumption,0.0,1000 Metric Tons
09-21-2026,2022,2021,5,8,soybean-meal,taiwan,Exports,15.0,1000 Metric Tons
09-21-2026,2022,2021,5,8,soybean-meal,taiwan,Total Supply,1723.0,1000 Metric Tons
09-21-2026,2022,2021,5,8,soybean-meal,taiwan,Imports,53.0,1000 Metric Tons
09-21-2026,2022,2021,5,8,soybean-meal,taiwan,Production,1610.0,1000 Metric Tons
09-21-2026,2022,2021,5,8,soybean-meal,taiwan,Beginning Stocks,60.0,1000 Metric Tons
09-21-2026,2023,2021,5,8,soybean-meal,canada,Production,1281.0,1000 Metric Tons
09-21-2026,2023,2021,5,8,soybean-meal,canada,Beginning Stocks,174.0,1000 Metric Tons
09-21-2026,2023,2021,5,8,soybean-meal,canada,Extraction Rate,0.7801,Percentage (%)
09-21-2026,2024,2021,4,7,soybean-meal,vietnam,Imports,5200.0,1000 Metric Tons
09-21-2026,2025,2021,4,7,soybean-meal,guatemala,Domestic Consumption,530.0,1000 Metric Tons
09-21-2026,2025,2021,4,7,soybean-meal,guatemala,Feed Waste Domestic Consumption,530.0,1000 Metric Tons
09-21-2026,2025,2021,4,7,soybean-meal,guatemala,Food Use Domestic Consumption,0.0,1000 Metric Tons
09-21-2026,2025,2021,4,7,soybean-meal,guatemala,Industrial Domestic Consumption,0.0,1000 Metric Tons
09-21-2026,2025,2021,4,7,soybean-meal,guatemala,Soybean Meal Equivalent,530.0,1000 Metric Tons
09-21-2026,2024,2021,4,7,soybean-meal,vietnam,Crush,1300.0,1000 Metric Tons
09-21-2026,2024,2021,4,7,soybean-meal,vietnam,Extraction Rate,0.7808,Percentage (%)
09-21-2026,2024,2021,4,7,soybean-meal,vietnam,Beginning Stocks,331.0,1000 Metric Tons
09-21-2026,2024,2021,4,7,soybean-meal,vietnam,Production,1015.0,1000 Metric Tons
09-21-2026,2024,2021,4,7,soybean-meal,vietnam,Total Supply,6546.0,1000 Metric Tons
09-21-2026,2023,2021,5,8,soybean-meal,canada,Crush,1642.0,1000 Metric Tons
09-21-2026,2022,2021,4,7,soybean-oil,philippines,Feed Waste Domestic Consumption,0.0,1000 Metric Tons
09-21-2026,2024,2021,4,7,soybean-meal,vietnam,Exports,221.0,1000 Metric Tons
09-21-2026,2024,2021,4,7,soybean-meal,vietnam,Industrial Domestic Consumption,0.0,1000 Metric Tons
09-21-2026,2024,2021,4,7,soybean-meal,vietnam,Food Use Domestic Consumption,80.0,1000 Metric Tons
09-21-2026,2024,2021,4,7,soybean-meal,vietnam,Feed Waste Domestic Consumption,6050.0,1000 Metric Tons
09-21-2026,2024,2021,4,7,soybean-meal,vietnam,Domestic Consumption,6130.0,1000 Metric Tons
09-21-2026,2024,2021,4,7,soybean-meal,vietnam,Ending Stocks,195.0,1000 Metric Tons
09-21-2026,2024,2021,4,7,soybean-meal,vietnam,Total Distribution,6546.0,1000 Metric Tons
09-21-2026,2024,2021,4,7,soybean-meal,vietnam,Soybean Meal Equivalent,6050.0,1000 Metric Tons
09-21-2026,2022,2021,5,8,soybean-meal,taiwan,Extraction Rate,0.7854,Percentage (%)
09-21-2026,2024,2021,4,7,soybean-meal,european-union,Soybean Meal Equivalent,28300.0,1000 Metric Tons
09-21-2026,2023,2021,11,2,soybean-meal,japan,Feed Waste Domestic Consumption,3185.0,1000 Metric Tons
09-21-2026,2024,2021,4,7,soybean-meal,european-union,Total Distribution,29651.0,1000 Metric Tons
09-21-2026,2025,2021,4,7,soybean-meal,colombia,Beginning Stocks,160.0,1000 Metric Tons
09-21-2026,2025,2021,4,7,soybean-meal,colombia,Extraction Rate,0.786,Percentage (%)
09-21-2026,2025,2021,4,7,soybean-meal,colombia,Crush,500.0,1000 Metric Tons
09-21-2026,2024,2021,10,1,soybean-meal,south-korea,Soybean Meal Equivalent,2400.0,1000 Metric Tons
09-21-2026,2024,2021,10,1,soybean-meal,south-korea,Total Distribution,2774.0,1000 Metric Tons
09-21-2026,2024,2021,10,1,soybean-meal,south-korea,Ending Stocks,306.0,1000 Metric Tons
09-21-2026,2024,2021,10,1,soybean-meal,south-korea,Domestic Consumption,2425.0,1000 Metric Tons
09-21-2026,2024,2021,10,1,soybean-meal,south-korea,Feed Waste Domestic Consumption,2400.0,1000 Metric Tons
09-21-2026,2024,2021,10,1,soybean-meal,south-korea,Food Use Domestic Consumption,25.0,1000 Metric Tons
09-21-2026,2024,2021,10,1,soybean-meal,south-korea,Industrial Domestic Consumption,0.0,1000 Metric Tons
09-21-2026,2024,2021,10,1,soybean-meal,south-korea,Exports,43.0,1000 Metric Tons
09-21-2026,2024,2021,10,1,soybean-meal,south-korea,Total Supply,2774.0,1000 Metric Tons
09-21-2026,2024,2021,10,1,soybean-meal,south-korea,Imports,1727.0,1000 Metric Tons
09-21-2026,2024,2021,10,1,soybean-meal,south-korea,Production,733.0,1000 Metric Tons
09-21-2026,2024,2021,10,1,soybean-meal,south-korea,Beginning Stocks,314.0,1000 Metric Tons
09-21-2026,2024,2021,10,1,soybean-meal,south-korea,Extraction Rate,0.7165,Percentage (%)
09-21-2026,2024,2021,10,1,soybean-meal,south-korea,Crush,1023.0,1000 Metric Tons
09-21-2026,2023,2021,11,2,soybean-meal,japan,Soybean Meal Equivalent,3185.0,1000 Metric Tons
09-21-2026,2023,2021,11,2,soybean-meal,japan,Total Distribution,3674.0,1000 Metric Tons
09-21-2026,2023,2021,11,2,soybean-meal,japan,Ending Stocks,58.0,1000 Metric Tons
09-21-2026,2023,2021,11,2,soybean-meal,japan,Domestic Consumption,3615.0,1000 Metric Tons
09-21-2026,2025,2021,4,7,soybean-meal,colombia,Production,393.0,1000 Metric Tons
09-21-2026,2025,2021,4,7,soybean-meal,colombia,Imports,1607.0,1000 Metric Tons
09-21-2026,2025,2021,4,7,soybean-meal,colombia,Total Supply,2160.0,1000 Metric Tons
09-21-2026,2024,2021,4,7,soybean-meal,european-union,Beginning Stocks,665.0,1000 Metric Tons
09-21-2026,2024,2021,4,7,soybean-meal,european-union,Ending Stocks,462.0,1000 Metric Tons
09-21-2026,2024,2021,4,7,soybean-meal,european-union,Domestic Consumption,28342.0,1000 Metric Tons
09-21-2026,2024,2021,4,7,soybean-meal,european-union,Feed Waste Domestic Consumption,28300.0,1000 Metric Tons
09-21-2026,2024,2021,4,7,soybean-meal,european-union,Food Use Domestic Consumption,32.0,1000 Metric Tons
09-21-2026,2024,2021,4,7,soybean-meal,european-union,Industrial Domestic Consumption,10.0,1000 Metric Tons
09-21-2026,2024,2021,4,7,soybean-meal,european-union,Exports,847.0,1000 Metric Tons
09-21-2026,2024,2021,4,7,soybean-meal,european-union,Total Supply,29651.0,1000 Metric Tons
09-21-2026,2024,2021,4,7,soybean-meal,european-union,Imports,16504.0,1000 Metric Tons
09-21-2026,2024,2021,4,7,soybean-meal,european-union,Production,12482.0,1000 Metric Tons
09-21-2026,2023,2021,5,8,soybean-meal,canada,Exports,363.0,1000 Metric Tons
09-21-2026,2025,2021,4,7,soybean-meal,colombia,Exports,2.0,1000 Metric Tons
09-21-2026,2024,2021,4,7,soybean-meal,european-union,Extraction Rate,0.79,Percentage (%)
09-21-2026,2024,2021,4,7,soybean-meal,european-union,Crush,15800.0,1000 Metric Tons
09-21-2026,2025,2021,4,7,soybean-meal,colombia,Soybean Meal Equivalent,1975.0,1000 Metric Tons
09-21-2026,2025,2021,4,7,soybean-meal,colombia,Total Distribution,2160.0,1000 Metric Tons
09-21-2026,2025,2021,4,7,soybean-meal,colombia,Ending Stocks,183.0,1000 Metric Tons
09-21-2026,2025,2021,4,7,soybean-meal,colombia,Domestic Consumption,1975.0,1000 Metric Tons
09-21-2026,2025,2021,4,7,soybean-meal,colombia,Feed Waste Domestic Consumption,1975.0,1000 Metric Tons
09-21-2026,2025,2021,4,7,soybean-meal,colombia,Food Use Domestic Consumption,0.0,1000 Metric Tons
09-21-2026,2025,2021,4,7,soybean-meal,colombia,Industrial Domestic Consumption,0.0,1000 Metric Tons
09-21-2026,2023,2021,5,8,soybean-meal,thailand,Crush,2800.0,1000 Metric Tons
09-21-2026,2023,2021,4,7,soybean-meal,honduras,Food Use Domestic Consumption,0.0,1000 Metric Tons
09-21-2026,2023,2021,5,8,soybean-meal,thailand,Beginning Stocks,173.0,1000 Metric Tons
09-21-2026,2023,2021,9,12,soybean-oil,japan,Ending Stocks,23.0,1000 Metric Tons
09-21-2026,2023,2021,5,8,soybean-meal,thailand,Production,2180.0,1000 Metric Tons
09-21-2026,2025,2021,1,4,soybean-oil,european-union,Crush,15800.0,1000 Metric Tons
09-21-2026,2025,2021,1,4,soybean-oil,european-union,Extraction Rate,0.19,Percentage (%)
09-21-2026,2025,2021,1,4,soybean-oil,european-union,Beginning Stocks,439.0,1000 Metric Tons
09-21-2026,2025,2021,1,4,soybean-oil,european-union,Production,3002.0,1000 Metric Tons
09-21-2026,2025,2021,1,4,soybean-oil,european-union,Imports,493.0,1000 Metric Tons
09-21-2026,2025,2021,1,4,soybean-oil,european-union,Total Supply,3934.0,1000 Metric Tons
09-21-2026,2025,2021,1,4,soybean-oil,european-union,Exports,1061.0,1000 Metric Tons
09-21-2026,2025,2021,1,4,soybean-oil,european-union,Industrial Domestic Consumption,1100.0,1000 Metric Tons
09-21-2026,2025,2021,1,4,soybean-oil,european-union,Food Use Domestic Consumption,1275.0,1000 Metric Tons
09-21-2026,2025,2021,1,4,soybean-oil,european-union,Feed Waste Domestic Consumption,55.0,1000 Metric Tons
09-21-2026,2025,2021,1,4,soybean-oil,european-union,Domestic Consumption,2430.0,1000 Metric Tons
09-21-2026,2025,2021,1,4,soybean-oil,european-union,Ending Stocks,443.0,1000 Metric Tons
09-21-2026,2025,2021,1,4,soybean-oil,european-union,Total Distribution,3934.0,1000 Metric Tons
09-21-2026,2023,2021,4,7,soybean-oil,taiwan,Crush,2050.0,1000 Metric Tons
09-21-2026,2023,2021,4,7,soybean-oil,taiwan,Extraction Rate,0.178,Percentage (%)
09-21-2026,2023,2021,4,7,soybean-oil,taiwan,Beginning Stocks,17.0,1000 Metric Tons
09-21-2026,2023,2021,4,7,soybean-oil,taiwan,Production,365.0,1000 Metric Tons
09-21-2026,2023,2021,4,7,soybean-oil,taiwan,Imports,0.0,1000 Metric Tons
09-21-2026,2023,2021,4,7,soybean-oil,taiwan,Total Supply,382.0,1000 Metric Tons
09-21-2026,2023,2021,4,7,soybean-oil,taiwan,Exports,18.0,1000 Metric Tons
09-21-2026,2023,2021,4,7,soybean-oil,taiwan,Industrial Domestic Consumption,20.0,1000 Metric Tons
09-21-2026,2023,2021,4,7,soybean-oil,taiwan,Food Use Domestic Consumption,330.0,1000 Metric Tons
09-21-2026,2023,2021,4,7,soybean-oil,colombia,Total Distribution,523.0,1000 Metric Tons
09-21-2026,2023,2021,4,7,soybean-oil,colombia,Ending Stocks,59.0,1000 Metric Tons
09-21-2026,2023,2021,4,7,soybean-oil,colombia,Domestic Consumption,400.0,1000 Metric Tons
09-21-2026,2024,2021,10,1,soybean-oil,south-korea,Domestic Consumption,600.0,1000 Metric Tons
09-21-2026,2024,2021,10,1,soybean-oil,south-korea,Crush,1023.0,1000 Metric Tons
09-21-2026,2024,2021,10,1,soybean-oil,south-korea,Extraction Rate,0.1965,Percentage (%)
09-21-2026,2024,2021,10,1,soybean-oil,south-korea,Beginning Stocks,89.0,1000 Metric Tons
09-21-2026,2024,2021,10,1,soybean-oil,south-korea,Production,201.0,1000 Metric Tons
09-21-2026,2024,2021,10,1,soybean-oil,south-korea,Imports,407.0,1000 Metric Tons
09-21-2026,2024,2021,10,1,soybean-oil,south-korea,Total Supply,697.0,1000 Metric Tons
09-21-2026,2024,2021,10,1,soybean-oil,south-korea,Exports,2.0,1000 Metric Tons
09-21-2026,2024,2021,10,1,soybean-oil,south-korea,Industrial Domestic Consumption,40.0,1000 Metric Tons
09-21-2026,2024,2021,10,1,soybean-oil,south-korea,Food Use Domestic Consumption,560.0,1000 Metric Tons
09-21-2026,2024,2021,10,1,soybean-oil,south-korea,Feed Waste Domestic Consumption,0.0,1000 Metric Tons
09-21-2026,2024,2021,10,1,soybean-oil,south-korea,Ending Stocks,95.0,1000 Metric Tons
09-21-2026,2023,2021,4,7,soybean-oil,colombia,Feed Waste Domestic Consumption,0.0,1000 Metric Tons
09-21-2026,2024,2021,10,1,soybean-oil,south-korea,Total Distribution,697.0,1000 Metric Tons
09-21-2026,2023,2021,4,7,soybean-oil,colombia,Crush,500.0,1000 Metric Tons
09-21-2026,2023,2021,4,7,soybean-oil,colombia,Extraction Rate,0.186,Percentage (%)
09-21-2026,2023,2021,4,7,soybean-oil,colombia,Beginning Stocks,145.0,1000 Metric Tons
09-21-2026,2023,2021,4,7,soybean-oil,colombia,Production,93.0,1000 Metric Tons
09-21-2026,2023,2021,4,7,soybean-oil,colombia,Imports,285.0,1000 Metric Tons
09-21-2026,2023,2021,4,7,soybean-oil,colombia,Total Supply,523.0,1000 Metric Tons
09-21-2026,2023,2021,4,7,soybean-oil,colombia,Exports,64.0,1000 Metric Tons
09-21-2026,2023,2021,4,7,soybean-oil,colombia,Industrial Domestic Consumption,0.0,1000 Metric Tons
09-21-2026,2023,2021,4,7,soybean-oil,colombia,Food Use Domestic Consumption,400.0,1000 Metric Tons
09-21-2026,2023,2021,4,7,soybean-oil,taiwan,Feed Waste Domestic Consumption,0.0,1000 Metric Tons
09-21-2026,2023,2021,4,7,soybean-oil,taiwan,Domestic Consumption,350.0,1000 Metric Tons
09-21-2026,2023,2021,4,7,soybean-oil,taiwan,Ending Stocks,14.0,1000 Metric Tons
09-21-2026,2024,2021,8,11,soybean-oil,canada,Domestic Consumption,230.0,1000 Metric Tons
09-21-2026,2024,2021,8,11,soybean-oil,canada,Crush,1642.0,1000 Metric Tons
09-21-2026,2024,2021,8,11,soybean-oil,canada,Extraction Rate,0.1864,Percentage (%)
09-21-2026,2024,2021,8,11,soybean-oil,canada,Beginning Stocks,10.0,1000 Metric Tons
09-21-2026,2024,2021,8,11,soybean-oil,canada,Production,306.0,1000 Metric Tons
09-21-2026,2024,2021,8,11,soybean-oil,canada,Imports,48.0,1000 Metric Tons
09-21-2026,2024,2021,8,11,soybean-oil,canada,Total Supply,364.0,1000 Metric Tons
09-21-2026,2024,2021,8,11,soybean-oil,canada,Exports,119.0,1000 Metric Tons
09-21-2026,2024,2021,8,11,soybean-oil,canada,Industrial Domestic Consumption,0.0,1000 Metric Tons
09-21-2026,2024,2021,8,11,soybean-oil,canada,Food Use Domestic Consumption,230.0,1000 Metric Tons
09-21-2026,2024,2021,8,11,soybean-oil,canada,Feed Waste Domestic Consumption,0.0,1000 Metric Tons
09-21-2026,2024,2021,8,11,soybean-oil,canada,Ending Stocks,15.0,1000 Metric Tons
09-21-2026,2023,2021,4,7,soybean-oil,vietnam,Ending Stocks,66.0,1000 Metric Tons
09-21-2026,2024,2021,8,11,soybean-oil,canada,Total Distribution,364.0,1000 Metric Tons
09-21-2026,2022,2021,4,7,soybean-oil,philippines,Crush,100.0,1000 Metric Tons
09-21-2026,2022,2021,4,7,soybean-oil,philippines,Extraction Rate,0.18,Percentage (%)
09-21-2026,2022,2021,4,7,soybean-oil,philippines,Beginning Stocks,6.0,1000 Metric Tons
09-21-2026,2022,2021,4,7,soybean-oil,philippines,Production,18.0,1000 Metric Tons
09-21-2026,2022,2021,4,7,soybean-oil,philippines,Imports,57.0,1000 Metric Tons
09-21-2026,2022,2021,4,7,soybean-oil,philippines,Total Supply,81.0,1000 Metric Tons
09-21-2026,2022,2021,4,7,soybean-oil,philippines,Exports,0.0,1000 Metric Tons
09-21-2026,2022,2021,4,7,soybean-oil,philippines,Industrial Domestic Consumption,4.0,1000 Metric Tons
09-21-2026,2022,2021,4,7,soybean-oil,philippines,Food Use Domestic Consumption,74.0,1000 Metric Tons
09-21-2026,2023,2021,4,7,soybean-oil,vietnam,Total Distribution,412.0,1000 Metric Tons
09-21-2026,2023,2021,4,7,soybean-oil,vietnam,Domestic Consumption,270.0,1000 Metric Tons
09-21-2026,2023,2021,4,7,soybean-oil,taiwan,Total Distribution,382.0,1000 Metric Tons
09-21-2026,2025,2021,7,10,soybean-oil,guatemala,Domestic Consumption,110.0,1000 Metric Tons
09-21-2026,2025,2021,7,10,soybean-oil,guatemala,Crush,41.0,1000 Metric Tons
09-21-2026,2025,2021,7,10,soybean-oil,guatemala,Extraction Rate,0.1707,Percentage (%)
09-21-2026,2025,2021,7,10,soybean-oil,guatemala,Beginning Stocks,9.0,1000 Metric Tons
09-21-2026,2025,2021,7,10,soybean-oil,guatemala,Production,7.0,1000 Metric Tons
09-21-2026,2025,2021,7,10,soybean-oil,guatemala,Imports,143.0,1000 Metric Tons
09-21-2026,2025,2021,7,10,soybean-oil,guatemala,Total Supply,159.0,1000 Metric Tons
09-21-2026,2025,2021,7,10,soybean-oil,guatemala,Exports,22.0,1000 Metric Tons
09-21-2026,2025,2021,7,10,soybean-oil,guatemala,Industrial Domestic Consumption,0.0,1000 Metric Tons
09-21-2026,2025,2021,7,10,soybean-oil,guatemala,Food Use Domestic Consumption,110.0,1000 Metric Tons
09-21-2026,2025,2021,7,10,soybean-oil,guatemala,Feed Waste Domestic Consumption,0.0,1000 Metric Tons
09-21-2026,2025,2021,7,10,soybean-oil,guatemala,Ending Stocks,27.0,1000 Metric Tons
09-21-2026,2023,2021,4,7,soybean-oil,vietnam,Feed Waste Domestic Consumption,0.0,1000 Metric Tons
09-21-2026,2025,2021,7,10,soybean-oil,guatemala,Total Distribution,159.0,1000 Metric Tons
09-21-2026,2023,2021,4,7,soybean-oil,vietnam,Crush,1300.0,1000 Metric Tons
09-21-2026,2023,2021,4,7,soybean-oil,vietnam,Extraction Rate,0.19,Percentage (%)
09-21-2026,2023,2021,4,7,soybean-oil,vietnam,Beginning Stocks,90.0,1000 Metric Tons
09-21-2026,2023,2021,4,7,soybean-oil,vietnam,Production,247.0,1000 Metric Tons
09-21-2026,2023,2021,4,7,soybean-oil,vietnam,Imports,75.0,1000 Metric Tons
09-21-2026,2023,2021,4,7,soybean-oil,vietnam,Total Supply,412.0,1000 Metric Tons
09-21-2026,2023,2021,4,7,soybean-oil,vietnam,Exports,76.0,1000 Metric Tons
09-21-2026,2023,2021,4,7,soybean-oil,vietnam,Industrial Domestic Consumption,0.0,1000 Metric Tons
09-21-2026,2023,2021,4,7,soybean-oil,vietnam,Food Use Domestic Consumption,270.0,1000 Metric Tons
09-21-2026,2023,2021,9,12,soybean-oil,japan,Total Distribution,481.0,1000 Metric Tons
09-21-2026,2025,2021,4,7,soybean-meal,guatemala,Ending Stocks,35.0,1000 Metric Tons
09-21-2026,2026,2021,4,11,wheat,thailand,Total Distribution,4081.0,1000 Metric Tons
09-21-2026,2023,2021,9,12,soybean-meal,bangladesh,Total Distribution,3125.0,1000 Metric Tons
09-21-2026,2023,2021,9,12,soybean-meal,bangladesh,Beginning Stocks,254.0,1000 Metric Tons
09-21-2026,2023,2021,9,12,soybean-meal,bangladesh,Production,2091.0,1000 Metric Tons
09-21-2026,2023,2021,9,12,soybean-meal,bangladesh,Imports,780.0,1000 Metric Tons
09-21-2026,2023,2021,9,12,soybean-meal,bangladesh,Total Supply,3125.0,1000 Metric Tons
09-21-2026,2023,2021,9,12,soybean-meal,bangladesh,Exports,0.0,1000 Metric Tons
09-21-2026,2023,2021,9,12,soybean-meal,bangladesh,Industrial Domestic Consumption,0.0,1000 Metric Tons
09-21-2026,2023,2021,9,12,soybean-meal,bangladesh,Food Use Domestic Consumption,4.0,1000 Metric Tons
09-21-2026,2023,2021,9,12,soybean-meal,bangladesh,Feed Waste Domestic Consumption,2450.0,1000 Metric Tons
09-21-2026,2023,2021,9,12,soybean-meal,bangladesh,Domestic Consumption,2454.0,1000 Metric Tons
09-21-2026,2023,2021,9,12,soybean-meal,bangladesh,Ending Stocks,671.0,1000 Metric Tons
09-21-2026,2023,2021,9,12,soybean-meal,bangladesh,Soybean Meal Equivalent,2450.0,1000 Metric Tons
09-21-2026,2023,2021,9,12,soybean-meal,bangladesh,Crush,2650.0,1000 Metric Tons
09-21-2026,2025,2021,12,3,soybean-meal,egypt,Extraction Rate,0.79,Percentage (%)
09-21-2026,2023,2021,7,10,soybean-oil,united-states,Crush,58257.0,1000 Metric Tons
09-21-2026,2023,2021,7,10,soybean-oil,united-states,Extraction Rate,0.1948,Percentage (%)
09-21-2026,2023,2021,7,10,soybean-oil,united-states,Beginning Stocks,840.0,1000 Metric Tons
09-21-2026,2023,2021,7,10,soybean-oil,united-states,Production,11350.0,1000 Metric Tons
09-21-2026,2023,2021,7,10,soybean-oil,united-states,Imports,137.0,1000 Metric Tons
09-21-2026,2023,2021,7,10,soybean-oil,united-states,Total Supply,12327.0,1000 Metric Tons
09-21-2026,2023,2021,7,10,soybean-oil,united-states,Exports,786.0,1000 Metric Tons
09-21-2026,2023,2021,7,10,soybean-oil,united-states,Industrial Domestic Consumption,4046.0,1000 Metric Tons
09-21-2026,2023,2021,7,10,soybean-oil,united-states,Food Use Domestic Consumption,6528.0,1000 Metric Tons
09-21-2026,2023,2021,9,12,soybean-meal,bangladesh,Extraction Rate,0.7891,Percentage (%)
09-21-2026,2025,2021,12,3,soybean-meal,egypt,Soybean Meal Equivalent,3450.0,1000 Metric Tons
09-21-2026,2023,2021,7,10,soybean-oil,united-states,Domestic Consumption,10574.0,1000 Metric Tons
09-21-2026,2024,2021,3,6,soybean-meal,china,Soybean Meal Equivalent,73300.0,1000 Metric Tons
09-21-2026,2024,2021,3,6,soybean-meal,china,Total Supply,76435.0,1000 Metric Tons
09-21-2026,2024,2021,3,6,soybean-meal,china,Imports,74.0,1000 Metric Tons
09-21-2026,2024,2021,3,6,soybean-meal,china,Production,75240.0,1000 Metric Tons
09-21-2026,2024,2021,3,6,soybean-meal,china,Beginning Stocks,1121.0,1000 Metric Tons
09-21-2026,2024,2021,3,6,soybean-meal,china,Food Use Domestic Consumption,0.0,1000 Metric Tons
09-21-2026,2024,2021,3,6,soybean-meal,china,Feed Waste Domestic Consumption,73300.0,1000 Metric Tons
09-21-2026,2024,2021,3,6,soybean-meal,china,Extraction Rate,0.792,Percentage (%)
09-21-2026,2024,2021,3,6,soybean-meal,china,Domestic Consumption,74425.0,1000 Metric Tons
09-21-2026,2024,2021,3,6,soybean-meal,china,Ending Stocks,958.0,1000 Metric Tons
09-21-2026,2024,2021,3,6,soybean-meal,china,Total Distribution,76435.0,1000 Metric Tons
09-21-2026,2025,2021,12,3,soybean-meal,egypt,Crush,3700.0,1000 Metric Tons
09-21-2026,2025,2021,12,3,soybean-meal,egypt,Total Distribution,3748.0,1000 Metric Tons
09-21-2026,2025,2021,12,3,soybean-meal,egypt,Beginning Stocks,642.0,1000 Metric Tons
09-21-2026,2025,2021,12,3,soybean-meal,egypt,Production,2923.0,1000 Metric Tons
09-21-2026,2025,2021,12,3,soybean-meal,egypt,Imports,183.0,1000 Metric Tons
09-21-2026,2025,2021,12,3,soybean-meal,egypt,Total Supply,3748.0,1000 Metric Tons
09-21-2026,2025,2021,12,3,soybean-meal,egypt,Exports,19.0,1000 Metric Tons
09-21-2026,2025,2021,12,3,soybean-meal,egypt,Industrial Domestic Consumption,0.0,1000 Metric Tons
09-21-2026,2025,2021,12,3,soybean-meal,egypt,Food Use Domestic Consumption,0.0,1000 Metric Tons
09-21-2026,2025,2021,12,3,soybean-meal,egypt,Feed Waste Domestic Consumption,3450.0,1000 Metric Tons
09-21-2026,2025,2021,12,3,soybean-meal,egypt,Domestic Consumption,3450.0,1000 Metric Tons
09-21-2026,2025,2021,12,3,soybean-meal,egypt,Ending Stocks,279.0,1000 Metric Tons
09-21-2026,2023,2021,7,10,soybean-oil,united-states,Feed Waste Domestic Consumption,0.0,1000 Metric Tons
09-21-2026,2023,2021,7,10,soybean-oil,united-states,Ending Stocks,967.0,1000 Metric Tons
09-21-2026,2024,2021,3,6,soybean-meal,china,Industrial Domestic Consumption,1125.0,1000 Metric Tons
09-21-2026,2023,2021,9,12,soybean-oil,japan,Domestic Consumption,458.0,1000 Metric Tons
09-21-2026,2023,2021,9,12,soybean-oil,japan,Crush,2300.0,1000 Metric Tons
09-21-2026,2023,2021,9,12,soybean-oil,japan,Extraction Rate,0.2009,Percentage (%)
09-21-2026,2023,2021,9,12,soybean-oil,japan,Beginning Stocks,16.0,1000 Metric Tons
09-21-2026,2023,2021,9,12,soybean-oil,japan,Production,462.0,1000 Metric Tons
09-21-2026,2023,2021,9,12,soybean-oil,japan,Imports,3.0,1000 Metric Tons
09-21-2026,2023,2021,9,12,soybean-oil,japan,Total Supply,481.0,1000 Metric Tons
09-21-2026,2023,2021,9,12,soybean-oil,japan,Exports,0.0,1000 Metric Tons
09-21-2026,2023,2021,9,12,soybean-oil,japan,Industrial Domestic Consumption,40.0,1000 Metric Tons
09-21-2026,2023,2021,9,12,soybean-oil,japan,Food Use Domestic Consumption,418.0,1000 Metric Tons
09-21-2026,2023,2021,9,12,soybean-oil,japan,Feed Waste Domestic Consumption,0.0,1000 Metric Tons
09-21-2026,2024,2021,3,6,soybean-meal,china,Crush,95000.0,1000 Metric Tons
09-21-2026,2023,2021,7,10,soybean-oil,united-states,Total Distribution,12327.0,1000 Metric Tons
09-21-2026,2023,2021,5,8,soybean-meal,thailand,Soybean Meal Equivalent,4745.0,1000 Metric Tons
09-21-2026,2023,2021,5,8,soybean-meal,thailand,Total Distribution,5040.0,1000 Metric Tons
09-21-2026,2023,2021,5,8,soybean-meal,thailand,Ending Stocks,220.0,1000 Metric Tons
09-21-2026,2023,2021,5,8,soybean-meal,thailand,Domestic Consumption,4745.0,1000 Metric Tons
09-21-2026,2023,2021,5,8,soybean-meal,thailand,Feed Waste Domestic Consumption,4745.0,1000 Metric Tons
09-21-2026,2023,2021,5,8,soybean-meal,thailand,Food Use Domestic Consumption,0.0,1000 Metric Tons
09-21-2026,2023,2021,5,8,soybean-meal,thailand,Industrial Domestic Consumption,0.0,1000 Metric Tons
09-21-2026,2023,2021,5,8,soybean-meal,thailand,Exports,75.0,1000 Metric Tons
09-21-2026,2023,2021,5,8,soybean-meal,thailand,Total Supply,5040.0,1000 Metric Tons
09-21-2026,2023,2021,5,8,soybean-meal,thailand,Imports,2687.0,1000 Metric Tons
09-21-2026,2023,2021,8,11,soybean-oil,mexico,Total Distribution,1483.0,1000 Metric Tons
09-21-2026,2023,2021,8,11,soybean-oil,mexico,Ending Stocks,158.0,1000 Metric Tons
09-21-2026,2023,2021,8,11,soybean-oil,mexico,Domestic Consumption,1290.0,1000 Metric Tons
09-21-2026,2023,2021,8,11,soybean-oil,mexico,Feed Waste Domestic Consumption,0.0,1000 Metric Tons
09-21-2026,2023,2021,8,11,soybean-oil,mexico,Crush,6200.0,1000 Metric Tons
09-21-2026,2023,2021,8,11,soybean-oil,mexico,Extraction Rate,0.1847,Percentage (%)
09-21-2026,2023,2021,8,11,soybean-oil,mexico,Beginning Stocks,252.0,1000 Metric Tons
09-21-2026,2023,2021,8,11,soybean-oil,mexico,Production,1145.0,1000 Metric Tons
09-21-2026,2023,2021,8,11,soybean-oil,mexico,Imports,86.0,1000 Metric Tons
09-21-2026,2023,2021,8,11,soybean-oil,mexico,Total Supply,1483.0,1000 Metric Tons
09-21-2026,2023,2021,8,11,soybean-oil,mexico,Exports,35.0,1000 Metric Tons
09-21-2026,2023,2021,8,11,soybean-oil,mexico,Industrial Domestic Consumption,0.0,1000 Metric Tons
09-21-2026,2023,2021,8,11,soybean-oil,mexico,Food Use Domestic Consumption,1290.0,1000 Metric Tons
09-21-2026,2024,2021,3,6,soybean-meal,china,Exports,1052.0,1000 Metric Tons
09-21-2026,2023,2020,4,7,soybean-oil,nigeria,Production,140.0,1000 Metric Tons
09-21-2026,2023,2020,4,7,soybean-oil,nigeria,Imports,13.0,1000 Metric Tons
09-21-2026,2023,2020,4,7,soybean-oil,nigeria,Total Supply,164.0,1000 Metric Tons
09-21-2026,2023,2020,4,7,soybean-oil,nigeria,Beginning Stocks,11.0,1000 Metric Tons
09-21-2026,2023,2020,4,7,soybean-oil,nigeria,Extraction Rate,0.1818,Percentage (%)
09-21-2026,2023,2020,4,7,soybean-oil,nigeria,Crush,770.0,1000 Metric Tons
09-21-2026,2022,2020,3,6,soybean-oil,mexico,Total Distribution,1551.0,1000 Metric Tons
09-21-2026,2022,2020,3,6,soybean-oil,mexico,Ending Stocks,252.0,1000 Metric Tons
09-21-2026,2022,2020,3,6,soybean-oil,mexico,Domestic Consumption,1285.0,1000 Metric Tons
09-21-2026,2022,2020,3,6,soybean-oil,mexico,Feed Waste Domestic Consumption,0.0,1000 Metric Tons
09-21-2026,2022,2020,3,6,soybean-oil,mexico,Food Use Domestic Consumption,1285.0,1000 Metric Tons
09-21-2026,2022,2020,3,6,soybean-oil,mexico,Industrial Domestic Consumption,0.0,1000 Metric Tons
09-21-2026,2022,2020,3,6,soybean-oil,mexico,Exports,14.0,1000 Metric Tons
09-21-2026,2025,2020,1,4,soybean-oil,european-union,Exports,910.0,1000 Metric Tons
09-21-2026,2023,2020,4,7,soybean-oil,nigeria,Exports,0.0,1000 Metric Tons
09-21-2026,2023,2020,4,7,soybean-oil,nigeria,Industrial Domestic Consumption,0.0,1000 Metric Tons
09-21-2026,2026,2020,4,7,soybean-oil,pakistan,Total Distribution,580.0,1000 Metric Tons
09-21-2026,2026,2020,4,7,soybean-oil,pakistan,Ending Stocks,65.0,1000 Metric Tons
09-21-2026,2026,2020,4,7,soybean-oil,pakistan,Domestic Consumption,515.0,1000 Metric Tons
09-21-2026,2026,2020,4,7,soybean-oil,pakistan,Feed Waste Domestic Consumption,0.0,1000 Metric Tons
09-21-2026,2026,2020,4,7,soybean-oil,pakistan,Food Use Domestic Consumption,505.0,1000 Metric Tons
09-21-2026,2026,2020,4,7,soybean-oil,pakistan,Industrial Domestic Consumption,10.0,1000 Metric Tons
09-21-2026,2026,2020,4,7,soybean-oil,pakistan,Exports,0.0,1000 Metric Tons
09-21-2026,2026,2020,4,7,soybean-oil,pakistan,Total Supply,580.0,1000 Metric Tons
09-21-2026,2026,2020,4,7,soybean-oil,pakistan,Imports,109.0,1000 Metric Tons
09-21-2026,2026,2020,4,7,soybean-oil,pakistan,Production,431.0,1000 Metric Tons
09-21-2026,2026,2020,4,7,soybean-oil,pakistan,Beginning Stocks,40.0,1000 Metric Tons
09-21-2026,2026,2020,4,7,soybean-oil,pakistan,Extraction Rate,0.1874,Percentage (%)
09-21-2026,2026,2020,4,7,soybean-oil,pakistan,Crush,2300.0,1000 Metric Tons
09-21-2026,2022,2020,3,6,soybean-oil,mexico,Imports,151.0,1000 Metric Tons
09-21-2026,2023,2020,4,7,soybean-oil,nigeria,Total Distribution,164.0,1000 Metric Tons
09-21-2026,2023,2020,4,7,soybean-oil,nigeria,Ending Stocks,14.0,1000 Metric Tons
09-21-2026,2023,2020,4,7,soybean-oil,nigeria,Domestic Consumption,150.0,1000 Metric Tons
09-21-2026,2023,2020,4,7,soybean-oil,nigeria,Feed Waste Domestic Consumption,0.0,1000 Metric Tons
09-21-2026,2023,2020,4,7,soybean-oil,nigeria,Food Use Domestic Consumption,150.0,1000 Metric Tons
09-21-2026,2022,2020,3,6,soybean-oil,mexico,Total Supply,1551.0,1000 Metric Tons
09-21-2026,2025,2020,4,7,soybean-oil,guatemala,Ending Stocks,9.0,1000 Metric Tons
09-21-2026,2022,2020,3,6,soybean-oil,mexico,Production,1110.0,1000 Metric Tons
09-21-2026,2025,2020,1,4,soybean-oil,european-union,Total Supply,3729.0,1000 Metric Tons
09-21-2026,2025,2020,4,7,soybean-oil,guatemala,Feed Waste Domestic Consumption,0.0,1000 Metric Tons
09-21-2026,2025,2020,4,7,soybean-oil,guatemala,Food Use Domestic Consumption,110.0,1000 Metric Tons
09-21-2026,2025,2020,4,7,soybean-oil,guatemala,Industrial Domestic Consumption,0.0,1000 Metric Tons
09-21-2026,2025,2020,4,7,soybean-oil,guatemala,Total Supply,136.0,1000 Metric Tons
09-21-2026,2025,2020,4,7,soybean-oil,guatemala,Imports,117.0,1000 Metric Tons
09-21-2026,2025,2020,4,7,soybean-oil,guatemala,Production,7.0,1000 Metric Tons
09-21-2026,2025,2020,4,7,soybean-oil,guatemala,Beginning Stocks,12.0,1000 Metric Tons
09-21-2026,2025,2020,4,7,soybean-oil,guatemala,Extraction Rate,0.1795,Percentage (%)
09-21-2026,2025,2020,4,7,soybean-oil,guatemala,Crush,39.0,1000 Metric Tons
09-21-2026,2025,2020,1,4,soybean-oil,european-union,Total Distribution,3729.0,1000 Metric Tons
09-21-2026,2025,2020,1,4,soybean-oil,european-union,Ending Stocks,439.0,1000 Metric Tons
09-21-2026,2025,2020,1,4,soybean-oil,european-union,Domestic Consumption,2380.0,1000 Metric Tons
09-21-2026,2025,2020,1,4,soybean-oil,european-union,Feed Waste Domestic Consumption,55.0,1000 Metric Tons
09-21-2026,2025,2020,1,4,soybean-oil,european-union,Food Use Domestic Consumption,1175.0,1000 Metric Tons
09-21-2026,2025,2020,1,4,soybean-oil,european-union,Industrial Domestic Consumption,1150.0,1000 Metric Tons
09-21-2026,2023,2020,12,3,soybean-oil,egypt,Exports,265.0,1000 Metric Tons
09-21-2026,2023,2020,12,3,soybean-oil,egypt,Industrial Domestic Consumption,10.0,1000 Metric Tons
09-21-2026,2023,2020,12,3,soybean-oil,egypt,Food Use Domestic Consumption,905.0,1000 Metric Tons
09-21-2026,2023,2020,12,3,soybean-oil,egypt,Feed Waste Domestic Consumption,0.0,1000 Metric Tons
09-21-2026,2023,2020,12,3,soybean-oil,egypt,Domestic Consumption,915.0,1000 Metric Tons
09-21-2026,2023,2020,12,3,soybean-oil,egypt,Ending Stocks,112.0,1000 Metric Tons
09-21-2026,2023,2020,12,3,soybean-oil,egypt,Total Distribution,1292.0,1000 Metric Tons
09-21-2026,2025,2020,1,4,soybean-oil,european-union,Crush,15600.0,1000 Metric Tons
09-21-2026,2025,2020,1,4,soybean-oil,european-union,Extraction Rate,0.19,Percentage (%)
09-21-2026,2025,2020,1,4,soybean-oil,european-union,Beginning Stocks,282.0,1000 Metric Tons
09-21-2026,2025,2020,1,4,soybean-oil,european-union,Production,2964.0,1000 Metric Tons
09-21-2026,2025,2020,1,4,soybean-oil,european-union,Imports,483.0,1000 Metric Tons
09-21-2026,2025,2020,4,7,soybean-oil,guatemala,Domestic Consumption,110.0,1000 Metric Tons
09-21-2026,2025,2020,4,7,soybean-oil,guatemala,Total Distribution,136.0,1000 Metric Tons
09-21-2026,2022,2020,3,6,soybean-oil,mexico,Beginning Stocks,290.0,1000 Metric Tons
09-21-2026,2023,2020,4,7,soybean-oil,indonesia,Crush,0.0,1000 Metric Tons
09-21-2026,2022,2020,3,6,soybean-oil,mexico,Extraction Rate,0.185,Percentage (%)
09-21-2026,2022,2020,3,6,soybean-oil,mexico,Crush,6000.0,1000 Metric Tons
09-21-2026,2023,2020,4,7,soybean-oil,japan,Total Distribution,499.0,1000 Metric Tons
09-21-2026,2023,2020,4,7,soybean-oil,japan,Ending Stocks,16.0,1000 Metric Tons
09-21-2026,2023,2020,4,7,soybean-oil,japan,Domestic Consumption,482.0,1000 Metric Tons
09-21-2026,2023,2020,4,7,soybean-oil,japan,Feed Waste Domestic Consumption,0.0,1000 Metric Tons
09-21-2026,2023,2020,4,7,soybean-oil,japan,Food Use Domestic Consumption,442.0,1000 Metric Tons
09-21-2026,2023,2020,4,7,soybean-oil,japan,Industrial Domestic Consumption,40.0,1000 Metric Tons
09-21-2026,2023,2020,4,7,soybean-oil,japan,Exports,1.0,1000 Metric Tons
09-21-2026,2023,2020,4,7,soybean-oil,japan,Total Supply,499.0,1000 Metric Tons
09-21-2026,2023,2020,4,7,soybean-oil,japan,Imports,5.0,1000 Metric Tons
09-21-2026,2023,2020,4,7,soybean-oil,japan,Production,467.0,1000 Metric Tons
09-21-2026,2023,2020,4,7,soybean-oil,japan,Beginning Stocks,27.0,1000 Metric Tons
09-21-2026,2023,2020,4,7,soybean-oil,japan,Extraction Rate,0.1958,Percentage (%)
09-21-2026,2023,2020,4,7,soybean-oil,japan,Crush,2385.0,1000 Metric Tons
09-21-2026,2023,2020,4,7,soybean-oil,indonesia,Total Distribution,34.0,1000 Metric Tons
09-21-2026,2023,2020,4,7,soybean-oil,indonesia,Ending Stocks,0.0,1000 Metric Tons
09-21-2026,2023,2020,4,7,soybean-oil,indonesia,Domestic Consumption,34.0,1000 Metric Tons
09-21-2026,2023,2020,4,7,soybean-oil,indonesia,Feed Waste Domestic Consumption,0.0,1000 Metric Tons
09-21-2026,2023,2020,4,7,soybean-oil,indonesia,Food Use Domestic Consumption,34.0,1000 Metric Tons
09-21-2026,2023,2020,4,7,soybean-oil,indonesia,Industrial Domestic Consumption,0.0,1000 Metric Tons
09-21-2026,2023,2020,4,7,soybean-oil,indonesia,Exports,0.0,1000 Metric Tons
09-21-2026,2023,2020,4,7,soybean-oil,indonesia,Total Supply,34.0,1000 Metric Tons
09-21-2026,2023,2020,4,7,soybean-oil,indonesia,Imports,34.0,1000 Metric Tons
09-21-2026,2023,2020,4,7,soybean-oil,indonesia,Production,0.0,1000 Metric Tons
09-21-2026,2023,2020,4,7,soybean-oil,indonesia,Beginning Stocks,0.0,1000 Metric Tons
09-21-2026,2023,2020,4,7,soybean-oil,indonesia,Extraction Rate,0.0,Percentage (%)
09-21-2026,2025,2020,4,7,soybean-oil,guatemala,Exports,17.0,1000 Metric Tons
09-21-2026,2026,2020,9,12,soybean-meal,world,Feed Waste Domestic Consumption,238336.0,1000 Metric Tons
09-21-2026,2022,2020,3,6,soybean-oil,philippines,Crush,90.0,1000 Metric Tons
09-21-2026,2026,2020,9,12,soybean-oil,world,Ending Stocks,5664.0,1000 Metric Tons
09-21-2026,2023,2020,4,7,soybean-oil,vietnam,Total Distribution,370.0,1000 Metric Tons
09-21-2026,2023,2020,4,7,soybean-oil,vietnam,Ending Stocks,90.0,1000 Metric Tons
09-21-2026,2023,2020,4,7,soybean-oil,vietnam,Domestic Consumption,270.0,1000 Metric Tons
09-21-2026,2023,2020,4,7,soybean-oil,vietnam,Feed Waste Domestic Consumption,0.0,1000 Metric Tons
09-21-2026,2023,2020,4,7,soybean-oil,vietnam,Food Use Domestic Consumption,270.0,1000 Metric Tons
09-21-2026,2023,2020,4,7,soybean-oil,vietnam,Industrial Domestic Consumption,0.0,1000 Metric Tons
09-21-2026,2023,2020,4,7,soybean-oil,vietnam,Exports,10.0,1000 Metric Tons
09-21-2026,2023,2020,4,7,soybean-oil,vietnam,Total Supply,370.0,1000 Metric Tons
09-21-2026,2023,2020,4,7,soybean-oil,vietnam,Imports,93.0,1000 Metric Tons
09-21-2026,2023,2020,4,7,soybean-oil,vietnam,Production,238.0,1000 Metric Tons
09-21-2026,2023,2020,4,7,soybean-oil,vietnam,Beginning Stocks,39.0,1000 Metric Tons
09-21-2026,2023,2020,4,7,soybean-oil,vietnam,Extraction Rate,0.1904,Percentage (%)
09-21-2026,2023,2020,4,7,soybean-oil,vietnam,Crush,1250.0,1000 Metric Tons
09-21-2026,2023,2020,1,4,soybean-oil,united-states,Total Distribution,12249.0,1000 Metric Tons
09-21-2026,2023,2020,1,4,soybean-oil,united-states,Ending Stocks,840.0,1000 Metric Tons
09-21-2026,2023,2020,1,4,soybean-oil,united-states,Domestic Consumption,10122.0,1000 Metric Tons
09-21-2026,2023,2020,1,4,soybean-oil,united-states,Feed Waste Domestic Consumption,0.0,1000 Metric Tons
09-21-2026,2023,2020,1,4,soybean-oil,united-states,Food Use Domestic Consumption,6195.0,1000 Metric Tons
09-21-2026,2023,2020,1,4,soybean-oil,united-states,Industrial Domestic Consumption,3927.0,1000 Metric Tons
09-21-2026,2023,2020,1,4,soybean-oil,united-states,Exports,1287.0,1000 Metric Tons
09-21-2026,2023,2020,1,4,soybean-oil,united-states,Total Supply,12249.0,1000 Metric Tons
09-21-2026,2023,2020,1,4,soybean-oil,united-states,Imports,145.0,1000 Metric Tons
09-21-2026,2023,2020,1,4,soybean-oil,united-states,Production,11299.0,1000 Metric Tons
09-21-2026,2026,2020,9,12,soybean-oil,world,Total Distribution,75351.0,1000 Metric Tons
09-21-2026,2026,2020,9,12,soybean-oil,world,Domestic Consumption,57303.0,1000 Metric Tons
09-21-2026,2022,2020,3,6,soybean-oil,philippines,Extraction Rate,0.1778,Percentage (%)
09-21-2026,2026,2020,9,12,soybean-oil,world,Feed Waste Domestic Consumption,105.0,1000 Metric Tons
09-21-2026,2026,2020,9,12,soybean-meal,world,Crush,312652.0,1000 Metric Tons
09-21-2026,2026,2020,9,12,soybean-meal,world,Extraction Rate,0.7846,Percentage (%)
09-21-2026,2026,2020,9,12,soybean-meal,world,Beginning Stocks,15131.0,1000 Metric Tons
09-21-2026,2026,2020,9,12,soybean-meal,world,Production,245308.0,1000 Metric Tons
09-21-2026,2026,2020,9,12,soybean-meal,world,Imports,64289.0,1000 Metric Tons
09-21-2026,2026,2020,9,12,soybean-meal,world,Total Supply,324728.0,1000 Metric Tons
09-21-2026,2026,2020,9,12,soybean-meal,world,Exports,68247.0,1000 Metric Tons
09-21-2026,2026,2020,9,12,soybean-meal,world,Industrial Domestic Consumption,1377.0,1000 Metric Tons
09-21-2026,2026,2020,9,12,soybean-meal,world,Food Use Domestic Consumption,671.0,1000 Metric Tons
09-21-2026,2023,2020,12,3,soybean-oil,egypt,Imports,375.0,1000 Metric Tons
09-21-2026,2026,2020,9,12,soybean-meal,world,Domestic Consumption,240384.0,1000 Metric Tons
09-21-2026,2026,2020,9,12,soybean-meal,world,Ending Stocks,16097.0,1000 Metric Tons
09-21-2026,2026,2020,9,12,soybean-meal,world,Total Distribution,324728.0,1000 Metric Tons
09-21-2026,2026,2020,9,12,soybean-meal,world,Soybean Meal Equivalent,238336.0,1000 Metric Tons
09-21-2026,2026,2020,9,12,soybean-oil,world,Crush,312652.0,1000 Metric Tons
09-21-2026,2026,2020,9,12,soybean-oil,world,Extraction Rate,0.1884,Percentage (%)
09-21-2026,2026,2020,9,12,soybean-oil,world,Beginning Stocks,4817.0,1000 Metric Tons
09-21-2026,2026,2020,9,12,soybean-oil,world,Production,58911.0,1000 Metric Tons
09-21-2026,2026,2020,9,12,soybean-oil,world,Imports,11623.0,1000 Metric Tons
09-21-2026,2026,2020,9,12,soybean-oil,world,Total Supply,75351.0,1000 Metric Tons
09-21-2026,2026,2020,9,12,soybean-oil,world,Exports,12384.0,1000 Metric Tons
09-21-2026,2026,2020,9,12,soybean-oil,world,Industrial Domestic Consumption,11294.0,1000 Metric Tons
09-21-2026,2026,2020,9,12,soybean-oil,world,Food Use Domestic Consumption,45904.0,1000 Metric Tons
09-21-2026,2023,2020,1,4,soybean-oil,united-states,Beginning Stocks,805.0,1000 Metric Tons
09-21-2026,2023,2020,1,4,soybean-oil,united-states,Extraction Rate,0.1918,Percentage (%)
09-21-2026,2023,2020,1,4,soybean-oil,united-states,Crush,58910.0,1000 Metric Tons
09-21-2026,2023,2020,4,7,soybean-oil,thailand,Total Distribution,509.0,1000 Metric Tons
09-21-2026,2024,2020,10,1,soybean-oil,south-korea,Ending Stocks,89.0,1000 Metric Tons
09-21-2026,2024,2020,10,1,soybean-oil,south-korea,Domestic Consumption,555.0,1000 Metric Tons
09-21-2026,2024,2020,10,1,soybean-oil,south-korea,Feed Waste Domestic Consumption,0.0,1000 Metric Tons
09-21-2026,2024,2020,10,1,soybean-oil,south-korea,Food Use Domestic Consumption,520.0,1000 Metric Tons
09-21-2026,2024,2020,10,1,soybean-oil,south-korea,Industrial Domestic Consumption,35.0,1000 Metric Tons
09-21-2026,2024,2020,10,1,soybean-oil,south-korea,Exports,2.0,1000 Metric Tons
09-21-2026,2024,2020,10,1,soybean-oil,south-korea,Total Supply,646.0,1000 Metric Tons
09-21-2026,2024,2020,10,1,soybean-oil,south-korea,Imports,402.0,1000 Metric Tons
09-21-2026,2024,2020,10,1,soybean-oil,south-korea,Production,204.0,1000 Metric Tons
09-21-2026,2024,2020,10,1,soybean-oil,south-korea,Beginning Stocks,40.0,1000 Metric Tons
09-21-2026,2024,2020,10,1,soybean-oil,south-korea,Extraction Rate,0.1971,Percentage (%)
09-21-2026,2024,2020,10,1,soybean-oil,south-korea,Crush,1035.0,1000 Metric Tons
09-21-2026,2022,2020,3,6,soybean-oil,philippines,Total Distribution,84.0,1000 Metric Tons
09-21-2026,2022,2020,3,6,soybean-oil,philippines,Ending Stocks,6.0,1000 Metric Tons
09-21-2026,2022,2020,3,6,soybean-oil,philippines,Domestic Consumption,78.0,1000 Metric Tons
09-21-2026,2022,2020,3,6,soybean-oil,philippines,Feed Waste Domestic Consumption,0.0,1000 Metric Tons
09-21-2026,2022,2020,3,6,soybean-oil,philippines,Food Use Domestic Consumption,74.0,1000 Metric Tons
09-21-2026,2022,2020,3,6,soybean-oil,philippines,Industrial Domestic Consumption,4.0,1000 Metric Tons
09-21-2026,2022,2020,3,6,soybean-oil,philippines,Exports,0.0,1000 Metric Tons
09-21-2026,2022,2020,3,6,soybean-oil,philippines,Total Supply,84.0,1000 Metric Tons
09-21-2026,2022,2020,3,6,soybean-oil,philippines,Imports,55.0,1000 Metric Tons
09-21-2026,2022,2020,3,6,soybean-oil,philippines,Production,16.0,1000 Metric Tons
09-21-2026,2022,2020,3,6,soybean-oil,philippines,Beginning Stocks,13.0,1000 Metric Tons
09-21-2026,2024,2020,10,1,soybean-oil,south-korea,Total Distribution,646.0,1000 Metric Tons
09-21-2026,2022,2020,8,11,soybean-oil,taiwan,Crush,2080.0,1000 Metric Tons
09-21-2026,2022,2020,8,11,soybean-oil,taiwan,Extraction Rate,0.1779,Percentage (%)
09-21-2026,2023,2020,4,7,soybean-oil,thailand,Extraction Rate,0.1793,Percentage (%)
09-21-2026,2023,2020,4,7,soybean-oil,thailand,Ending Stocks,79.0,1000 Metric Tons
09-21-2026,2023,2020,4,7,soybean-oil,thailand,Domestic Consumption,327.0,1000 Metric Tons
09-21-2026,2023,2020,4,7,soybean-oil,thailand,Feed Waste Domestic Consumption,0.0,1000 Metric Tons
09-21-2026,2023,2020,4,7,soybean-oil,thailand,Food Use Domestic Consumption,275.0,1000 Metric Tons
09-21-2026,2023,2020,4,7,soybean-oil,thailand,Industrial Domestic Consumption,52.0,1000 Metric Tons
09-21-2026,2023,2020,4,7,soybean-oil,thailand,Exports,103.0,1000 Metric Tons
09-21-2026,2023,2020,4,7,soybean-oil,thailand,Total Supply,509.0,1000 Metric Tons
09-21-2026,2023,2020,4,7,soybean-oil,thailand,Imports,3.0,1000 Metric Tons
09-21-2026,2023,2020,4,7,soybean-oil,thailand,Production,468.0,1000 Metric Tons
09-21-2026,2023,2020,4,7,soybean-oil,thailand,Beginning Stocks,38.0,1000 Metric Tons
09-21-2026,2023,2020,4,7,soybean-oil,thailand,Crush,2610.0,1000 Metric Tons
09-21-2026,2022,2020,8,11,soybean-oil,taiwan,Beginning Stocks,15.0,1000 Metric Tons
09-21-2026,2022,2020,8,11,soybean-oil,taiwan,Total Distribution,385.0,1000 Metric Tons
09-21-2026,2022,2020,8,11,soybean-oil,taiwan,Ending Stocks,17.0,1000 Metric Tons
09-21-2026,2022,2020,8,11,soybean-oil,taiwan,Domestic Consumption,350.0,1000 Metric Tons
09-21-2026,2022,2020,8,11,soybean-oil,taiwan,Feed Waste Domestic Consumption,0.0,1000 Metric Tons
09-21-2026,2022,2020,8,11,soybean-oil,taiwan,Food Use Domestic Consumption,330.0,1000 Metric Tons
09-21-2026,2022,2020,8,11,soybean-oil,taiwan,Industrial Domestic Consumption,20.0,1000 Metric Tons
09-21-2026,2022,2020,8,11,soybean-oil,taiwan,Exports,18.0,1000 Metric Tons
09-21-2026,2022,2020,8,11,soybean-oil,taiwan,Total Supply,385.0,1000 Metric Tons
09-21-2026,2022,2020,8,11,soybean-oil,taiwan,Imports,0.0,1000 Metric Tons
09-21-2026,2022,2020,8,11,soybean-oil,taiwan,Production,370.0,1000 Metric Tons
09-21-2026,2023,2020,12,3,soybean-oil,egypt,Total Supply,1292.0,1000 Metric Tons
09-21-2026,2023,2020,5,8,soybean-meal,philippines,Beginning Stocks,101.0,1000 Metric Tons
09-21-2026,2023,2020,12,3,soybean-oil,egypt,Production,855.0,1000 Metric Tons
09-21-2026,2025,2020,12,3,soybean-meal,nigeria,Total Supply,646.0,1000 Metric Tons
09-21-2026,2023,2020,4,7,soybean-meal,honduras,Production,0.0,1000 Metric Tons
09-21-2026,2023,2020,4,7,soybean-meal,honduras,Imports,231.0,1000 Metric Tons
09-21-2026,2023,2020,4,7,soybean-meal,honduras,Total Supply,243.0,1000 Metric Tons
09-21-2026,2023,2020,4,7,soybean-meal,honduras,Exports,0.0,1000 Metric Tons
09-21-2026,2023,2020,4,7,soybean-meal,honduras,Industrial Domestic Consumption,0.0,1000 Metric Tons
09-21-2026,2023,2020,4,7,soybean-meal,honduras,Food Use Domestic Consumption,0.0,1000 Metric Tons
09-21-2026,2023,2020,4,7,soybean-meal,honduras,Feed Waste Domestic Consumption,243.0,1000 Metric Tons
09-21-2026,2023,2020,4,7,soybean-meal,honduras,Domestic Consumption,243.0,1000 Metric Tons
09-21-2026,2023,2020,4,7,soybean-meal,honduras,Ending Stocks,0.0,1000 Metric Tons
09-21-2026,2023,2020,4,7,soybean-meal,honduras,Total Distribution,243.0,1000 Metric Tons
09-21-2026,2023,2020,4,7,soybean-meal,honduras,Soybean Meal Equivalent,243.0,1000 Metric Tons
09-21-2026,2023,2020,4,7,soybean-meal,indonesia,Crush,0.0,1000 Metric Tons
09-21-2026,2023,2020,4,7,soybean-meal,indonesia,Extraction Rate,0.0,Percentage (%)
09-21-2026,2023,2020,4,7,soybean-meal,indonesia,Beginning Stocks,122.0,1000 Metric Tons
09-21-2026,2023,2020,4,7,soybean-meal,indonesia,Production,0.0,1000 Metric Tons
09-21-2026,2023,2020,4,7,soybean-meal,indonesia,Imports,5043.0,1000 Metric Tons
09-21-2026,2023,2020,4,7,soybean-meal,indonesia,Total Supply,5165.0,1000 Metric Tons
09-21-2026,2023,2020,4,7,soybean-meal,honduras,Beginning Stocks,12.0,1000 Metric Tons
09-21-2026,2023,2020,4,7,soybean-meal,honduras,Extraction Rate,0.0,Percentage (%)
09-21-2026,2023,2020,4,7,soybean-meal,honduras,Crush,0.0,1000 Metric Tons
09-21-2026,2025,2020,4,7,soybean-meal,guatemala,Imports,489.0,1000 Metric Tons
09-21-2026,2024,2020,4,7,soybean-meal,european-union,Ending Stocks,665.0,1000 Metric Tons
09-21-2026,2024,2020,4,7,soybean-meal,european-union,Total Distribution,29881.0,1000 Metric Tons
09-21-2026,2024,2020,4,7,soybean-meal,european-union,Soybean Meal Equivalent,28300.0,1000 Metric Tons
09-21-2026,2025,2020,4,7,soybean-meal,guatemala,Crush,39.0,1000 Metric Tons
09-21-2026,2025,2020,4,7,soybean-meal,guatemala,Extraction Rate,0.7692,Percentage (%)
09-21-2026,2025,2020,4,7,soybean-meal,guatemala,Beginning Stocks,10.0,1000 Metric Tons
09-21-2026,2025,2020,4,7,soybean-meal,guatemala,Production,30.0,1000 Metric Tons
09-21-2026,2025,2020,4,7,soybean-meal,guatemala,Total Supply,529.0,1000 Metric Tons
09-21-2026,2025,2020,4,7,soybean-meal,guatemala,Soybean Meal Equivalent,510.0,1000 Metric Tons
09-21-2026,2025,2020,4,7,soybean-meal,guatemala,Exports,0.0,1000 Metric Tons
09-21-2026,2025,2020,4,7,soybean-meal,guatemala,Industrial Domestic Consumption,0.0,1000 Metric Tons
09-21-2026,2025,2020,4,7,soybean-meal,guatemala,Food Use Domestic Consumption,0.0,1000 Metric Tons
09-21-2026,2025,2020,4,7,soybean-meal,guatemala,Feed Waste Domestic Consumption,510.0,1000 Metric Tons
09-21-2026,2025,2020,4,7,soybean-meal,guatemala,Domestic Consumption,510.0,1000 Metric Tons
09-21-2026,2025,2020,4,7,soybean-meal,guatemala,Ending Stocks,19.0,1000 Metric Tons
09-21-2026,2025,2020,4,7,soybean-meal,guatemala,Total Distribution,529.0,1000 Metric Tons
09-21-2026,2023,2020,4,7,soybean-meal,indonesia,Exports,0.0,1000 Metric Tons
09-21-2026,2023,2020,4,7,soybean-meal,indonesia,Industrial Domestic Consumption,0.0,1000 Metric Tons
09-21-2026,2023,2020,4,7,soybean-meal,indonesia,Food Use Domestic Consumption,0.0,1000 Metric Tons
09-21-2026,2022,2020,9,12,soybean-meal,mexico,Feed Waste Domestic Consumption,6600.0,1000 Metric Tons
09-21-2026,2022,2020,9,12,soybean-meal,mexico,Beginning Stocks,275.0,1000 Metric Tons
09-21-2026,2022,2020,9,12,soybean-meal,mexico,Production,4740.0,1000 Metric Tons
09-21-2026,2022,2020,9,12,soybean-meal,mexico,Imports,1818.0,1000 Metric Tons
09-21-2026,2022,2020,9,12,soybean-meal,mexico,Total Supply,6833.0,1000 Metric Tons
09-21-2026,2022,2020,9,12,soybean-meal,mexico,Exports,8.0,1000 Metric Tons
09-21-2026,2022,2020,9,12,soybean-meal,mexico,Industrial Domestic Consumption,0.0,1000 Metric Tons
09-21-2026,2022,2020,9,12,soybean-meal,mexico,Food Use Domestic Consumption,50.0,1000 Metric Tons
09-21-2026,2022,2020,9,12,soybean-meal,mexico,Domestic Consumption,6650.0,1000 Metric Tons
09-21-2026,2022,2020,9,12,soybean-meal,mexico,Crush,6000.0,1000 Metric Tons
09-21-2026,2022,2020,9,12,soybean-meal,mexico,Ending Stocks,175.0,1000 Metric Tons
09-21-2026,2022,2020,9,12,soybean-meal,mexico,Total Distribution,6833.0,1000 Metric Tons
09-21-2026,2022,2020,9,12,soybean-meal,mexico,Soybean Meal Equivalent,6600.0,1000 Metric Tons
09-21-2026,2025,2020,12,3,soybean-meal,nigeria,Crush,770.0,1000 Metric Tons
09-21-2026,2025,2020,12,3,soybean-meal,nigeria,Extraction Rate,0.7792,Percentage (%)
09-21-2026,2025,2020,12,3,soybean-meal,nigeria,Beginning Stocks,46.0,1000 Metric Tons
09-21-2026,2025,2020,12,3,soybean-meal,nigeria,Production,600.0,1000 Metric Tons
09-21-2026,2022,2020,9,12,soybean-meal,mexico,Extraction Rate,0.79,Percentage (%)
09-21-2026,2023,2020,4,7,soybean-meal,japan,Soybean Meal Equivalent,3205.0,1000 Metric Tons
09-21-2026,2023,2020,4,7,soybean-meal,indonesia,Feed Waste Domestic Consumption,4900.0,1000 Metric Tons
09-21-2026,2023,2020,4,7,soybean-meal,japan,Production,1799.0,1000 Metric Tons
09-21-2026,2023,2020,4,7,soybean-meal,indonesia,Domestic Consumption,4900.0,1000 Metric Tons
09-21-2026,2023,2020,4,7,soybean-meal,indonesia,Ending Stocks,265.0,1000 Metric Tons
09-21-2026,2023,2020,4,7,soybean-meal,indonesia,Total Distribution,5165.0,1000 Metric Tons
09-21-2026,2023,2020,4,7,soybean-meal,indonesia,Soybean Meal Equivalent,4900.0,1000 Metric Tons
09-21-2026,2023,2020,4,7,soybean-meal,japan,Crush,2385.0,1000 Metric Tons
09-21-2026,2023,2020,4,7,soybean-meal,japan,Extraction Rate,0.7543,Percentage (%)
09-21-2026,2023,2020,4,7,soybean-meal,japan,Beginning Stocks,51.0,1000 Metric Tons
09-21-2026,2023,2020,4,7,soybean-meal,japan,Imports,1858.0,1000 Metric Tons
09-21-2026,2023,2020,4,7,soybean-meal,japan,Total Distribution,3708.0,1000 Metric Tons
09-21-2026,2023,2020,4,7,soybean-meal,japan,Total Supply,3708.0,1000 Metric Tons
09-21-2026,2023,2020,4,7,soybean-meal,japan,Exports,1.0,1000 Metric Tons
09-21-2026,2023,2020,4,7,soybean-meal,japan,Industrial Domestic Consumption,250.0,1000 Metric Tons
09-21-2026,2023,2020,4,7,soybean-meal,japan,Food Use Domestic Consumption,200.0,1000 Metric Tons
09-21-2026,2023,2020,4,7,soybean-meal,japan,Feed Waste Domestic Consumption,3205.0,1000 Metric Tons
09-21-2026,2023,2020,4,7,soybean-meal,japan,Domestic Consumption,3655.0,1000 Metric Tons
09-21-2026,2023,2020,4,7,soybean-meal,japan,Ending Stocks,52.0,1000 Metric Tons
09-21-2026,2024,2020,4,7,soybean-meal,european-union,Domestic Consumption,28342.0,1000 Metric Tons
09-21-2026,2024,2020,4,7,soybean-meal,european-union,Feed Waste Domestic Consumption,28300.0,1000 Metric Tons
09-21-2026,2024,2020,4,7,soybean-meal,european-union,Food Use Domestic Consumption,32.0,1000 Metric Tons
09-21-2026,2024,2020,3,6,soybean-meal,china,Crush,91500.0,1000 Metric Tons
09-21-2026,2023,2020,4,7,soybean-meal,canada,Industrial Domestic Consumption,0.0,1000 Metric Tons
09-21-2026,2023,2020,4,7,soybean-meal,canada,Food Use Domestic Consumption,0.0,1000 Metric Tons
09-21-2026,2023,2020,4,7,soybean-meal,canada,Feed Waste Domestic Consumption,2175.0,1000 Metric Tons
09-21-2026,2023,2020,4,7,soybean-meal,canada,Domestic Consumption,2175.0,1000 Metric Tons
09-21-2026,2023,2020,4,7,soybean-meal,canada,Ending Stocks,174.0,1000 Metric Tons
09-21-2026,2023,2020,4,7,soybean-meal,canada,Total Distribution,2678.0,1000 Metric Tons
09-21-2026,2023,2020,4,7,soybean-meal,canada,Soybean Meal Equivalent,2175.0,1000 Metric Tons
09-21-2026,2024,2020,3,6,soybean-meal,china,Extraction Rate,0.792,Percentage (%)
09-21-2026,2023,2020,4,7,soybean-meal,canada,Total Supply,2678.0,1000 Metric Tons
09-21-2026,2024,2020,3,6,soybean-meal,china,Beginning Stocks,729.0,1000 Metric Tons
09-21-2026,2024,2020,3,6,soybean-meal,china,Production,72468.0,1000 Metric Tons
09-21-2026,2024,2020,3,6,soybean-meal,china,Imports,51.0,1000 Metric Tons
09-21-2026,2024,2020,3,6,soybean-meal,china,Total Supply,73248.0,1000 Metric Tons
09-21-2026,2024,2020,3,6,soybean-meal,china,Exports,1012.0,1000 Metric Tons
09-21-2026,2024,2020,3,6,soybean-meal,china,Industrial Domestic Consumption,1115.0,1000 Metric Tons
09-21-2026,2024,2020,3,6,soybean-meal,china,Food Use Domestic Consumption,0.0,1000 Metric Tons
09-21-2026,2023,2020,4,7,soybean-meal,canada,Exports,329.0,1000 Metric Tons
09-21-2026,2023,2020,4,7,soybean-meal,canada,Imports,1117.0,1000 Metric Tons
09-21-2026,2024,2020,3,6,soybean-meal,china,Domestic Consumption,71115.0,1000 Metric Tons
09-21-2026,2023,2020,4,7,soybean-meal,bangladesh,Food Use Domestic Consumption,4.0,1000 Metric Tons
09-21-2026,2023,2020,4,7,soybean-meal,bangladesh,Crush,2300.0,1000 Metric Tons
09-21-2026,2023,2020,4,7,soybean-meal,bangladesh,Extraction Rate,0.7891,Percentage (%)
09-21-2026,2023,2020,4,7,soybean-meal,bangladesh,Production,1815.0,1000 Metric Tons
09-21-2026,2023,2020,4,7,soybean-meal,bangladesh,Imports,509.0,1000 Metric Tons
09-21-2026,2023,2020,4,7,soybean-meal,bangladesh,Total Supply,2408.0,1000 Metric Tons
09-21-2026,2023,2020,4,7,soybean-meal,bangladesh,Exports,0.0,1000 Metric Tons
09-21-2026,2023,2020,4,7,soybean-meal,bangladesh,Industrial Domestic Consumption,0.0,1000 Metric Tons
09-21-2026,2023,2020,4,7,soybean-meal,bangladesh,Feed Waste Domestic Consumption,2150.0,1000 Metric Tons
09-21-2026,2023,2020,4,7,soybean-meal,canada,Production,1366.0,1000 Metric Tons
09-21-2026,2023,2020,4,7,soybean-meal,bangladesh,Domestic Consumption,2154.0,1000 Metric Tons
09-21-2026,2023,2020,4,7,soybean-meal,bangladesh,Ending Stocks,254.0,1000 Metric Tons
09-21-2026,2023,2020,4,7,soybean-meal,bangladesh,Total Distribution,2408.0,1000 Metric Tons
09-21-2026,2023,2020,4,7,soybean-meal,bangladesh,Soybean Meal Equivalent,2150.0,1000 Metric Tons
09-21-2026,2023,2020,4,7,soybean-meal,canada,Crush,1755.0,1000 Metric Tons
09-21-2026,2023,2020,4,7,soybean-meal,canada,Extraction Rate,0.7783,Percentage (%)
09-21-2026,2023,2020,4,7,soybean-meal,canada,Beginning Stocks,195.0,1000 Metric Tons
09-21-2026,2024,2020,3,6,soybean-meal,china,Feed Waste Domestic Consumption,70000.0,1000 Metric Tons
09-21-2026,2024,2020,3,6,soybean-meal,china,Ending Stocks,1121.0,1000 Metric Tons
09-21-2026,2024,2020,4,7,soybean-meal,european-union,Industrial Domestic Consumption,10.0,1000 Metric Tons
09-21-2026,2025,2020,12,3,soybean-meal,egypt,Total Distribution,4172.0,1000 Metric Tons
09-21-2026,2025,2020,12,3,soybean-meal,egypt,Total Supply,4172.0,1000 Metric Tons
09-21-2026,2025,2020,12,3,soybean-meal,egypt,Exports,30.0,1000 Metric Tons
09-21-2026,2025,2020,12,3,soybean-meal,egypt,Industrial Domestic Consumption,0.0,1000 Metric Tons
09-21-2026,2025,2020,12,3,soybean-meal,egypt,Food Use Domestic Consumption,0.0,1000 Metric Tons
09-21-2026,2025,2020,12,3,soybean-meal,egypt,Feed Waste Domestic Consumption,3500.0,1000 Metric Tons
09-21-2026,2025,2020,12,3,soybean-meal,egypt,Domestic Consumption,3500.0,1000 Metric Tons
09-21-2026,2025,2020,12,3,soybean-meal,egypt,Ending Stocks,642.0,1000 Metric Tons
09-21-2026,2025,2020,12,3,soybean-meal,egypt,Soybean Meal Equivalent,3500.0,1000 Metric Tons
09-21-2026,2025,2020,12,3,soybean-meal,egypt,Production,3715.0,1000 Metric Tons
09-21-2026,2024,2020,4,7,soybean-meal,european-union,Crush,15600.0,1000 Metric Tons
09-21-2026,2024,2020,4,7,soybean-meal,european-union,Extraction Rate,0.79,Percentage (%)
09-21-2026,2024,2020,4,7,soybean-meal,european-union,Beginning Stocks,1228.0,1000 Metric Tons
09-21-2026,2024,2020,4,7,soybean-meal,european-union,Production,12324.0,1000 Metric Tons
09-21-2026,2024,2020,4,7,soybean-meal,european-union,Imports,16329.0,1000 Metric Tons
09-21-2026,2024,2020,4,7,soybean-meal,european-union,Total Supply,29881.0,1000 Metric Tons
09-21-2026,2024,2020,4,7,soybean-meal,european-union,Exports,874.0,1000 Metric Tons
09-21-2026,2025,2020,12,3,soybean-meal,egypt,Imports,317.0,1000 Metric Tons
09-21-2026,2025,2020,12,3,soybean-meal,egypt,Beginning Stocks,140.0,1000 Metric Tons
09-21-2026,2024,2020,3,6,soybean-meal,china,Total Distribution,73248.0,1000 Metric Tons
09-21-2026,2022,2020,11,2,soybean-meal,colombia,Exports,1.0,1000 Metric Tons
09-21-2026,2024,2020,3,6,soybean-meal,china,Soybean Meal Equivalent,70000.0,1000 Metric Tons
09-21-2026,2022,2020,11,2,soybean-meal,colombia,Crush,530.0,1000 Metric Tons
09-21-2026,2022,2020,11,2,soybean-meal,colombia,Extraction Rate,0.7849,Percentage (%)
09-21-2026,2022,2020,11,2,soybean-meal,colombia,Beginning Stocks,161.0,1000 Metric Tons
09-21-2026,2022,2020,11,2,soybean-meal,colombia,Production,416.0,1000 Metric Tons
09-21-2026,2022,2020,11,2,soybean-meal,colombia,Imports,1509.0,1000 Metric Tons
09-21-2026,2022,2020,11,2,soybean-meal,colombia,Total Supply,2086.0,1000 Metric Tons
09-21-2026,2022,2020,11,2,soybean-meal,colombia,Industrial Domestic Consumption,0.0,1000 Metric Tons
09-21-2026,2025,2020,12,3,soybean-meal,egypt,Extraction Rate,0.7904,Percentage (%)
09-21-2026,2022,2020,11,2,soybean-meal,colombia,Food Use Domestic Consumption,0.0,1000 Metric Tons
09-21-2026,2022,2020,11,2,soybean-meal,colombia,Feed Waste Domestic Consumption,1925.0,1000 Metric Tons
09-21-2026,2022,2020,11,2,soybean-meal,colombia,Domestic Consumption,1925.0,1000 Metric Tons
09-21-2026,2022,2020,11,2,soybean-meal,colombia,Ending Stocks,160.0,1000 Metric Tons
09-21-2026,2022,2020,11,2,soybean-meal,colombia,Total Distribution,2086.0,1000 Metric Tons
09-21-2026,2022,2020,11,2,soybean-meal,colombia,Soybean Meal Equivalent,1925.0,1000 Metric Tons
09-21-2026,2025,2020,12,3,soybean-meal,egypt,Crush,4700.0,1000 Metric Tons
09-21-2026,2025,2020,12,3,soybean-meal,nigeria,Imports,0.0,1000 Metric Tons
09-21-2026,2025,2020,12,3,soybean-meal,nigeria,Exports,96.0,1000 Metric Tons
09-21-2026,2023,2020,12,3,soybean-oil,egypt,Beginning Stocks,62.0,1000 Metric Tons
09-21-2026,2025,2020,12,3,soybean-meal,nigeria,Industrial Domestic Consumption,0.0,1000 Metric Tons
09-21-2026,2024,2020,4,7,soybean-meal,vietnam,Ending Stocks,331.0,1000 Metric Tons
09-21-2026,2024,2020,4,7,soybean-meal,vietnam,Total Distribution,6633.0,1000 Metric Tons
09-21-2026,2024,2020,4,7,soybean-meal,vietnam,Soybean Meal Equivalent,6150.0,1000 Metric Tons
09-21-2026,2023,2020,4,7,soybean-oil,bangladesh,Crush,2300.0,1000 Metric Tons
09-21-2026,2023,2020,4,7,soybean-oil,bangladesh,Extraction Rate,0.1739,Percentage (%)
09-21-2026,2023,2020,4,7,soybean-oil,bangladesh,Beginning Stocks,291.0,1000 Metric Tons
09-21-2026,2023,2020,4,7,soybean-oil,bangladesh,Production,400.0,1000 Metric Tons
09-21-2026,2023,2020,4,7,soybean-oil,bangladesh,Imports,696.0,1000 Metric Tons
09-21-2026,2023,2020,4,7,soybean-oil,bangladesh,Total Supply,1387.0,1000 Metric Tons
09-21-2026,2023,2020,4,7,soybean-oil,bangladesh,Exports,9.0,1000 Metric Tons
09-21-2026,2023,2020,4,7,soybean-oil,bangladesh,Industrial Domestic Consumption,114.0,1000 Metric Tons
09-21-2026,2023,2020,4,7,soybean-oil,bangladesh,Food Use Domestic Consumption,1150.0,1000 Metric Tons
09-21-2026,2023,2020,4,7,soybean-oil,bangladesh,Feed Waste Domestic Consumption,0.0,1000 Metric Tons
09-21-2026,2023,2020,4,7,soybean-oil,bangladesh,Domestic Consumption,1264.0,1000 Metric Tons
09-21-2026,2023,2020,4,7,soybean-oil,bangladesh,Ending Stocks,114.0,1000 Metric Tons
09-21-2026,2023,2020,4,7,soybean-oil,bangladesh,Total Distribution,1387.0,1000 Metric Tons
09-21-2026,2024,2020,8,11,soybean-oil,canada,Crush,1755.0,1000 Metric Tons
09-21-2026,2024,2020,4,7,soybean-meal,vietnam,Domestic Consumption,6230.0,1000 Metric Tons
09-21-2026,2024,2020,4,7,soybean-meal,vietnam,Feed Waste Domestic Consumption,6150.0,1000 Metric Tons
09-21-2026,2024,2020,4,7,soybean-meal,vietnam,Food Use Domestic Consumption,80.0,1000 Metric Tons
09-21-2026,2023,2020,4,7,soybean-meal,united-states,Total Distribution,47303.0,1000 Metric Tons
09-21-2026,2023,2020,4,7,soybean-meal,united-states,Total Supply,47303.0,1000 Metric Tons
09-21-2026,2023,2020,4,7,soybean-meal,united-states,Exports,12549.0,1000 Metric Tons
09-21-2026,2023,2020,4,7,soybean-meal,united-states,Industrial Domestic Consumption,0.0,1000 Metric Tons
09-21-2026,2023,2020,4,7,soybean-meal,united-states,Food Use Domestic Consumption,0.0,1000 Metric Tons
09-21-2026,2023,2020,4,7,soybean-meal,united-states,Feed Waste Domestic Consumption,34444.0,1000 Metric Tons
09-21-2026,2023,2020,4,7,soybean-meal,united-states,Domestic Consumption,34444.0,1000 Metric Tons
09-21-2026,2023,2020,4,7,soybean-meal,united-states,Ending Stocks,310.0,1000 Metric Tons
09-21-2026,2023,2020,4,7,soybean-meal,united-states,Soybean Meal Equivalent,34444.0,1000 Metric Tons
09-21-2026,2024,2020,4,7,soybean-meal,vietnam,Industrial Domestic Consumption,0.0,1000 Metric Tons
09-21-2026,2024,2020,4,7,soybean-meal,vietnam,Crush,1250.0,1000 Metric Tons
09-21-2026,2024,2020,4,7,soybean-meal,vietnam,Extraction Rate,0.7808,Percentage (%)
09-21-2026,2024,2020,4,7,soybean-meal,vietnam,Beginning Stocks,321.0,1000 Metric Tons
09-21-2026,2024,2020,4,7,soybean-meal,vietnam,Production,976.0,1000 Metric Tons
09-21-2026,2024,2020,4,7,soybean-meal,vietnam,Imports,5336.0,1000 Metric Tons
09-21-2026,2024,2020,4,7,soybean-meal,vietnam,Total Supply,6633.0,1000 Metric Tons
09-21-2026,2024,2020,4,7,soybean-meal,vietnam,Exports,72.0,1000 Metric Tons
09-21-2026,2024,2020,8,11,soybean-oil,canada,Extraction Rate,0.1823,Percentage (%)
09-21-2026,2024,2020,8,11,soybean-oil,canada,Beginning Stocks,32.0,1000 Metric Tons
09-21-2026,2024,2020,8,11,soybean-oil,canada,Production,320.0,1000 Metric Tons
09-21-2026,2022,2020,3,6,soybean-oil,colombia,Exports,76.0,1000 Metric Tons
09-21-2026,2024,2020,3,6,soybean-oil,china,Total Distribution,18032.0,1000 Metric Tons
09-21-2026,2022,2020,3,6,soybean-oil,colombia,Crush,530.0,1000 Metric Tons
09-21-2026,2022,2020,3,6,soybean-oil,colombia,Extraction Rate,0.1868,Percentage (%)
09-21-2026,2022,2020,3,6,soybean-oil,colombia,Beginning Stocks,145.0,1000 Metric Tons
09-21-2026,2022,2020,3,6,soybean-oil,colombia,Production,99.0,1000 Metric Tons
09-21-2026,2022,2020,3,6,soybean-oil,colombia,Imports,387.0,1000 Metric Tons
09-21-2026,2022,2020,3,6,soybean-oil,colombia,Total Supply,631.0,1000 Metric Tons
09-21-2026,2022,2020,3,6,soybean-oil,colombia,Industrial Domestic Consumption,0.0,1000 Metric Tons
09-21-2026,2024,2020,3,6,soybean-oil,china,Domestic Consumption,17100.0,1000 Metric Tons
09-21-2026,2022,2020,3,6,soybean-oil,colombia,Food Use Domestic Consumption,410.0,1000 Metric Tons
09-21-2026,2022,2020,3,6,soybean-oil,colombia,Feed Waste Domestic Consumption,0.0,1000 Metric Tons
09-21-2026,2022,2020,3,6,soybean-oil,colombia,Domestic Consumption,410.0,1000 Metric Tons
09-21-2026,2022,2020,3,6,soybean-oil,colombia,Ending Stocks,145.0,1000 Metric Tons
09-21-2026,2022,2020,3,6,soybean-oil,colombia,Total Distribution,631.0,1000 Metric Tons
09-21-2026,2023,2020,12,3,soybean-oil,egypt,Crush,4700.0,1000 Metric Tons
09-21-2026,2023,2020,12,3,soybean-oil,egypt,Extraction Rate,0.1819,Percentage (%)
09-21-2026,2024,2020,3,6,soybean-oil,china,Ending Stocks,777.0,1000 Metric Tons
09-21-2026,2024,2020,3,6,soybean-oil,china,Feed Waste Domestic Consumption,0.0,1000 Metric Tons
09-21-2026,2024,2020,8,11,soybean-oil,canada,Imports,27.0,1000 Metric Tons
09-21-2026,2024,2020,8,11,soybean-oil,canada,Total Distribution,379.0,1000 Metric Tons
09-21-2026,2024,2020,8,11,soybean-oil,canada,Total Supply,379.0,1000 Metric Tons
09-21-2026,2024,2020,8,11,soybean-oil,canada,Exports,144.0,1000 Metric Tons
09-21-2026,2024,2020,8,11,soybean-oil,canada,Industrial Domestic Consumption,0.0,1000 Metric Tons
09-21-2026,2024,2020,8,11,soybean-oil,canada,Food Use Domestic Consumption,225.0,1000 Metric Tons
09-21-2026,2024,2020,8,11,soybean-oil,canada,Feed Waste Domestic Consumption,0.0,1000 Metric Tons
09-21-2026,2024,2020,8,11,soybean-oil,canada,Domestic Consumption,225.0,1000 Metric Tons
09-21-2026,2024,2020,8,11,soybean-oil,canada,Ending Stocks,10.0,1000 Metric Tons
09-21-2026,2024,2020,3,6,soybean-oil,china,Crush,91500.0,1000 Metric Tons
09-21-2026,2024,2020,3,6,soybean-oil,china,Food Use Domestic Consumption,17100.0,1000 Metric Tons
09-21-2026,2024,2020,3,6,soybean-oil,china,Extraction Rate,0.1792,Percentage (%)
09-21-2026,2024,2020,3,6,soybean-oil,china,Beginning Stocks,637.0,1000 Metric Tons
09-21-2026,2024,2020,3,6,soybean-oil,china,Production,16397.0,1000 Metric Tons
09-21-2026,2024,2020,3,6,soybean-oil,china,Imports,998.0,1000 Metric Tons
09-21-2026,2024,2020,3,6,soybean-oil,china,Total Supply,18032.0,1000 Metric Tons
09-21-2026,2024,2020,3,6,soybean-oil,china,Exports,155.0,1000 Metric Tons
09-21-2026,2024,2020,3,6,soybean-oil,china,Industrial Domestic Consumption,0.0,1000 Metric Tons
09-21-2026,2023,2020,4,7,soybean-meal,united-states,Imports,580.0,1000 Metric Tons
09-21-2026,2023,2020,4,7,soybean-meal,united-states,Production,46358.0,1000 Metric Tons
09-21-2026,2023,2020,4,7,soybean-meal,united-states,Beginning Stocks,365.0,1000 Metric Tons
09-21-2026,2023,2020,5,8,soybean-meal,philippines,Food Use Domestic Consumption,0.0,1000 Metric Tons
09-21-2026,2023,2020,5,8,soybean-meal,philippines,Crush,90.0,1000 Metric Tons
09-21-2026,2023,2020,5,8,soybean-meal,philippines,Extraction Rate,0.7778,Percentage (%)
09-21-2026,2023,2020,5,8,soybean-meal,philippines,Production,70.0,1000 Metric Tons
09-21-2026,2023,2020,5,8,soybean-meal,philippines,Imports,2906.0,1000 Metric Tons
09-21-2026,2023,2020,5,8,soybean-meal,philippines,Total Supply,3077.0,1000 Metric Tons
09-21-2026,2023,2020,5,8,soybean-meal,philippines,Exports,0.0,1000 Metric Tons
09-21-2026,2023,2020,5,8,soybean-meal,philippines,Industrial Domestic Consumption,0.0,1000 Metric Tons
09-21-2026,2023,2020,5,8,soybean-meal,philippines,Feed Waste Domestic Consumption,2900.0,1000 Metric Tons
09-21-2026,2026,2020,4,7,soybean-meal,pakistan,Total Distribution,1882.0,1000 Metric Tons
09-21-2026,2023,2020,5,8,soybean-meal,philippines,Domestic Consumption,2900.0,1000 Metric Tons
09-21-2026,2023,2020,5,8,soybean-meal,philippines,Ending Stocks,177.0,1000 Metric Tons
09-21-2026,2023,2020,5,8,soybean-meal,philippines,Total Distribution,3077.0,1000 Metric Tons
09-21-2026,2023,2020,5,8,soybean-meal,philippines,Soybean Meal Equivalent,2900.0,1000 Metric Tons
09-21-2026,2024,2020,10,1,soybean-meal,south-korea,Crush,1035.0,1000 Metric Tons
09-21-2026,2024,2020,10,1,soybean-meal,south-korea,Extraction Rate,0.7179,Percentage (%)
09-21-2026,2024,2020,10,1,soybean-meal,south-korea,Beginning Stocks,208.0,1000 Metric Tons
09-21-2026,2026,2020,4,7,soybean-meal,pakistan,Soybean Meal Equivalent,1750.0,1000 Metric Tons
09-21-2026,2026,2020,4,7,soybean-meal,pakistan,Ending Stocks,114.0,1000 Metric Tons
09-21-2026,2024,2020,10,1,soybean-meal,south-korea,Imports,1992.0,1000 Metric Tons
09-21-2026,2026,2020,4,7,soybean-meal,pakistan,Extraction Rate,0.78,Percentage (%)
09-21-2026,2025,2020,12,3,soybean-meal,nigeria,Food Use Domestic Consumption,0.0,1000 Metric Tons
09-21-2026,2025,2020,12,3,soybean-meal,nigeria,Feed Waste Domestic Consumption,500.0,1000 Metric Tons
09-21-2026,2025,2020,12,3,soybean-meal,nigeria,Domestic Consumption,500.0,1000 Metric Tons
09-21-2026,2025,2020,12,3,soybean-meal,nigeria,Ending Stocks,50.0,1000 Metric Tons
09-21-2026,2025,2020,12,3,soybean-meal,nigeria,Total Distribution,646.0,1000 Metric Tons
09-21-2026,2025,2020,12,3,soybean-meal,nigeria,Soybean Meal Equivalent,500.0,1000 Metric Tons
09-21-2026,2026,2020,4,7,soybean-meal,pakistan,Crush,2300.0,1000 Metric Tons
09-21-2026,2026,2020,4,7,soybean-meal,pakistan,Beginning Stocks,88.0,1000 Metric Tons
09-21-2026,2026,2020,4,7,soybean-meal,pakistan,Domestic Consumption,1750.0,1000 Metric Tons
09-21-2026,2026,2020,4,7,soybean-meal,pakistan,Production,1794.0,1000 Metric Tons
09-21-2026,2026,2020,4,7,soybean-meal,pakistan,Imports,0.0,1000 Metric Tons
09-21-2026,2026,2020,4,7,soybean-meal,pakistan,Total Supply,1882.0,1000 Metric Tons
09-21-2026,2026,2020,4,7,soybean-meal,pakistan,Exports,18.0,1000 Metric Tons
09-21-2026,2026,2020,4,7,soybean-meal,pakistan,Industrial Domestic Consumption,0.0,1000 Metric Tons
09-21-2026,2026,2020,4,7,soybean-meal,pakistan,Food Use Domestic Consumption,0.0,1000 Metric Tons
09-21-2026,2026,2020,4,7,soybean-meal,pakistan,Feed Waste Domestic Consumption,1750.0,1000 Metric Tons
09-21-2026,2024,2020,10,1,soybean-meal,south-korea,Production,743.0,1000 Metric Tons
09-21-2026,2024,2020,10,1,soybean-meal,south-korea,Total Supply,2943.0,1000 Metric Tons
09-21-2026,2023,2020,4,7,soybean-meal,united-states,Extraction Rate,0.7869,Percentage (%)
09-21-2026,2023,2020,5,8,soybean-meal,thailand,Exports,47.0,1000 Metric Tons
09-21-2026,2023,2020,4,7,soybean-meal,taiwan,Soybean Meal Equivalent,1700.0,1000 Metric Tons
09-21-2026,2023,2020,5,8,soybean-meal,thailand,Crush,2610.0,1000 Metric Tons
09-21-2026,2023,2020,5,8,soybean-meal,thailand,Extraction Rate,0.7797,Percentage (%)
09-21-2026,2023,2020,5,8,soybean-meal,thailand,Beginning Stocks,126.0,1000 Metric Tons
09-21-2026,2023,2020,5,8,soybean-meal,thailand,Production,2035.0,1000 Metric Tons
09-21-2026,2023,2020,5,8,soybean-meal,thailand,Imports,2854.0,1000 Metric Tons
09-21-2026,2023,2020,5,8,soybean-meal,thailand,Total Supply,5015.0,1000 Metric Tons
09-21-2026,2023,2020,5,8,soybean-meal,thailand,Industrial Domestic Consumption,0.0,1000 Metric Tons
09-21-2026,2023,2020,4,7,soybean-meal,taiwan,Ending Stocks,60.0,1000 Metric Tons
09-21-2026,2023,2020,5,8,soybean-meal,thailand,Food Use Domestic Consumption,0.0,1000 Metric Tons
09-21-2026,2023,2020,5,8,soybean-meal,thailand,Feed Waste Domestic Consumption,4795.0,1000 Metric Tons
09-21-2026,2023,2020,5,8,soybean-meal,thailand,Domestic Consumption,4795.0,1000 Metric Tons
09-21-2026,2023,2020,5,8,soybean-meal,thailand,Ending Stocks,173.0,1000 Metric Tons
09-21-2026,2023,2020,5,8,soybean-meal,thailand,Total Distribution,5015.0,1000 Metric Tons
09-21-2026,2023,2020,5,8,soybean-meal,thailand,Soybean Meal Equivalent,4795.0,1000 Metric Tons
09-21-2026,2023,2020,4,7,soybean-meal,united-states,Crush,58910.0,1000 Metric Tons
09-21-2026,2023,2020,4,7,soybean-meal,taiwan,Total Distribution,1768.0,1000 Metric Tons
09-21-2026,2023,2020,4,7,soybean-meal,taiwan,Domestic Consumption,1700.0,1000 Metric Tons
09-21-2026,2024,2020,10,1,soybean-meal,south-korea,Exports,44.0,1000 Metric Tons
09-21-2026,2023,2020,4,7,soybean-meal,taiwan,Crush,2080.0,1000 Metric Tons
09-21-2026,2024,2020,10,1,soybean-meal,south-korea,Industrial Domestic Consumption,0.0,1000 Metric Tons
09-21-2026,2024,2020,10,1,soybean-meal,south-korea,Food Use Domestic Consumption,25.0,1000 Metric Tons
09-21-2026,2024,2020,10,1,soybean-meal,south-korea,Feed Waste Domestic Consumption,2560.0,1000 Metric Tons
09-21-2026,2024,2020,10,1,soybean-meal,south-korea,Domestic Consumption,2585.0,1000 Metric Tons
09-21-2026,2024,2020,10,1,soybean-meal,south-korea,Ending Stocks,314.0,1000 Metric Tons
09-21-2026,2024,2020,10,1,soybean-meal,south-korea,Total Distribution,2943.0,1000 Metric Tons
09-21-2026,2024,2020,10,1,soybean-meal,south-korea,Soybean Meal Equivalent,2560.0,1000 Metric Tons
09-21-2026,2023,2020,4,7,soybean-meal,taiwan,Extraction Rate,0.7861,Percentage (%)
09-21-2026,2023,2020,4,7,soybean-meal,taiwan,Feed Waste Domestic Consumption,1700.0,1000 Metric Tons
09-21-2026,2023,2020,4,7,soybean-meal,taiwan,Beginning Stocks,46.0,1000 Metric Tons
09-21-2026,2023,2020,4,7,soybean-meal,taiwan,Production,1635.0,1000 Metric Tons
09-21-2026,2023,2020,4,7,soybean-meal,taiwan,Imports,87.0,1000 Metric Tons
09-21-2026,2023,2020,4,7,soybean-meal,taiwan,Total Supply,1768.0,1000 Metric Tons
09-21-2026,2023,2020,4,7,soybean-meal,taiwan,Exports,8.0,1000 Metric Tons
09-21-2026,2023,2020,4,7,soybean-meal,taiwan,Industrial Domestic Consumption,0.0,1000 Metric Tons
09-21-2026,2023,2020,4,7,soybean-meal,taiwan,Food Use Domestic Consumption,0.0,1000 Metric Tons
09-21-2026,2023,2020,4,7,soybean-meal,bangladesh,Beginning Stocks,84.0,1000 Metric Tons
